row_number	crash_date	crash_report_id	crash_time	collision_type	count_pedestrian	count_bicycle	scooter	wheel_chair	number_of_vehicles	street_or_highway	nearest_intersection	report_date	type_of_roadway	road_surface_condition	light_condition	weather_condition	manner_of_impact	hit_and_run	traffic_control	person_count	injury_count	most_serious_injury	number_of_lanes	lat_raw	lon_raw	has_st_number	is_intersection_null	address_sent_to_geocoder	api_coord_conf	best_coordinate_set	reason_for_qa	manually_qaed_record	final_lat	final_lon	year	month	pvd_nhood	pvd_wards
3646	2010-07-08	34273	16:42:00	Bicycle	NA	1	FALSE	FALSE	1	PONTIAC AVE	RUTHERGLEN AVE	2010-07-09	Two-Way, Divided, Unprotected (painted>4feet) Medium	Dry	Daylight	Clear	Angle (Front - to - Side) Right Angle (Includes Broadside)	No	Stop Signs	2	1	Pain Reported	NA	41.78747	-71.43153	FALSE	FALSE	Pontiac Ave and Rutherglen Ave, Providence, RI, USA	Med High	Raw	NA	FALSE	41.78747	-71.43153	2010	July	Reservoir	8
3645	2010-07-10	34345	01:58:00	Pedestrian	1	NA	FALSE	FALSE	1	BROAD ST	PENNSYLVANIA AVE	2010-07-10	Two-Way , Not Divided	Dry	Dark - Lighted	Clear	Other	No	Pavement Markings	2	1	Pain Reported	2	41.79747	-71.41377	FALSE	FALSE	Broad Street and Pennsylvania Ave, Providence, RI, USA	Med	Raw	NA	FALSE	41.79747	-71.41377	2010	July	Elmwood	9
3644	2010-07-11	34393	20:36:00	Bicycle	NA	2	FALSE	FALSE	1	STATE HWY 10 N EXIT	PONTIAC AVE	2010-07-11	Two-Way , Not Divided	Dry	Dark - Lighted	Clear	Angle (Front - to - Side) Same Direction	Yes	No Controls	2	2	Pain Reported	NA	41.78753	-71.43245	FALSE	FALSE	State Hwy 10 N Exit and Pontiac Ave, Providence, RI, USA	Med	Raw	distance greater than 100m	TRUE	41.78753	-71.43245	2010	July	Reservoir	8
3643	2010-07-16	34824	07:53:00	Pedestrian	1	NA	FALSE	FALSE	1	JILLSON ST	EDDY ST	2010-07-16	Two-Way , Not Divided	Wet	Daylight	Clear	Angle (Front - to - Side) Same Direction	No	Stop Signs	3	1	Pain Reported	NA	41.7914	-71.40344	FALSE	FALSE	Jillson Street and Eddy Street, Providence, RI, USA	Med High	Raw	NA	FALSE	41.7914	-71.40344	2010	July	Washington Park	10
3642	2010-07-18	34961	08:54:00	Pedestrian	1	NA	FALSE	FALSE	1	HOPE ST	CYPRESS ST	2010-07-18	Two-Way , Not Divided	Dry	Daylight	Clear	Head-On (Front - to - Front)	No	Traffic Control Signal	4	1	Non-Incapacitating	NA	41.84102	-71.39899	FALSE	FALSE	Hope Street and Cypress Street, Providence, RI, USA	Med High	Raw	NA	FALSE	41.84102	-71.39899	2010	July	Mount Hope	3
3640	2010-07-20	35248	17:55:00	Bicycle	1	NA	FALSE	FALSE	1	CHALKSTONE AVE	MANTON AVE	2010-07-21	Two-Way , Not Divided	Dry	Daylight	Clear	Not a Collision Between Two Motor Vehicles in Transport	No	No Controls	3	0	No Injury	2	41.83393	-71.46626	FALSE	FALSE	Chalkstone Ave and Manton Ave, Providence, RI, USA	Med High	Raw	NA	FALSE	41.83393	-71.46626	2010	July	Manton	5
3641	2010-07-20	35302	16:45:00	Bicycle	NA	1	FALSE	FALSE	1	WESTMINSTER ST	PARADE ST	2010-07-22	Two-Way , Not Divided	Dry	Daylight	Clear	Not a Collision Between Two Motor Vehicles in Transport	No	No Controls	2	1	Non-Incapacitating	2	41.81634	-71.43354	FALSE	FALSE	Westminster Street and Parade Street, Providence, RI, USA	Med High	Raw	NA	FALSE	41.81634	-71.43354	2010	July	West End	13
3639	2010-07-21	35223	12:50:00	Pedestrian	1	NA	FALSE	FALSE	1	CENTRAL ST	PEARL ST	2010-07-21	Two-Way , Not Divided	Dry	Daylight	Clear	Not a Collision Between Two Motor Vehicles in Transport	No	No Controls	5	1	Non-Incapacitating	NA	41.81502	-71.42132	FALSE	FALSE	Central Street and Pearl Street, Providence, RI, USA	Med High	Raw	NA	FALSE	41.81502	-71.42132	2010	July	West End	11
3638	2010-07-22	35256	01:28:00	Pedestrian	1	NA	FALSE	FALSE	1	RICHMOND ST	FRIENDSHIP ST	2010-07-22	One-Way Trafficway	Dry	Dark - Lighted	Cloudy	Unknown	Yes	Traffic Control Signal	1	1	Non-Incapacitating	NA	41.82023	-71.41111	FALSE	FALSE	Richmond Street and Friendship Street, Providence, RI, USA	Med High	Raw	NA	FALSE	41.82023	-71.41111	2010	July	Downtown	1
3634	2010-07-24	35500	21:10:00	Bicycle	NA	1	FALSE	FALSE	1	BROAD ST	THURBERS AVE	2010-07-24	Two-Way , Not Divided	Dry	Dark - Lighted	Clear	Not a Collision Between Two Motor Vehicles in Transport	No	Traffic Control Signal	3	1	Pain Reported	2	41.7982	-71.41467	FALSE	FALSE	Broad Street and Thurbers Ave, Providence, RI, USA	Med	Raw	NA	FALSE	41.7982	-71.41467	2010	July	Elmwood	9
3635	2010-07-24	35509	22:24:00	Pedestrian	1	NA	FALSE	FALSE	1	Broad Street	COMSTOCK AVE	2010-07-24	Two-Way , Not Divided	Dry	Dark - Lighted	Clear	Other	Yes	No Controls	1	1	Incapacitating	NA	41.80953	-71.42094	FALSE	FALSE	Broad Street and Comstock Ave, Providence, RI, USA	Med	Raw	NA	FALSE	41.80953	-71.42094	2010	July	Elmwood	11
3636	2010-07-24	35724	12:33:00	Bicycle	1	NA	FALSE	FALSE	1	MANTON AVE	CHAFFEE ST	2010-07-24	Two-Way , Not Divided	Dry	Daylight	Cloudy	Other	Yes	No Controls	2	1	Pain Reported	NA	41.81844	-71.44528	FALSE	FALSE	Manton Ave and Chaffee Street, Providence, RI, USA	Med High	Raw	NA	FALSE	41.81844	-71.44528	2010	July	Olneyville	15
3637	2010-07-24	35928	22:33:00	Bicycle	NA	1	FALSE	FALSE	1	JOHN ST	BROOK ST	2010-07-28	Two-Way , Not Divided	Dry	Daylight	Clear	Angle (Front - to - Side) Right Angle (Includes Broadside)	No	No Controls	2	1	Pain Reported	NA	41.82177	-71.39849	FALSE	FALSE	John Street and Brook Street, Providence, RI, USA	Med	Raw	NA	FALSE	41.82177	-71.39849	2010	July	Fox Point	1
3633	2010-07-25	35599	15:11:00	Pedestrian	2	NA	FALSE	FALSE	1	CROWNINSHIELD ST	IDA ST	2010-07-25	Two-Way , Not Divided	Dry	Daylight	Cloudy	Not a Collision Between Two Motor Vehicles in Transport	Yes	No Controls	2	2	Pain Reported	NA	41.81777	-71.45788	FALSE	FALSE	Crowninshield Street and Ida Street, Providence, RI, USA	Med High	Raw	NA	FALSE	41.81777	-71.45788	2010	July	Hartford	7
3631	2010-07-27	35730	08:35:00	Bicycle	NA	1	FALSE	FALSE	1	HARTFORD AVE	KING PHILIP ST	2010-07-27	Two-Way , Not Divided	Dry	Daylight	Clear	Not a Collision Between Two Motor Vehicles in Transport	No	Stop Signs	3	1	Pain Reported	2	41.81955	-71.4656	FALSE	FALSE	Hartford Ave and King Philip Street, Providence, RI, USA	Med High	Raw	NA	FALSE	41.81955	-71.4656	2010	July	Hartford	7
3632	2010-07-27	35789	17:25:00	Bicycle	NA	1	FALSE	FALSE	1	HARRIS AVE	ATWELLS AVE	2010-07-27	One-Way Trafficway	Dry	Daylight	Clear	Angle (Front - to - Side) Right Angle (Includes Broadside)	No	Traffic Control Signal	4	1	Pain Reported	2	41.82449	-71.43538	FALSE	FALSE	Harris Ave and Atwells Ave, Providence, RI, USA	Med High	Raw	NA	FALSE	41.82449	-71.43538	2010	July	Olneyville	13
3630	2010-07-28	35875	09:15:00	Bicycle	NA	1	FALSE	FALSE	1	BROAD ST	PORTLAND ST	2010-07-28	Two-Way , Not Divided	Dry	Daylight	Clear	Not a Collision Between Two Motor Vehicles in Transport	No	No Controls	3	1	Pain Reported	NA	41.81415	-71.4213	FALSE	FALSE	Broad Street and Portland Street, Providence, RI, USA	Med	Raw	NA	FALSE	41.81415	-71.4213	2010	July	West End	11
3629	2010-07-29	36058	18:52:00	Pedestrian	1	NA	FALSE	FALSE	1	DABOLL ST	BUCKLIN ST	2010-07-29	Two-Way , Not Divided	Dry	Daylight	Clear	Not a Collision Between Two Motor Vehicles in Transport	No	No Controls	3	1	Non-Incapacitating	NA	41.80407	-71.42883	FALSE	FALSE	Daboll Street and Bucklin Street, Providence, RI, USA	Med High	Raw	NA	FALSE	41.80407	-71.42883	2010	July	West End	8
3626	2010-07-30	36082	08:40:00	Bicycle	NA	1	FALSE	FALSE	2	HOPE ST	LLOYD AVE	2010-07-30	Two-Way , Not Divided	Dry	Daylight	Clear	Sideswipe, Same Direction	No	No Controls	2	1	Pain Reported	NA	41.83131	-71.39955	FALSE	FALSE	Hope Street and Lloyd Ave, Providence, RI, USA	Med High	Raw	NA	FALSE	41.83131	-71.39955	2010	July	College Hill	2
3627	2010-07-30	36115	15:04:00	Bicycle	1	NA	FALSE	FALSE	1	AMHERST ST	JULIAN ST	2010-07-30	Two-Way , Not Divided	Dry	Daylight	Clear	Angle (Front - to - Side) Right Angle (Includes Broadside)	No	No Controls	2	1	Pain Reported	NA	41.82334	-71.44451	FALSE	FALSE	Amherst Street and Julian Street, Providence, RI, USA	Med High	Raw	NA	FALSE	41.82334	-71.44451	2010	July	Olneyville	15
3628	2010-07-30	36116	15:27:00	Bicycle	NA	1	FALSE	FALSE	1	LABAN ST	LAUREL HILL AVE	2010-07-30	Two-Way , Not Divided	Dry	Daylight	Clear	Rear End(Front-to-Rear)	Yes	No Controls	1	1	Pain Reported	2	41.81457	-71.45568	FALSE	FALSE	Laban Street and Laurel Hill Ave, Providence, RI, USA	Med High	Raw	NA	FALSE	41.81457	-71.45568	2010	July	Hartford	7
3625	2010-08-02	36348	17:30:00	Pedestrian	2	NA	FALSE	FALSE	1	ELMWOOD AVE	PRINCETON AVE	2010-08-02	Two-Way , Not Divided	Dry	Daylight	Clear	Other	Yes	No Controls	2	2	Pain Reported	4	41.80507	-71.4253	FALSE	FALSE	Elmwood Ave and Princeton Ave, Providence, RI, USA	Med High	Raw	NA	FALSE	41.80507	-71.4253	2010	August	West End	9
3624	2010-08-03	36400	18:15:00	Bicycle	NA	1	FALSE	FALSE	1	PRINCETON AVE	BROAD ST	2010-08-03	Two-Way , Not Divided	Dry	Daylight	Clear	Not a Collision Between Two Motor Vehicles in Transport	No	No Controls	2	1	Pain Reported	2	41.80547	-71.41978	FALSE	FALSE	Princeton Ave and Broad Street, Providence, RI, USA	Med High	Raw	NA	FALSE	41.80547	-71.41978	2010	August	Elmwood	9
3623	2010-08-04	36587	15:05:00	Bicycle	NA	1	FALSE	FALSE	1	BROAD ST	HOMER ST	2010-08-04	Two-Way, Not Divided With a Continuous Left Turn Lane	Dry	Daylight	Clear	Not a Collision Between Two Motor Vehicles in Transport	Yes	No Controls	1	1	Non-Incapacitating	3	41.78884	-71.40402	FALSE	FALSE	Broad Street and Homer Street, Providence, RI, USA	Med	Raw	NA	FALSE	41.78884	-71.40402	2010	August	Washington Park	10
3622	2010-08-05	36644	15:15:00	Pedestrian	1	NA	FALSE	FALSE	1	BRANCH AVE	VEAZIE ST	2010-08-05	Two-Way , Not Divided	Dry	Daylight	Cloudy	Other	Yes	Stop Signs	2	1	Pain Reported	2	41.85472	-71.4347	FALSE	FALSE	Branch Ave and Veazie Street, Providence, RI, USA	Med High	Raw	NA	FALSE	41.85472	-71.4347	2010	August	Wanskuck	14
3619	2010-08-07	36774	11:51:00	Pedestrian	1	NA	FALSE	FALSE	1	BROAD ST	CYR ST	2010-08-07	Two-Way, Divided, Positive Median Barrier	Dry	Daylight	Clear	Other	Yes	No Controls	2	1	Non-Incapacitating	NA	41.7871	-71.40255	FALSE	FALSE	Broad Street and Cyr Street, Providence, RI, USA	Med	Raw	NA	FALSE	41.7871	-71.40255	2010	August	Washington Park	10
3620	2010-08-07	36805	21:20:00	Pedestrian	1	NA	FALSE	FALSE	1	ATWELLS AVE	ACADEMY AVE	2010-08-07	Two-Way , Not Divided	Dry	Dark - Lighted	Clear	Unknown	Yes	Unknown	1	1	Non-Incapacitating	NA	41.82478	-71.44342	FALSE	FALSE	Atwells Ave and Academy Ave, Providence, RI, USA	Med High	Raw	NA	FALSE	41.82478	-71.44342	2010	August	Olneyville	15
3621	2010-08-07	36807	18:52:00	Pedestrian	1	NA	FALSE	FALSE	1	BROAD ST	POTTERS AVE	2010-08-07	Two-Way , Not Divided	Dry	Daylight	Clear	Not a Collision Between Two Motor Vehicles in Transport	No	No Controls	4	1	Pain Reported	NA	41.80314	-71.41896	FALSE	FALSE	Broad Street and Potters Ave, Providence, RI, USA	Med	Raw	NA	FALSE	41.80314	-71.41896	2010	August	Elmwood	9
3618	2010-08-10	37015	16:59:00	Pedestrian	1	NA	FALSE	FALSE	1	N MAIN ST	WHITE ST	2010-08-10	Unknown	Dry	Daylight	Clear	Other	No	No Controls	3	1	Pain Reported	NA	41.85487	-71.4004	FALSE	FALSE	N Main Street and White Street, Providence, RI, USA	Med	Raw	NA	FALSE	41.85487	-71.4004	2010	August	Hope	3
3617	2010-08-11	37211	19:54:00	Pedestrian	1	NA	FALSE	FALSE	1	434 MOUNT PLEASANT AVE	NA	2010-08-11	Two-Way , Not Divided	Dry	Dark - Lighted	Clear	Angle - Direction Not Specified	No	No Controls	4	0	No Injury	NA	41.83958	-71.45195	TRUE	TRUE	434 Mount Pleasant Ave, Providence, RI, USA	High	Raw	distance greater than 100m	TRUE	41.83958	-71.45195	2010	August	Mount Pleasant	5
3615	2010-08-25	38610	16:36:00	Pedestrian	1	NA	FALSE	FALSE	1	WASHINGTON ST	DORRANCE ST	2010-08-25	Two-Way, Divided, Unprotected (painted>4feet) Medium	Wet	Daylight	Rain	Other	No	Traffic Control Signal	5	1	Non-Incapacitating	NA	41.82445	-71.41277	FALSE	FALSE	Washington Street and Dorrance Street, Providence, RI, USA	Med High	Raw	NA	FALSE	41.82445	-71.41277	2010	August	Downtown	1
3614	2010-08-26	38684	15:11:00	Pedestrian	1	NA	FALSE	FALSE	1	THAYER ST	CUSHING ST	2010-08-26	One-Way Trafficway	Dry	Daylight	Clear	Rear End(Front-to-Rear)	No	No Controls	3	1	Pain Reported	NA	41.82961	-71.40085	FALSE	FALSE	Thayer Street and Cushing Street, Providence, RI, USA	Med High	Raw	NA	FALSE	41.82961	-71.40085	2010	August	College Hill	2
3612	2010-08-27	38735	11:29:00	Pedestrian	1	NA	FALSE	FALSE	1	850 MANTON AVE	NA	2010-08-27	Two-Way , Not Divided	Dry	Daylight	Clear	Other	No	No Controls	2	1	Pain Reported	1	41.83371	-71.46772	TRUE	TRUE	850 Manton Ave, Providence, RI, USA	High	Raw	distance greater than 100m	TRUE	41.83371	-71.46772	2010	August	Manton	6
3613	2010-08-27	39315	08:05:00	Bicycle	NA	1	FALSE	FALSE	1	DOUGLAS AVE	WHIPPLE ST	2010-08-27	Two-Way , Not Divided	Dry	Daylight	Clear	Angle (Front - to - Side) Right Angle (Includes Broadside)	No	No Controls	2	1	Pain Reported	2	41.83685	-71.42154	FALSE	FALSE	Douglas Ave and Whipple Street, Providence, RI, USA	Med High	Raw	NA	FALSE	41.83685	-71.42154	2010	August	Smith Hill	12
3611	2010-08-28	38945	18:08:00	Bicycle	NA	1	FALSE	FALSE	1	WESTMINSTER ST	BAINBRIDGE AVE	2010-08-29	Two-Way , Not Divided	Dry	Daylight	Clear	Not a Collision Between Two Motor Vehicles in Transport	No	No Controls	3	1	Non-Incapacitating	NA	41.81608	-71.43539	FALSE	FALSE	Westminster Street and Bainbridge Ave, Providence, RI, USA	Med High	Raw	NA	FALSE	41.81608	-71.43539	2010	August	West End	13
3610	2010-08-29	39201	18:38:00	Pedestrian	1	NA	FALSE	FALSE	1	BONANZA WAY	BONANZA WAY	2010-08-29	One-Way Trafficway	Dry	Daylight	Clear	Other	No	No Controls	2	1	Pain Reported	NA	41.8545	-71.40568	FALSE	FALSE	Bonanza Way and Bonanza Way, Providence, RI, USA	Med	Raw	distance greater than 100m	TRUE	41.8545	-71.40568	2010	August	Hope	3
3607	2010-08-30	39060	11:33:00	Bicycle	NA	1	FALSE	FALSE	1	Hawkins Street	Russo Street	2010-08-30	One-Way Trafficway	Dry	Daylight	Clear	Angle (Front - to - Side) Right Angle (Includes Broadside)	No	No Controls	3	0	No Injury	NA	41.85119	-71.42069	FALSE	FALSE	Hawkins Street and Russo Street, Providence, RI, USA	Med	Raw	distance greater than 100m	TRUE	41.85119	-71.42069	2010	August	Charles	4
3608	2010-08-30	39065	13:58:00	Pedestrian	1	NA	FALSE	FALSE	1	BROAD ST	HOUSTON ST	2010-08-30	Two-Way , Not Divided	Dry	Daylight	Clear	Not a Collision Between Two Motor Vehicles in Transport	Yes	No Controls	3	1	Pain Reported	2	41.79976	-71.4166	FALSE	FALSE	Broad Street and Houston Street, Providence, RI, USA	Med	Raw	NA	FALSE	41.79976	-71.4166	2010	August	Elmwood	9
3609	2010-08-30	39183	12:55:00	Bicycle	NA	1	FALSE	FALSE	1	WHITFORD AVE	NELSON ST	2010-08-31	Two-Way , Not Divided	Dry	Daylight	Clear	Other	No	No Controls	3	1	Non-Incapacitating	2	41.83897	-71.44329	FALSE	FALSE	Whitford Ave and Nelson Street, Providence, RI, USA	Med High	Raw	NA	FALSE	41.83897	-71.44329	2010	August	Elmhurst	5
3606	2010-09-01	39420	21:10:00	Pedestrian	1	NA	FALSE	FALSE	1	PUBLIC ST	BROAD ST	2010-09-01	Two-Way , Not Divided	Dry	Dark - Lighted	Clear	Not a Collision Between Two Motor Vehicles in Transport	No	Traffic Control Signal	2	1	Pain Reported	NA	41.80442	-71.41935	FALSE	FALSE	Public Street and Broad Street, Providence, RI, USA	Med High	Raw	NA	FALSE	41.80442	-71.41935	2010	September	Elmwood	11
3605	2010-09-02	39508	16:04:00	Pedestrian	1	NA	FALSE	FALSE	1	BENTON ST	APPLETON ST	2010-09-02	Two-Way , Not Divided	Dry	Daylight	Clear	Not a Collision Between Two Motor Vehicles in Transport	Yes	No Controls	1	1	Pain Reported	NA	41.82028	-71.44403	FALSE	FALSE	Benton Street and Appleton Street, Providence, RI, USA	Med High	Raw	NA	FALSE	41.82028	-71.44403	2010	September	Olneyville	15
3604	2010-09-03	39542	08:34:00	Pedestrian	1	NA	FALSE	FALSE	1	DOUGLAS AVE	CONCANNON ST	2010-09-03	Two-Way, Divided, Unprotected (painted>4feet) Medium	Dry	Daylight	Clear	Not a Collision Between Two Motor Vehicles in Transport	No	No Controls	3	1	Non-Incapacitating	NA	41.85336	-71.43806	FALSE	FALSE	Douglas Ave and Concannon Street, Providence, RI, USA	Med High	Raw	NA	FALSE	41.85336	-71.43806	2010	September	Wanskuck	14
3603	2010-09-04	39754	14:42:00	Bicycle	NA	1	FALSE	FALSE	1	GLENBRIDGE AVE	BARBARA ST	2010-09-04	Two-Way , Not Divided	Dry	Daylight	Clear	Angle (Front - to - Side) Right Angle (Includes Broadside)	No	Stop Signs	3	1	Pain Reported	2	41.82086	-71.46099	FALSE	FALSE	Glenbridge Ave and Barbara Street, Providence, RI, USA	Med High	Raw	NA	FALSE	41.82086	-71.46099	2010	September	Hartford	7
3601	2010-09-06	39997	17:37:00	Bicycle	NA	1	FALSE	FALSE	1	S MAIN ST	PACKET ST	2010-09-06	One-Way Trafficway	Dry	Daylight	Clear	Unknown	No	No Controls	3	1	Pain Reported	NA	41.82394	-71.40661	FALSE	FALSE	S Main Street and Packet Street, Providence, RI, USA	Med	Raw	distance greater than 100m	TRUE	41.82394	-71.40661	2010	September	Downtown	1
3602	2010-09-06	40999	22:08:00	Bicycle	NA	1	FALSE	FALSE	1	Point ST	RICHMOND ST	2010-09-07	Two-Way , Not Divided	Dry	Dark - Lighted	Clear	Not a Collision Between Two Motor Vehicles in Transport	No	No Controls	3	1	Non-Incapacitating	NA	41.81656	-71.40725	FALSE	FALSE	Point Street and Richmond Street, Providence, RI, USA	Med High	Raw	NA	FALSE	41.81656	-71.40725	2010	September	Downtown	1
3600	2010-09-07	40100	19:16:00	Pedestrian	2	NA	FALSE	FALSE	1	316 Pocasset Ave.	UNION AVE	2010-09-07	Two-Way , Not Divided	Dry	Dark - Lighted	Clear	Rear - to - Side	No	No Controls	3	2	Pain Reported	NA	41.80617	-71.45729	TRUE	FALSE	316 Pocasset Ave., Providence, RI, USA	High	Raw	NA	FALSE	41.80617	-71.45729	2010	September	Silver Lake	7
3599	2010-09-13	40631	08:07:00	Pedestrian	5	NA	FALSE	FALSE	1	SMITH ST	PEMBROKE AVE	2010-09-13	Two-Way , Not Divided	Dry	Daylight	Cloudy	Other	No	No Controls	7	1	Pain Reported	NA	41.83657	-71.43125	FALSE	FALSE	Smith Street and Pembroke Ave, Providence, RI, USA	Med High	Raw	NA	FALSE	41.83657	-71.43125	2010	September	Elmhurst	12
3597	2010-09-14	40750	20:30:00	Pedestrian	1	NA	FALSE	FALSE	1	CAMDEN AVE	CHALKSTONE AVE	2010-09-14	One-Way Trafficway	Dry	Dark - Lighted	Clear	Not a Collision Between Two Motor Vehicles in Transport	Yes	No Controls	2	1	Pain Reported	NA	41.83604	-71.42562	FALSE	FALSE	Camden Ave and Chalkstone Ave, Providence, RI, USA	Med High	Raw	NA	FALSE	41.83604	-71.42562	2010	September	Smith Hill	12
3598	2010-09-14	40779	15:35:00	Bicycle	1	NA	FALSE	FALSE	1	SORRENTO ST	ALTHEA ST	2010-09-14	Two-Way , Not Divided	Dry	Daylight	Clear	Angle (Front - to - Side) Right Angle (Includes Broadside)	Yes	No Controls	1	1	Non-Incapacitating	NA	41.80854	-71.43678	FALSE	FALSE	Sorrento Street and Althea Street, Providence, RI, USA	Med High	Raw	NA	FALSE	41.80854	-71.43678	2010	September	West End	8
3594	2010-09-15	40808	07:27:00	Pedestrian	1	NA	FALSE	FALSE	1	STOKES ST	WESTMINSTER ST	2010-09-15	Two-Way , Not Divided	Dry	Daylight	Clear	Head-On (Front - to - Front)	No	No Controls	6	1	Fatal	3	41.81673	-71.44282	FALSE	FALSE	Stokes Street and Westminster Street, Providence, RI, USA	Med High	Raw	NA	FALSE	41.81673	-71.44282	2010	September	Olneyville	15
3595	2010-09-15	40857	15:23:00	Pedestrian	1	NA	FALSE	FALSE	1	PRAIRIE AVE	ELMA ST	2010-09-15	Two-Way , Not Divided	Dry	Daylight	Clear	Unknown	No	No Controls	3	1	Pain Reported	NA	41.79712	-71.41122	FALSE	FALSE	Prairie Ave and Elma Street, Providence, RI, USA	Med High	Raw	NA	FALSE	41.79712	-71.41122	2010	September	Lower South Providence	10
3596	2010-09-15	40858	18:03:00	Bicycle	NA	1	FALSE	FALSE	1	IVES ST	E MANNING ST	2010-09-15	Two-Way , Not Divided	Dry	Daylight	Clear	Angle (Front - to - Side) Right Angle (Includes Broadside)	No	Stop Signs	2	1	Non-Incapacitating	2	41.82703	-71.39282	FALSE	FALSE	Ives Street and E Manning Street, Providence, RI, USA	Med High	Raw	NA	FALSE	41.82703	-71.39282	2010	September	Wayland	1
3593	2010-09-17	41099	13:55:00	Bicycle	NA	1	FALSE	FALSE	2	BROADWAY	DEAN ST	2010-09-17	Two-Way, Divided, Unprotected (painted>4feet) Medium	Dry	Daylight	Clear	Other	No	Traffic Control Signal	3	1	Pain Reported	2	41.8214	-71.42253	FALSE	FALSE	Broadway and Dean Street, Providence, RI, USA	Med	Raw	NA	FALSE	41.8214	-71.42253	2010	September	Federal Hill	13
3592	2010-09-18	41236	23:04:00	Bicycle	NA	1	FALSE	FALSE	1	GEORGE ST	THAYER ST	2010-09-19	Two-Way , Not Divided	Dry	Dark - Lighted	Clear	Head-On (Front - to - Front)	Yes	Stop Signs	4	1	Pain Reported	2	41.82553	-71.40037	FALSE	FALSE	George Street and Thayer Street, Providence, RI, USA	Med	Raw	NA	FALSE	41.82553	-71.40037	2010	September	College Hill	2
3591	2010-09-19	41247	14:00:00	Bicycle	NA	1	FALSE	FALSE	1	BLACKSTONE BLVD	ROCHAMBEAU AVE	2010-09-19	One-Way Trafficway	Dry	Daylight	Clear	Angle (Front - to - Side) Right Angle (Includes Broadside)	No	Stop Signs	2	1	Pain Reported	NA	41.84554	-71.38722	FALSE	FALSE	Blackstone Blvd and Rochambeau Ave, Providence, RI, USA	Med High	Raw	NA	FALSE	41.84554	-71.38722	2010	September	Blackstone	2
3588	2010-09-20	41336	17:07:00	Bicycle	NA	1	FALSE	FALSE	1	NELLIE ST	SELKIRK ST	2010-09-20	Two-Way , Not Divided	Dry	Daylight	Clear	Sidwswipe, Opposite Direction	No	No Controls	2	1	Pain Reported	NA	41.85738	-71.41087	FALSE	FALSE	Nellie Street and Selkirk Street, Providence, RI, USA	Med	Raw	NA	FALSE	41.85738	-71.41087	2010	September	Charles	4
3589	2010-09-20	41337	17:13:00	Pedestrian	1	NA	FALSE	FALSE	1	507 Public st.	NA	2010-09-20	Two-Way , Not Divided	Dry	Daylight	Clear	Head-On (Front - to - Front)	No	No Controls	4	1	Incapacitating	NA	41.82357	-71.47113	TRUE	TRUE	507 Public St., Providence, RI, USA	High	Geocoded	distance greater than 100m	TRUE	41.8049047	-71.4184731	2010	September	Upper South Providence	11
3590	2010-09-20	41355	15:21:00	Pedestrian	1	NA	FALSE	FALSE	1	OAKLAND AVE	SMITH ST	2010-09-20	Two-Way , Not Divided	Dry	Daylight	Clear	Not a Collision Between Two Motor Vehicles in Transport	No	Traffic Control Signal	2	1	Incapacitating	NA	41.83623	-71.43046	FALSE	FALSE	Oakland Ave and Smith Street, Providence, RI, USA	Med High	Raw	NA	FALSE	41.83623	-71.43046	2010	September	Elmhurst	12
3584	2010-09-23	41523	06:31:00	Pedestrian	1	NA	FALSE	FALSE	1	WASHINGTON ST	EMPIRE ST	2010-09-23	One-Way Trafficway	Dry	Daylight	Clear	Not a Collision Between Two Motor Vehicles in Transport	No	Traffic Control Signal	4	1	Incapacitating	NA	41.82181	-71.41647	FALSE	FALSE	Washington Street and Empire Street, Providence, RI, USA	Med	Raw	NA	FALSE	41.82181	-71.41647	2010	September	Downtown	1
3585	2010-09-23	41556	09:00:00	Bicycle	NA	1	FALSE	FALSE	1	WASHINGTON ST	DEAN ST	2010-09-23	Two-Way, Divided, Unprotected (painted>4feet) Medium	Dry	Daylight	Clear	Head-On (Front - to - Front)	No	Stop Signs	6	1	Pain Reported	NA	41.81907	-71.42074	FALSE	FALSE	Washington Street and Dean Street, Providence, RI, USA	Med	Raw	NA	FALSE	41.81907	-71.42074	2010	September	Federal Hill	13
3586	2010-09-23	41599	15:34:00	Pedestrian	1	NA	FALSE	FALSE	1	N MAIN ST	OLNEY ST	2010-09-23	One-Way Trafficway	Dry	Daylight	Clear	Not a Collision Between Two Motor Vehicles in Transport	No	Traffic Control Signal	2	1	Pain Reported	NA	41.83508	-71.40982	FALSE	FALSE	N Main Street and Olney Street, Providence, RI, USA	Med	Raw	NA	FALSE	41.83508	-71.40982	2010	September	College Hill	3
3587	2010-09-23	41713	16:51:00	Pedestrian	1	NA	FALSE	FALSE	1	ATLANTIC AVE	BROAD ST	2010-09-23	Two-Way , Not Divided	Dry	Daylight	Clear	Not a Collision Between Two Motor Vehicles in Transport	No	No Controls	2	1	Pain Reported	2	41.79901	-71.41739	FALSE	FALSE	Atlantic Ave and Broad Street, Providence, RI, USA	Med High	Raw	distance greater than 100m	TRUE	41.79901	-71.41739	2010	September	Elmwood	9
3583	2010-09-24	41689	19:34:00	Bicycle	NA	1	FALSE	FALSE	2	HOPE ST	GLENDALE AVE	2010-09-24	Two-Way , Not Divided	Dry	Dark - Lighted	Cloudy	Rear End(Front-to-Rear)	No	No Controls	4	1	Non-Incapacitating	NA	41.84739	-71.39582	FALSE	FALSE	Hope Street and Glendale Ave, Providence, RI, USA	Med High	Raw	NA	FALSE	41.84739	-71.39582	2010	September	Hope	3
3580	2010-09-25	41724	03:11:00	Pedestrian	1	NA	FALSE	FALSE	1	LABAN ST	WEBSTER AVE	2010-09-25	Two-Way , Not Divided	Dry	Dark - Lighted	Clear	Not a Collision Between Two Motor Vehicles in Transport	Yes	Stop Signs	1	1	Pain Reported	NA	41.81502	-71.45106	FALSE	FALSE	Laban Street and Webster Ave, Providence, RI, USA	Med High	Raw	NA	FALSE	41.81502	-71.45106	2010	September	Silver Lake	7