row_number	crash_date	crash_report_id	crash_time	collision_type	count_pedestrian	count_bicycle	scooter	wheel_chair	number_of_vehicles	street_or_highway	nearest_intersection	report_date	type_of_roadway	road_surface_condition	light_condition	weather_condition	manner_of_impact	hit_and_run	traffic_control	person_count	injury_count	most_serious_injury	number_of_lanes	lat_raw	lon_raw	has_st_number	is_intersection_null	address_sent_to_geocoder	api_coord_conf	best_coordinate_set	reason_for_qa	manually_qaed_record	final_lat	final_lon	year	month	pvd_nhood	pvd_wards
3516	2010-12-13	49965	12:45:00	Pedestrian	1	NA	FALSE	FALSE	1	S MAIN ST	COLLEGE ST	2010-12-13	One-Way Trafficway	Wet	Daylight	Cloudy	Other	No	Traffic Control Signal	3	1	Pain Reported	NA	41.82574	-71.40793	FALSE	FALSE	S Main Street and College Street, Providence, RI, USA	Med High	Raw	NA	FALSE	41.82574	-71.40793	2010	December	Downtown	1
3517	2010-12-13	49980	16:30:00	Pedestrian	2	NA	FALSE	FALSE	1	EXCHANGE TER	EXCHANGE ST	2010-12-13	One-Way Trafficway	Dry	Dusk	Cloudy	Not a Collision Between Two Motor Vehicles in Transport	No	No Controls	4	2	Pain Reported	NA	41.82591	-71.41219	FALSE	FALSE	Exchange Ter and Exchange Street, Providence, RI, USA	Med High	Raw	distance greater than 100m	TRUE	41.82591	-71.41219	2010	December	Downtown	1
3518	2010-12-13	49981	18:43:00	Pedestrian	1	NA	FALSE	FALSE	1	DUDLEY ST	PRAIRIE AVE	2010-12-13	Two-Way , Not Divided	Dry	Dark - Not Lighted	Clear	Other	No	No Controls	5	1	Pain Reported	NA	41.80995	-71.41567	FALSE	FALSE	Dudley Street and Prairie Ave, Providence, RI, USA	Med High	Raw	NA	FALSE	41.80995	-71.41567	2010	December	Upper South Providence	11
3514	2010-12-17	50352	00:56:00	Pedestrian	1	NA	FALSE	FALSE	1	PINE ST	PAGE ST	2010-12-17	Unknown	Dry	Dark - Lighted	Clear	Not a Collision Between Two Motor Vehicles in Transport	Yes	No Controls	5	1	Pain Reported	NA	41.82117	-71.41126	FALSE	FALSE	Pine Street and Page Street, Providence, RI, USA	Med	Raw	NA	FALSE	41.82117	-71.41126	2010	December	Downtown	1
3515	2010-12-17	50592	21:27:00	Pedestrian	1	NA	FALSE	FALSE	1	REGENT AVE	RIVER AVE	2010-12-18	Two-Way , Not Divided	Dry	Dark - Lighted	Clear	Head-On (Front - to - Front)	No	Stop Signs	3	1	Non-Incapacitating	NA	41.83133	-71.43462	FALSE	FALSE	Regent Ave and River Ave, Providence, RI, USA	Med High	Geocoded	distance greater than 100m	TRUE	41.8304056	-71.4369363	2010	December	Valley	12
3513	2010-12-21	51002	18:43:00	Pedestrian	1	NA	FALSE	FALSE	1	WASHINGTON ST	EMPIRE ST	2010-12-21	One-Way Trafficway	Dry	Dark - Lighted	Clear	Other	No	Traffic Control Signal	2	1	Pain Reported	NA	41.82182	-71.41645	FALSE	FALSE	Washington Street and Empire Street, Providence, RI, USA	Med	Raw	NA	FALSE	41.82182	-71.41645	2010	December	Downtown	1
3512	2010-12-23	51248	17:08:00	Bicycle	NA	1	FALSE	FALSE	1	ACADEMY AVE	NEWARK ST	2010-12-23	Two-Way , Not Divided	Dry	Dark - Lighted	Clear	Rear End(Front-to-Rear)	Yes	No Controls	1	1	Pain Reported	NA	41.82544	-71.4434	FALSE	FALSE	Academy Ave and Newark Street, Providence, RI, USA	Med High	Raw	NA	FALSE	41.82544	-71.4434	2010	December	Mount Pleasant	6
3511	2010-12-24	51319	16:40:00	Pedestrian	1	NA	FALSE	FALSE	1	HARTFORD AVE	HILARITY ST	2010-12-24	Unknown	Dry	Dark - Lighted	Clear	Other	No	No Controls	3	1	Incapacitating	NA	41.81912	-71.46264	FALSE	FALSE	Hartford Ave and Hilarity Street, Providence, RI, USA	Med High	Raw	NA	FALSE	41.81912	-71.46264	2010	December	Hartford	7
3510	2010-12-25	51424	03:21:00	Pedestrian	1	NA	FALSE	FALSE	1	25 Bancroft St.	MAGNOLIA ST	2010-12-25	Two-Way , Not Divided	Dry	Dark - Lighted	Clear	Not a Collision Between Two Motor Vehicles in Transport	Yes	No Controls	2	1	Incapacitating	2	41.81279	-71.44777	TRUE	FALSE	25 Bancroft St., Providence, RI, USA	High	Raw	NA	FALSE	41.81279	-71.44777	2010	December	Silver Lake	15
3509	2010-12-30	52054	21:46:00	Pedestrian	1	NA	FALSE	FALSE	1	ALLENS AVE	TORONTO AVE	2010-12-31	Two-Way , Not Divided	Ice/Frost	Dark - Lighted	Clear	Other	No	No Controls	3	1	Incapacitating	NA	41.79268	-71.39721	FALSE	FALSE	Allens Ave and Toronto Ave, Providence, RI, USA	Med High	Raw	NA	FALSE	41.79268	-71.39721	2010	December	Washington Park	10
3507	2011-01-02	52357	18:23:00	Pedestrian	1	NA	FALSE	FALSE	1	CRANSTON ST	DEXTER ST	2011-01-02	Two-Way , Not Divided	Wet	Dark - Lighted	Rain	Head-On (Front - to - Front)	No	Traffic Control Signal	4	1	Non-Incapacitating	2	41.8126	-71.42959	FALSE	FALSE	Cranston Street and Dexter Street, Providence, RI, USA	Med High	Raw	NA	FALSE	41.8126	-71.42959	2011	January	West End	11
3508	2011-01-02	52362	20:36:00	Pedestrian	1	NA	FALSE	FALSE	1	CHARLES ST	HAWKINS ST	2011-01-02	Two-Way, Divided, Unprotected (painted>4feet) Medium	Wet	Dark - Lighted	Rain	Other	No	No Controls	3	1	Non-Incapacitating	NA	41.8514	-71.42016	FALSE	FALSE	Charles Street and Hawkins Street, Providence, RI, USA	Med	Raw	NA	FALSE	41.8514	-71.42016	2011	January	Charles	4
3505	2011-01-04	52531	09:26:00	Pedestrian	1	NA	FALSE	FALSE	1	PLAIN ST	BORDEN ST	2011-01-04	Two-Way , Not Divided	Dry	Daylight	Clear	Not a Collision Between Two Motor Vehicles in Transport	Yes	No Controls	3	1	Pain Reported	2	41.81356	-71.41241	FALSE	FALSE	Plain Street and Borden Street, Providence, RI, USA	Med High	Raw	NA	FALSE	41.81356	-71.41241	2011	January	Upper South Providence	11
3506	2011-01-04	53803	14:59:00	Pedestrian	1	NA	FALSE	FALSE	1	MESSER ST	CRANSTON ST	2011-01-13	Two-Way , Not Divided	Dry	Daylight	Clear	Other	No	No Controls	2	1	Pain Reported	2	41.80963	-71.43345	FALSE	FALSE	Messer Street and Cranston Street, Providence, RI, USA	Med High	Raw	NA	FALSE	41.80963	-71.43345	2011	January	West End	8
3504	2011-01-05	52639	08:56:00	Pedestrian	1	NA	FALSE	FALSE	1	ROANOKE ST	LEAH ST	2011-01-05	One-Way Trafficway	Dry	Daylight	Clear	Not a Collision Between Two Motor Vehicles in Transport	No	No Controls	3	1	Pain Reported	NA	41.83106	-71.45155	FALSE	FALSE	Roanoke Street and Leah Street, Providence, RI, USA	Med High	Raw	NA	FALSE	41.83106	-71.45155	2011	January	Mount Pleasant	6
3502	2011-01-06	52843	08:16:00	Pedestrian	1	NA	FALSE	FALSE	1	Hayward St	PEARL ST	2011-01-06	Two-Way , Not Divided	Dry	Daylight	Clear	Other	No	Stop Signs	7	1	Pain Reported	NA	41.8142	-71.41992	FALSE	FALSE	Hayward Street and Pearl Street, Providence, RI, USA	Med High	Raw	NA	FALSE	41.8142	-71.41992	2011	January	Upper South Providence	11
3503	2011-01-06	52876	12:07:00	Pedestrian	1	NA	FALSE	FALSE	1	215 Atwells Ave	MESSENGER ST	2011-01-06	Unknown	Dry	Daylight	Clear	Other	Yes	No Controls	2	1	Pain Reported	NA	41.82346	-71.42504	TRUE	FALSE	215 Atwells Ave, Providence, RI, USA	High	Raw	NA	FALSE	41.82346	-71.42504	2011	January	Federal Hill	13
3501	2011-01-08	53257	20:10:00	Pedestrian	1	NA	FALSE	FALSE	1	VALLEY ST	DELAINE ST	2011-01-08	Two-Way , Not Divided	Snow	Dark - Lighted	Snow	Sideswipe, Same Direction	Yes	No Controls	1	1	Pain Reported	NA	41.81979	-71.44046	FALSE	FALSE	Valley Street and Delaine Street, Providence, RI, USA	Med High	Raw	NA	FALSE	41.81979	-71.44046	2011	January	Olneyville	15
3500	2011-01-10	53467	16:18:00	Pedestrian	1	NA	FALSE	FALSE	1	CHALKSTONE AVENUE	FERN STREET	2011-01-10	Two-Way , Not Divided	Dry	Daylight	Clear	Head-On (Front - to - Front)	No	No Controls	2	1	Non-Incapacitating	2	41.82422	-71.43364	FALSE	FALSE	Chalkstone Avenue and Fern Street, Providence, RI, USA	Med High	Geocoded	distance greater than 100m	TRUE	41.8328452	-71.4378466	2011	January	Elmhurst	5
3497	2011-01-13	53699	08:24:00	Pedestrian	2	NA	FALSE	FALSE	1	BROAD ST	LOCKWOOD ST	2011-01-13	One-Way Trafficway	Slush	Daylight	Clear	Angle (Front - to - Side) Same Direction	No	No Controls	3	1	Pain Reported	NA	41.81539	-71.4206	FALSE	FALSE	Broad Street and Lockwood Street, Providence, RI, USA	Med	Raw	distance greater than 100m	TRUE	41.81539	-71.4206	2011	January	West End	11
3498	2011-01-13	53759	14:22:00	Pedestrian	3	NA	FALSE	FALSE	1	BENEDICT ST	BRATTLE ST	2011-01-13	Two-Way , Not Divided	Slush	Daylight	Clear	Sidwswipe, Opposite Direction	Yes	No Controls	3	3	Pain Reported	NA	41.80466	-71.43503	FALSE	FALSE	Benedict Street and Brattle Street, Providence, RI, USA	Med High	Raw	NA	FALSE	41.80466	-71.43503	2011	January	West End	8
3499	2011-01-13	53772	08:47:00	Pedestrian	1	NA	FALSE	FALSE	1	EDDY ST	THURBERS AVE	2011-01-13	Two-Way , Not Divided	Slush	Daylight	Clear	Not a Collision Between Two Motor Vehicles in Transport	Yes	No Controls	2	0	No Injury	NA	41.8004	-71.40595	FALSE	FALSE	Eddy Street and Thurbers Ave, Providence, RI, USA	Med High	Raw	NA	FALSE	41.8004	-71.40595	2011	January	Lower South Providence	10
3496	2011-01-16	54316	11:49:00	Pedestrian	1	NA	FALSE	FALSE	1	SMITH ST	NELSON ST	2011-01-16	Two-Way, Divided, Unprotected (painted>4feet) Medium	Snow	Daylight	Clear	Angle (Front - to - Side) Right Angle (Includes Broadside)	No	No Controls	3	1	Pain Reported	2	41.84209	-71.444	FALSE	FALSE	Smith Street and Nelson Street, Providence, RI, USA	Med High	Raw	NA	FALSE	41.84209	-71.444	2011	January	Elmhurst	5
3495	2011-01-18	54665	18:26:00	Pedestrian	1	NA	FALSE	FALSE	1	WESTMINSTER ST	CAHIR ST	2011-01-18	Two-Way , Not Divided	Wet	Dark - Lighted	Rain	Head-On (Front - to - Front)	No	Traffic Control Signal	4	1	Pain Reported	NA	41.81816	-71.42031	FALSE	FALSE	Westminster Street and Cahir Street, Providence, RI, USA	Med High	Raw	NA	FALSE	41.81816	-71.42031	2011	January	Federal Hill	13
3493	2011-01-24	55504	07:51:00	Pedestrian	1	NA	FALSE	FALSE	1	Whelan Road	BODELL AVE	2011-01-24	Two-Way , Not Divided	Ice/Frost	Daylight	Clear	Not a Collision Between Two Motor Vehicles in Transport	No	No Controls	4	1	Pain Reported	2	41.81886	-71.45257	FALSE	FALSE	Whelan Road and Bodell Ave, Providence, RI, USA	Med High	Raw	distance greater than 100m	TRUE	41.81886	-71.45257	2011	January	Hartford	7
3494	2011-01-24	55577	13:14:00	Pedestrian	1	NA	FALSE	FALSE	1	WEST CLIFFORD ST	LOCKWOOD ST	2011-01-24	Two-Way , Not Divided	Wet	Daylight	Clear	Other	Yes	No Controls	3	1	Pain Reported	NA	41.81376	-71.41627	FALSE	FALSE	West Clifford Street and Lockwood Street, Providence, RI, USA	Med High	Raw	NA	FALSE	41.81376	-71.41627	2011	January	Upper South Providence	11
3491	2011-01-27	56483	15:19:00	Pedestrian	1	NA	FALSE	FALSE	1	593 public	NA	2011-01-27	Two-Way , Not Divided	Snow	Daylight	Clear	Not a Collision Between Two Motor Vehicles in Transport	No	No Controls	3	1	Pain Reported	NA	41.82577	-71.41527	TRUE	TRUE	593 Public, Providence, RI, USA	High	Geocoded	distance greater than 100m	TRUE	41.8037545	-71.421701	2011	January	Elmwood	9
3492	2011-01-27	56815	12:19:00	Pedestrian	1	NA	FALSE	FALSE	1	SISSON ST	TICKNOR ST	2011-01-29	Two-Way , Not Divided	Snow	Daylight	Clear	Not a Collision Between Two Motor Vehicles in Transport	Yes	No Controls	2	1	Pain Reported	NA	41.82841	-71.45537	FALSE	FALSE	Sisson Street and Ticknor Street, Providence, RI, USA	Med High	Raw	NA	FALSE	41.82841	-71.45537	2011	January	Mount Pleasant	6
3490	2011-01-29	56832	13:21:00	Pedestrian	1	NA	FALSE	FALSE	1	ALVERSON AVE	NYE ST	2011-01-29	Two-Way, Divided, Unprotected (painted>4feet) Medium	Ice/Frost	Daylight	Clear	Other	Yes	No Controls	1	1	Pain Reported	NA	41.81729	-71.45956	FALSE	FALSE	Alverson Ave and Nye Street, Providence, RI, USA	Med High	Raw	NA	FALSE	41.81729	-71.45956	2011	January	Hartford	7
3488	2011-02-01	57405	10:03:00	Pedestrian	1	NA	FALSE	FALSE	1	ELMWOOD AVE	PLENTY ST	2011-02-01	Two-Way , Not Divided	Snow	Daylight	Snow	Other	Yes	No Controls	1	1	Pain Reported	4	41.8073	-71.42484	FALSE	FALSE	Elmwood Ave and Plenty Street, Providence, RI, USA	Med High	Raw	NA	FALSE	41.8073	-71.42484	2011	February	West End	11
3489	2011-02-01	57489	14:15:00	Pedestrian	1	NA	FALSE	FALSE	1	ELMWOOD AVE	WARRINGTON ST	2011-02-01	Two-Way, Divided, Positive Median Barrier	Snow	Daylight	Sleet, Hail (Freezing Rain or Drizzle)	Not a Collision Between Two Motor Vehicles in Transport	Yes	No Controls	2	1	Pain Reported	4	41.79333	-71.42357	FALSE	FALSE	Elmwood Ave and Warrington Street, Providence, RI, USA	Med High	Raw	NA	FALSE	41.79333	-71.42357	2011	February	Elmwood	9
3487	2011-02-03	57888	20:57:00	Bicycle	NA	1	FALSE	FALSE	1	BROADWAY	GREENMAN LN	2011-02-03	One-Way Trafficway	Snow	Dark - Lighted	Clear	Other	No	Traffic Control Signal	3	1	Pain Reported	4	41.82232	-71.41867	FALSE	FALSE	Broadway and Greenman Ln, Providence, RI, USA	Med	Raw	distance greater than 100m	TRUE	41.82232	-71.41867	2011	February	Downtown	1
3486	2011-02-09	59624	14:29:00	Pedestrian	1	NA	FALSE	FALSE	1	GALILEO AVE	CHALKSTONE AVE	2011-02-12	Two-Way , Not Divided	Dry	Daylight	Clear	Other	No	No Controls	5	0	No Injury	NA	41.83215	-71.45564	FALSE	FALSE	Galileo Ave and Chalkstone Ave, Providence, RI, USA	Med High	Raw	NA	FALSE	41.83215	-71.45564	2011	February	Mount Pleasant	6
3485	2011-02-11	59473	15:23:00	Pedestrian	1	NA	FALSE	FALSE	1	ATWELLS AVE	DUTTON ST	2011-02-11	Two-Way , Not Divided	Wet	Daylight	Clear	Not a Collision Between Two Motor Vehicles in Transport	No	No Controls	2	1	Pain Reported	2	41.82528	-71.45304	FALSE	FALSE	Atwells Ave and Dutton Street, Providence, RI, USA	Med High	Raw	NA	FALSE	41.82528	-71.45304	2011	February	Olneyville	6
3482	2011-02-17	60564	01:28:00	Pedestrian	2	NA	FALSE	FALSE	1	N MAIN ST	BENEFIT ST	2011-02-17	Two-Way , Not Divided	Dry	Dark - Lighted	Cloudy	Head-On (Front - to - Front)	Yes	No Controls	7	1	Fatal	4	41.83392	-71.41027	FALSE	FALSE	N Main Street and Benefit Street, Providence, RI, USA	Med	Raw	distance greater than 100m	TRUE	41.83392	-71.41027	2011	February	College Hill	3
3483	2011-02-17	60663	15:25:00	Pedestrian	1	NA	FALSE	FALSE	1	1880 Westminster Street	Broadway/Valley Street	2011-02-17	One-Way Trafficway	Dry	Daylight	Clear	Other	Yes	Traffic Control Signal	2	1	Incapacitating	NA	41.82004	-71.43725	TRUE	FALSE	1880 Westminster Street, Providence, RI, USA	High	Geocoded	distance greater than 100m	TRUE	41.8161611	-71.4414929	2011	February	Olneyville	15
3484	2011-02-17	60711	16:48:00	Pedestrian	1	NA	FALSE	FALSE	1	PLAINFIELD ST	LAUREL HILL AVE	2011-02-17	Two-Way , Not Divided	Dry	Daylight	Clear	Other	Yes	No Controls	2	1	Pain Reported	NA	41.8132	-71.45548	FALSE	FALSE	Plainfield Street and Laurel Hill Ave, Providence, RI, USA	Med High	Raw	NA	FALSE	41.8132	-71.45548	2011	February	Silver Lake	7
3481	2011-02-18	60842	14:49:00	Pedestrian	1	NA	FALSE	FALSE	1	HOPE ST	5TH ST	2011-02-18	Two-Way, Divided, Unprotected (painted>4feet) Medium	Dry	Daylight	Clear	Head-On (Front - to - Front)	Yes	No Controls	2	1	Pain Reported	NA	41.84993	-71.39458	FALSE	FALSE	Hope Street and 5th Street, Providence, RI, USA	Med High	Raw	NA	FALSE	41.84993	-71.39458	2011	February	Hope	3
3480	2011-02-19	60901	02:11:00	Pedestrian	1	NA	FALSE	FALSE	1	PEMBROKE AVE	CHAD BROWN ST	2011-02-19	Two-Way , Not Divided	Dry	Dark - Lighted	Clear	Other	Yes	No Controls	1	1	Pain Reported	NA	41.83946	-71.4301	FALSE	FALSE	Pembroke Ave and Chad Brown Street, Providence, RI, USA	Med High	Raw	NA	FALSE	41.83946	-71.4301	2011	February	Elmhurst	12
3479	2011-02-20	61607	16:58:00	Pedestrian	1	NA	FALSE	FALSE	1	CHALKSTONE AVE	MOUNT PLEASANT AVE	2011-02-20	Two-Way , Not Divided	Dry	Daylight	Clear	Head-On (Front - to - Front)	Yes	Traffic Control Signal	2	1	Pain Reported	NA	41.83269	-71.44977	FALSE	FALSE	Chalkstone Ave and Mount Pleasant Ave, Providence, RI, USA	Med High	Raw	NA	FALSE	41.83269	-71.44977	2011	February	Mount Pleasant	6
3478	2011-02-22	61293	15:43:00	Pedestrian	1	NA	FALSE	FALSE	1	WILLARD AVE	PLAIN ST	2011-02-22	Two-Way , Not Divided	Dry	Daylight	Clear	Not a Collision Between Two Motor Vehicles in Transport	No	Stop Signs	2	1	Pain Reported	NA	41.80891	-71.41075	FALSE	FALSE	Willard Ave and Plain Street, Providence, RI, USA	Med High	Raw	NA	FALSE	41.80891	-71.41075	2011	February	Upper South Providence	11
3477	2011-02-28	62201	16:49:00	Pedestrian	1	NA	FALSE	FALSE	1	ERASTUS ST	ATWELLS AVE	2011-02-28	Two-Way , Not Divided	Wet	Daylight	Rain	Sideswipe, Same Direction	No	No Controls	2	1	Pain Reported	NA	41.8252	-71.45083	FALSE	FALSE	Erastus Street and Atwells Ave, Providence, RI, USA	Med High	Raw	NA	FALSE	41.8252	-71.45083	2011	February	Olneyville	6
3476	2011-03-04	63141	07:02:00	Pedestrian	1	NA	FALSE	FALSE	1	WASHINGTON ST	UNION ST	2011-03-04	Two-Way , Not Divided	Dry	Daylight	Clear	Not a Collision Between Two Motor Vehicles in Transport	Yes	Traffic Control Signal	2	0	No Injury	2	41.8236	-71.414	FALSE	FALSE	Washington Street and Union Street, Providence, RI, USA	Med	Raw	NA	FALSE	41.8236	-71.414	2011	March	Downtown	1
3475	2011-03-06	62937	18:05:00	Pedestrian	1	NA	FALSE	FALSE	1	ADELAIDE AVE	NIAGARA ST	2011-03-06	Two-Way , Not Divided	Wet	Dark - Lighted	Sleet, Hail (Freezing Rain or Drizzle)	Not a Collision Between Two Motor Vehicles in Transport	No	Stop Signs	2	1	Pain Reported	NA	41.79797	-71.41827	FALSE	FALSE	Adelaide Ave and Niagara Street, Providence, RI, USA	Med High	Raw	NA	FALSE	41.79797	-71.41827	2011	March	Elmwood	9
3474	2011-03-09	63226	13:22:00	Pedestrian	1	NA	FALSE	FALSE	1	WESTMINSTER ST	ABORN ST	2011-03-09	One-Way Trafficway	Dry	Daylight	Clear	Other	No	No Controls	2	1	Pain Reported	NA	41.82132	-71.41482	FALSE	FALSE	Westminster Street and Aborn Street, Providence, RI, USA	Med High	Raw	NA	FALSE	41.82132	-71.41482	2011	March	Downtown	1
3472	2011-03-10	63431	19:30:00	Other	NA	NA	FALSE	FALSE	1	VERMONT AVE	EDDY ST	2011-03-10	Two-Way, Divided, Unprotected (painted>4feet) Medium	Wet	Dark - Lighted	Rain	Other	No	No Controls	3	1	Pain Reported	2	41.78776	-71.40134	FALSE	FALSE	Vermont Ave and Eddy Street, Providence, RI, USA	Med High	Raw	NA	FALSE	41.78776	-71.40134	2011	March	Washington Park	10
3473	2011-03-10	63491	21:00:00	Pedestrian	1	NA	FALSE	FALSE	1	CYPRESS ST	CAMP ST	2011-03-11	Two-Way , Not Divided	Wet	Dark - Lighted	Rain	Unknown	Yes	Unknown	1	1	Pain Reported	2	41.84214	-71.40295	FALSE	FALSE	Cypress Street and Camp Street, Providence, RI, USA	Med	Raw	NA	FALSE	41.84214	-71.40295	2011	March	Mount Hope	3
3471	2011-03-11	63508	09:15:00	Pedestrian	1	NA	FALSE	FALSE	1	MEDWAY ST	WAYLAND AVE	2011-03-11	Two-Way, Divided, Unprotected (painted>4feet) Medium	Wet	Daylight	Cloudy	Angle (Front - to - Side) Right Angle (Includes Broadside)	Unknown	Stop Signs	2	1	Pain Reported	NA	41.82932	-71.38824	FALSE	FALSE	Medway Street and Wayland Ave, Providence, RI, USA	Med High	Raw	NA	FALSE	41.82932	-71.38824	2011	March	Wayland	1
3469	2011-03-12	63641	00:33:00	Pedestrian	1	NA	FALSE	FALSE	1	301 HARRIS AVE	CHARLOTTE HOPE ST	2011-03-12	Two-Way, Divided, Unprotected (painted>4feet) Medium	Dry	Dark - Lighted	Cloudy	Unknown	Yes	No Controls	5	1	Non-Incapacitating	2	41.8258	-71.43003	TRUE	FALSE	301 Harris Ave, Providence, RI, USA	High	Raw	NA	FALSE	41.8258	-71.43003	2011	March	Valley	13
3470	2011-03-12	64073	00:30:00	Pedestrian	1	NA	FALSE	FALSE	1	MEMORIAL BLVD	STEEPLE ST	2011-03-12	Two-Way, Divided, Positive Median Barrier	Wet	Dark - Lighted	Cloudy	Head-On (Front - to - Front)	No	Traffic Control Signal	3	1	Non-Incapacitating	NA	41.82677	-71.41063	FALSE	FALSE	Memorial Blvd and Steeple Street, Providence, RI, USA	Med	Raw	distance greater than 100m	TRUE	41.82677	-71.41063	2011	March	Downtown	1
3468	2011-03-18	64458	01:23:00	Pedestrian	1	NA	FALSE	FALSE	1	MEMORIAL BLVD	EXCHANGE ST	2011-03-18	Two-Way, Divided, Positive Median Barrier	Dry	Dark - Lighted	Clear	Sideswipe, Same Direction	Yes	Traffic Control Signal	2	1	Pain Reported	NA	41.8268	-71.41207	FALSE	FALSE	Memorial Blvd and Exchange Street, Providence, RI, USA	Med High	Raw	NA	FALSE	41.8268	-71.41207	2011	March	Downtown	1
3467	2011-03-19	64774	09:57:00	Bicycle	NA	1	FALSE	FALSE	1	TRAVERSE ST	WICKENDEN ST	2011-03-19	Two-Way, Divided, Unprotected (painted>4feet) Medium	Dry	Daylight	Clear	Sideswipe, Same Direction	No	No Controls	2	0	No Injury	NA	41.81934	-71.39968	FALSE	FALSE	Traverse Street and Wickenden Street, Providence, RI, USA	Med High	Raw	NA	FALSE	41.81934	-71.39968	2011	March	Fox Point	1
3466	2011-03-20	64903	01:30:00	Pedestrian	1	NA	FALSE	FALSE	1	W EXCHANGE ST	FOX PL	2011-03-20	Two-Way , Not Divided	Dry	Dark - Not Lighted	Clear	Not a Collision Between Two Motor Vehicles in Transport	No	No Controls	2	1	Pain Reported	NA	41.82522	-71.42023	FALSE	FALSE	W Exchange Street and Fox Pl, Providence, RI, USA	Med High	Raw	NA	FALSE	41.82522	-71.42023	2011	March	Federal Hill	13
3465	2011-03-22	65166	16:27:00	Pedestrian	1	NA	FALSE	FALSE	1	ACADEMY AVE	HEALTH AVE	2011-03-22	Unknown	Dry	Daylight	Clear	Not a Collision Between Two Motor Vehicles in Transport	Yes	No Controls	2	0	No Injury	NA	41.82752	-71.44376	FALSE	FALSE	Academy Ave and Health Ave, Providence, RI, USA	Med High	Raw	NA	FALSE	41.82752	-71.44376	2011	March	Mount Pleasant	6
3464	2011-03-23	65298	16:13:00	Pedestrian	2	NA	FALSE	FALSE	1	STILLMAN ST	PARK ROW	2011-03-23	Two-Way , Not Divided	Dry	Daylight	Clear	Not a Collision Between Two Motor Vehicles in Transport	No	No Controls	3	2	Pain Reported	NA	41.82859	-71.41166	FALSE	FALSE	Stillman Street and Park Row, Providence, RI, USA	Med High	Raw	NA	FALSE	41.82859	-71.41166	2011	March	Downtown	12
3463	2011-03-26	65709	17:16:00	Pedestrian	1	NA	FALSE	FALSE	1	110 BOWDOIN ST	AMHERST ST	2011-03-26	Two-Way , Not Divided	Dry	Daylight	Clear	Other	No	No Controls	3	1	Pain Reported	NA	41.82311	-71.44308	TRUE	FALSE	110 Bowdoin Street, Providence, RI, USA	High	Raw	NA	FALSE	41.82311	-71.44308	2011	March	Olneyville	15
3461	2011-03-27	65781	07:12:00	Pedestrian	1	NA	FALSE	FALSE	1	THURBERS AVE	EDDY ST	2011-03-27	Two-Way , Not Divided	Dry	Daylight	Clear	Other	No	No Controls	4	2	Pain Reported	NA	41.79994	-71.40584	FALSE	FALSE	Thurbers Ave and Eddy Street, Providence, RI, USA	Med High	Raw	NA	FALSE	41.79994	-71.40584	2011	March	Lower South Providence	10
3462	2011-03-27	66470	19:37:00	Bicycle	NA	1	FALSE	FALSE	1	WESTMINSTER ST	BRIDGHAM ST	2011-03-31	Two-Way , Not Divided	Dry	Daylight	Clear	Not a Collision Between Two Motor Vehicles in Transport	No	No Controls	2	1	Pain Reported	NA	41.8169	-71.42852	FALSE	FALSE	Westminster Street and Bridgham Street, Providence, RI, USA	Med High	Raw	NA	FALSE	41.8169	-71.42852	2011	March	West End	13
3460	2011-03-29	66084	18:27:00	Pedestrian	1	NA	FALSE	FALSE	1	ATWELLS AVE	CARLETON ST	2011-03-29	Two-Way , Not Divided	Dry	Daylight	Clear	Head-On (Front - to - Front)	No	No Controls	4	1	Pain Reported	2	41.82496	-71.44664	FALSE	FALSE	Atwells Ave and Carleton Street, Providence, RI, USA	Med High	Raw	NA	FALSE	41.82496	-71.44664	2011	March	Olneyville	6
3458	2011-03-31	66338	16:21:00	Bicycle	NA	1	FALSE	FALSE	1	BRANCH AVE	On Ramp	2011-03-31	Two-Way, Divided, Unprotected (painted>4feet) Medium	Wet	Daylight	Rain	Other	No	No Controls	3	1	Incapacitating	NA	41.85301	-71.42634	FALSE	FALSE	Branch Ave and On Ramp, Providence, RI, USA	Med	Raw	distance greater than 100m	TRUE	41.85301	-71.42634	2011	March	Wanskuck	4
3459	2011-03-31	66380	20:41:00	Pedestrian	1	NA	FALSE	FALSE	1	VALLEY ST	NEWARK ST	2011-03-31	Two-Way , Not Divided	Wet	Dark - Lighted	Snow	Not a Collision Between Two Motor Vehicles in Transport	Yes	No Controls	1	1	Incapacitating	2	41.82518	-71.43932	FALSE	FALSE	Valley Street and Newark Street, Providence, RI, USA	Med High	Raw	NA	FALSE	41.82518	-71.43932	2011	March	Valley	12
3457	2011-04-01	66388	22:03:00	Pedestrian	1	NA	FALSE	FALSE	1	Waterman Street	THAYER ST	2011-04-01	One-Way Trafficway	Wet	Dark - Unknown Lighting	Snow	Unknown	Yes	Traffic Control Signal	3	1	Pain Reported	NA	41.82728	-71.40054	FALSE	FALSE	Waterman Street and Thayer Street, Providence, RI, USA	Med High	Raw	NA	FALSE	41.82728	-71.40054	2011	April	College Hill	2
3456	2011-04-03	66912	19:33:00	Bicycle	NA	1	FALSE	FALSE	1	BUCKLIN ST	HAWTHORNE ST	2011-04-04	Two-Way , Not Divided	Dry	Dark - Lighted	Clear	Other	No	No Controls	2	1	Pain Reported	NA	41.80097	-71.42778	FALSE	FALSE	Bucklin Street and Hawthorne Street, Providence, RI, USA	Med High	Raw	NA	FALSE	41.80097	-71.42778	2011	April	West End	9