row_number	crash_date	crash_report_id	crash_time	collision_type	count_pedestrian	count_bicycle	scooter	wheel_chair	number_of_vehicles	street_or_highway	nearest_intersection	report_date	type_of_roadway	road_surface_condition	light_condition	weather_condition	manner_of_impact	hit_and_run	traffic_control	person_count	injury_count	most_serious_injury	number_of_lanes	lat_raw	lon_raw	has_st_number	is_intersection_null	address_sent_to_geocoder	api_coord_conf	best_coordinate_set	reason_for_qa	manually_qaed_record	final_lat	final_lon	year	month	pvd_nhood	pvd_wards
3390	2011-07-02	79704	08:06:00	Bicycle	NA	1	FALSE	FALSE	1	825 hope st	4TH ST	2011-07-02	Two-Way, Divided, Unprotected (painted>4feet) Medium	Dry	Daylight	Clear	Unknown	No	No Controls	2	1	Pain Reported	NA	41.84936	-71.39485	TRUE	FALSE	825 Hope Street, Providence, RI, USA	High	Raw	NA	FALSE	41.84936	-71.39485	2011	July	Hope	3
3388	2011-07-04	79884	22:10:00	Bicycle	NA	1	FALSE	FALSE	1	HARTFORD AVE	OLNEYVILLE SQ	2011-07-04	One-Way Trafficway	Dry	Dark - Lighted	Clear	Angle (Front - to - Side) Right Angle (Includes Broadside)	No	No Controls	3	0	No Injury	NA	41.81674	-71.44437	FALSE	FALSE	Hartford Ave and Olneyville Sq, Providence, RI, USA	Med	Raw	NA	FALSE	41.81674	-71.44437	2011	July	Olneyville	15
3389	2011-07-04	79896	21:50:00	Pedestrian	1	NA	FALSE	FALSE	1	ROBIN ST	HARVEST ST	2011-07-04	Two-Way , Not Divided	Dry	Dark - Lighted	Clear	Other	No	No Controls	3	1	Pain Reported	NA	41.83156	-71.43602	FALSE	FALSE	Robin Street and Harvest Street, Providence, RI, USA	Med High	Raw	NA	FALSE	41.83156	-71.43602	2011	July	Valley	12
3387	2011-07-07	80284	14:14:00	Pedestrian	1	NA	FALSE	FALSE	1	CHALKSTONE AVE	GENEVA ST	2011-07-07	Two-Way , Not Divided	Dry	Daylight	Clear	Other	No	No Controls	4	1	Pain Reported	NA	41.83227	-71.44088	FALSE	FALSE	Chalkstone Ave and Geneva Street, Providence, RI, USA	Med High	Raw	NA	FALSE	41.83227	-71.44088	2011	July	Valley	6
3386	2011-07-08	80369	03:08:00	Pedestrian	1	NA	FALSE	FALSE	1	CONGRESS AVE	NIAGARA ST	2011-07-08	Two-Way , Not Divided	Dry	Dark - Lighted	Clear	Not a Collision Between Two Motor Vehicles in Transport	Yes	No Controls	1	1	Pain Reported	NA	41.80052	-71.4197	FALSE	FALSE	Congress Ave and Niagara Street, Providence, RI, USA	Med High	Raw	NA	FALSE	41.80052	-71.4197	2011	July	Elmwood	9
3384	2011-07-10	80591	09:46:00	Bicycle	NA	1	FALSE	FALSE	1	112 POCASSET AVE	MAGNOLIA ST	2011-07-10	Two-Way , Not Divided	Dry	Daylight	Clear	Angle (Front - to - Side) Right Angle (Includes Broadside)	No	No Controls	2	1	Pain Reported	NA	41.81136	-71.45203	TRUE	FALSE	112 Pocasset Ave, Providence, RI, USA	High	Raw	NA	FALSE	41.81136	-71.45203	2011	July	Silver Lake	15
3385	2011-07-10	82055	14:15:00	Bicycle	NA	1	FALSE	FALSE	1	GALLUP ST	PRAIRIE AVE	2011-07-11	Two-Way , Not Divided	Dry	Daylight	Clear	Other	No	No Controls	3	1	Pain Reported	NA	41.80002	-71.41247	FALSE	FALSE	Gallup Street and Prairie Ave, Providence, RI, USA	Med High	Raw	NA	FALSE	41.80002	-71.41247	2011	July	Lower South Providence	10
3382	2011-07-11	80680	11:19:00	Bicycle	NA	1	FALSE	FALSE	1	CHAPEL ST	SNOW ST	2011-07-11	One-Way Trafficway	Dry	Daylight	Clear	Angle (Front - to - Side) Right Angle (Includes Broadside)	No	Stop Signs	2	0	No Injury	NA	41.8212	-71.41384	FALSE	FALSE	Chapel Street and Snow Street, Providence, RI, USA	Med	Raw	NA	FALSE	41.8212	-71.41384	2011	July	Downtown	1
3383	2011-07-11	80760	21:15:00	Pedestrian	1	NA	FALSE	FALSE	1	280 Broad St.	NA	2011-07-11	Two-Way, Divided, Unprotected (painted>4feet) Medium	Dry	Dark - Lighted	Clear	Head-On (Front - to - Front)	Yes	No Controls	1	1	Pain Reported	NA	41.82503	-71.4148	TRUE	TRUE	280 Broad St., Providence, RI, USA	High	Geocoded	distance greater than 100m	TRUE	41.8149485	-71.4202425	2011	July	Upper South Providence	11
3380	2011-07-15	81271	01:09:00	Pedestrian	2	NA	FALSE	FALSE	1	ABBOTT PARK PL	WEYBOSSET ST	2011-07-15	One-Way Trafficway	Dry	Dark - Lighted	Clear	Not a Collision Between Two Motor Vehicles in Transport	Yes	No Controls	8	2	Incapacitating	NA	41.82061	-71.4134	FALSE	FALSE	Abbott Park Pl and Weybosset Street, Providence, RI, USA	Med High	Raw	NA	FALSE	41.82061	-71.4134	2011	July	Downtown	1
3381	2011-07-15	82867	18:11:00	Bicycle	NA	1	FALSE	FALSE	1	BANCROFT ST	KELLEY ST	2011-07-16	Two-Way , Not Divided	Dry	Daylight	Clear	Not a Collision Between Two Motor Vehicles in Transport	No	No Controls	3	0	No Injury	NA	41.81294	-71.44793	FALSE	FALSE	Bancroft Street and Kelley Street, Providence, RI, USA	Med High	Raw	NA	FALSE	41.81294	-71.44793	2011	July	Silver Lake	15
3379	2011-07-19	83335	13:37:00	Bicycle	NA	1	FALSE	FALSE	1	PUBLIC ST	BROAD ST	2011-07-21	Two-Way , Not Divided	Dry	Daylight	Clear	Not a Collision Between Two Motor Vehicles in Transport	No	Traffic Control Signal	4	0	No Injury	NA	41.80441	-71.41937	FALSE	FALSE	Public Street and Broad Street, Providence, RI, USA	Med High	Raw	NA	FALSE	41.80441	-71.41937	2011	July	Elmwood	9
3378	2011-07-20	82162	11:51:00	Bicycle	NA	1	FALSE	FALSE	1	549 RIVER AVE	EATON ST	2011-07-21	Two-Way , Not Divided	Dry	Daylight	Clear	Angle (Front - to - Side) Right Angle (Includes Broadside)	No	Traffic Control Signal	2	1	Non-Incapacitating	NA	41.84304	-71.44051	TRUE	FALSE	549 River Ave, Providence, RI, USA	High	Raw	NA	FALSE	41.84304	-71.44051	2011	July	Elmhurst	14
3376	2011-07-21	82157	09:59:00	Bicycle	NA	1	FALSE	FALSE	2	ANGELL ST	HOPE ST	2011-07-21	Two-Way , Not Divided	Dry	Daylight	Clear	Angle (Front - to - Side) Right Angle (Includes Broadside)	No	Traffic Control Signal	3	1	Pain Reported	NA	41.8284	-71.39751	FALSE	FALSE	Angell Street and Hope Street, Providence, RI, USA	Med High	Raw	NA	FALSE	41.8284	-71.39751	2011	July	College Hill	2
3377	2011-07-21	82187	12:21:00	Bicycle	NA	1	FALSE	FALSE	1	CHALKSTONE AVE	GARFIELD AVE	2011-07-21	Two-Way , Not Divided	Dry	Daylight	Clear	Angle (Front - to - Side) Right Angle (Includes Broadside)	No	No Controls	4	1	Incapacitating	2	41.83382	-71.43245	FALSE	FALSE	Chalkstone Ave and Garfield Ave, Providence, RI, USA	Med High	Raw	NA	FALSE	41.83382	-71.43245	2011	July	Valley	12
3375	2011-07-23	82508	22:21:00	Bicycle	NA	1	FALSE	FALSE	1	STATE STREET	EXIT 23	2011-07-23	One-Way Trafficway	Dry	Daylight	Clear	Angle (Front - to - Side) Opposite Direction	No	No Controls	2	1	Pain Reported	NA	41.83478	-71.41433	FALSE	FALSE	State Street and Exit 23, Providence, RI, USA	Med	Raw	distance greater than 100m	TRUE	41.83478	-71.41433	2011	July	Downtown	12
3374	2011-07-24	82622	13:20:00	Pedestrian	1	NA	FALSE	FALSE	1	BRADFORD ST	ATWELLS AVE	2011-07-24	Two-Way , Not Divided	Dry	Daylight	Clear	Not a Collision Between Two Motor Vehicles in Transport	No	Stop Signs	2	1	Pain Reported	NA	41.82323	-71.42178	FALSE	FALSE	Bradford Street and Atwells Ave, Providence, RI, USA	Med High	Raw	NA	FALSE	41.82323	-71.42178	2011	July	Federal Hill	13
3373	2011-07-25	86808	15:50:00	Bicycle	NA	1	FALSE	FALSE	1	MANTON AVE	FAIRFIELD AVE	2011-07-25	Two-Way , Not Divided	Dry	Daylight	Cloudy	Angle (Front - to - Side) Opposite Direction	No	No Controls	3	1	Pain Reported	NA	41.82568	-71.45655	FALSE	FALSE	Manton Ave and Fairfield Ave, Providence, RI, USA	Med High	Raw	NA	FALSE	41.82568	-71.45655	2011	July	Olneyville	6
3372	2011-07-26	82968	13:35:00	Pedestrian	1	NA	FALSE	TRUE	2	PLAIN ST	OLDHAM ST	2011-07-26	Unknown	Dry	Daylight	Clear	Other	No	No Controls	5	2	Pain Reported	NA	41.81281	-71.41214	FALSE	FALSE	Plain Street and Oldham Street, Providence, RI, USA	Med High	Raw	NA	FALSE	41.81281	-71.41214	2011	July	Upper South Providence	11
3371	2011-07-27	83161	17:21:00	Bicycle	NA	1	FALSE	FALSE	1	SORRENTO ST	LINWOOD AVE	2011-07-27	Two-Way , Not Divided	Dry	Daylight	Clear	Not a Collision Between Two Motor Vehicles in Transport	No	Stop Signs	3	1	Pain Reported	2	41.80786	-71.43737	FALSE	FALSE	Sorrento Street and Linwood Ave, Providence, RI, USA	Med High	Raw	NA	FALSE	41.80786	-71.43737	2011	July	West End	8
3370	2011-07-29	83480	12:50:00	Pedestrian	1	NA	FALSE	FALSE	1	Tell Street	Courtland Street	2011-07-29	Two-Way , Not Divided	Dry	Daylight	Cloudy	Not a Collision Between Two Motor Vehicles in Transport	No	No Controls	3	1	Incapacitating	1	41.82188	-71.43251	FALSE	FALSE	Tell Street and Courtland Street, Providence, RI, USA	Med High	Raw	NA	FALSE	41.82188	-71.43251	2011	July	Federal Hill	13
3369	2011-07-30	83517	01:02:00	Bicycle	NA	1	FALSE	FALSE	1	WESTMINSTER ST	EMPIRE ST	2011-07-30	One-Way Trafficway	Dry	Dark - Lighted	Clear	Angle (Front - to - Side) Right Angle (Includes Broadside)	No	Traffic Control Signal	3	1	Incapacitating	2	41.82097	-71.41532	FALSE	FALSE	Westminster Street and Empire Street, Providence, RI, USA	Med High	Raw	NA	FALSE	41.82097	-71.41532	2011	July	Downtown	1
3367	2011-08-04	84466	22:11:00	Bicycle	NA	1	FALSE	FALSE	1	WESTMINSTER ST	MEMORIAL BOULEVARD	2011-08-06	Two-Way , Not Divided	Dry	Dark - Lighted	Clear	Sidwswipe, Opposite Direction	No	Traffic Control Signal	2	1	Pain Reported	2	41.82529	-71.40895	FALSE	FALSE	Westminster Street and Memorial Boulevard, Providence, RI, USA	Med High	Raw	NA	FALSE	41.82529	-71.40895	2011	August	Downtown	1
3368	2011-08-04	87831	23:09:00	Pedestrian	1	NA	FALSE	FALSE	1	RESERVOIR AVE	ELMWOOD AVE	2011-08-30	Unknown	Dry	Dark - Lighted	Clear	Not a Collision Between Two Motor Vehicles in Transport	No	No Controls	3	1	Pain Reported	NA	41.79755	-71.42606	FALSE	FALSE	Reservoir Ave and Elmwood Ave, Providence, RI, USA	Med High	Raw	NA	FALSE	41.79755	-71.42606	2011	August	West End	9
3365	2011-08-05	84368	15:27:00	Bicycle	NA	1	FALSE	FALSE	1	EMPIRE ST	BROADWAY	2011-08-05	Two-Way, Divided, Positive Median Barrier	Dry	Daylight	Clear	Angle (Front - to - Side) Same Direction	No	No Controls	2	0	No Injury	2	41.82257	-71.41745	FALSE	FALSE	Empire Street and Broadway, Providence, RI, USA	Med High	Raw	NA	FALSE	41.82257	-71.41745	2011	August	Downtown	1
3366	2011-08-05	86232	01:32:00	Pedestrian	1	NA	FALSE	FALSE	1	ATWELLS AVE	MURPHY ST	2011-08-18	Two-Way, Divided, Unprotected (painted>4feet) Medium	Dry	Dark - Lighted	Clear	Sideswipe, Same Direction	No	No Controls	3	1	Pain Reported	NA	41.82373	-71.42884	FALSE	FALSE	Atwells Ave and Murphy Street, Providence, RI, USA	Med High	Raw	NA	FALSE	41.82373	-71.42884	2011	August	Federal Hill	13
3364	2011-08-06	84471	22:00:00	Pedestrian	1	NA	FALSE	FALSE	1	CHARLES ST	GILLEN ST	2011-08-07	Two-Way , Not Divided	Wet	Dark - Lighted	Rain	Not a Collision Between Two Motor Vehicles in Transport	Yes	No Controls	1	1	Pain Reported	2	41.85245	-71.42032	FALSE	FALSE	Charles Street and Gillen Street, Providence, RI, USA	Med	Raw	NA	FALSE	41.85245	-71.42032	2011	August	Charles	4
3363	2011-08-07	85354	09:49:00	Pedestrian	1	NA	FALSE	FALSE	1	INDIA ST	S MAIN ST	2011-08-12	Two-Way , Not Divided	Dry	Daylight	Clear	Sideswipe, Same Direction	No	No Controls	3	1	Pain Reported	NA	41.81634	-71.39891	FALSE	FALSE	India Street and S Main Street, Providence, RI, USA	Med High	Raw	NA	FALSE	41.81634	-71.39891	2011	August	Fox Point	1
3362	2011-08-09	84816	01:25:00	Bicycle	NA	1	FALSE	FALSE	1	W RIVER ST	BRANCH AVE	2011-08-09	Two-Way , Not Divided	Unknown	Dark - Not Lighted	Clear	Not a Collision Between Two Motor Vehicles in Transport	Yes	No Controls	1	0	Unknown	NA	41.8469	-71.41269	FALSE	FALSE	W River Street and Branch Ave, Providence, RI, USA	Med High	Raw	NA	FALSE	41.8469	-71.41269	2011	August	Mount Hope	4
3361	2011-08-10	90025	21:20:00	Pedestrian	1	NA	FALSE	FALSE	1	MITCHELL ST	HAMILTON ST	2011-09-13	Two-Way , Not Divided	Dry	Dark - Lighted	Clear	Other	No	No Controls	2	1	Pain Reported	NA	41.80035	-71.42268	FALSE	FALSE	Mitchell Street and Hamilton Street, Providence, RI, USA	Med High	Raw	NA	FALSE	41.80035	-71.42268	2011	August	Elmwood	9
3360	2011-08-11	85325	17:27:00	Pedestrian	1	NA	FALSE	FALSE	1	GLENHAM ST	PRAIRIE AVE	2011-08-11	Two-Way , Not Divided	Dry	Daylight	Clear	Not a Collision Between Two Motor Vehicles in Transport	No	Stop Signs	2	0	No Injury	NA	41.80609	-71.41509	FALSE	FALSE	Glenham Street and Prairie Ave, Providence, RI, USA	Med High	Raw	NA	FALSE	41.80609	-71.41509	2011	August	Upper South Providence	11
3358	2011-08-12	85379	09:41:00	Bicycle	NA	1	FALSE	FALSE	1	HOPE ST	CHARLESFIELD ST	2011-08-12	Two-Way , Not Divided	Dry	Daylight	Clear	Sideswipe, Same Direction	No	No Controls	2	1	Pain Reported	NA	41.82421	-71.39721	FALSE	FALSE	Hope Street and Charlesfield Street, Providence, RI, USA	Med High	Raw	NA	FALSE	41.82421	-71.39721	2011	August	College Hill	1
3359	2011-08-12	85507	13:43:00	Bicycle	NA	1	FALSE	FALSE	1	S MAIN ST	HOPKINS ST	2011-08-13	One-Way Trafficway	Dry	Daylight	Clear	Sideswipe, Same Direction	No	No Controls	3	1	Pain Reported	NA	41.82423	-71.40682	FALSE	FALSE	S Main Street and Hopkins Street, Providence, RI, USA	Med High	Raw	NA	FALSE	41.82423	-71.40682	2011	August	Downtown	2
3356	2011-08-15	85730	11:26:00	Pedestrian	1	NA	FALSE	FALSE	1	SUMTER ST	BROAD ST	2011-08-15	Two-Way , Not Divided	Wet	Daylight	Rain	Not a Collision Between Two Motor Vehicles in Transport	Yes	No Controls	1	1	Pain Reported	2	41.79774	-71.41412	FALSE	FALSE	Sumter Street and Broad Street, Providence, RI, USA	Med High	Raw	NA	FALSE	41.79774	-71.41412	2011	August	Elmwood	9
3357	2011-08-15	86267	09:10:00	Bicycle	NA	1	FALSE	FALSE	1	OLDHAM ST	PLAIN ST	2011-08-18	Two-Way , Not Divided	Wet	Daylight	Rain	Not a Collision Between Two Motor Vehicles in Transport	No	No Controls	2	1	Pain Reported	2	41.81328	-71.41232	FALSE	FALSE	Oldham Street and Plain Street, Providence, RI, USA	Med High	Raw	NA	FALSE	41.81328	-71.41232	2011	August	Upper South Providence	11
3353	2011-08-16	85921	15:07:00	Bicycle	1	NA	FALSE	FALSE	1	MANTON AVE	CHAFFEE ST	2011-08-16	Two-Way , Not Divided	Dry	Daylight	Clear	Angle (Front - to - Side) Opposite Direction	No	No Controls	2	1	Pain Reported	2	41.81852	-71.44539	FALSE	FALSE	Manton Ave and Chaffee Street, Providence, RI, USA	Med High	Raw	NA	FALSE	41.81852	-71.44539	2011	August	Olneyville	15
3355	2011-08-16	86099	13:31:00	Pedestrian	1	NA	FALSE	FALSE	1	ORMS ST EXIT 23	ORMS ST	2011-08-17	One-Way Trafficway	Dry	Daylight	Clear	Other	No	Traffic Control Signal	4	1	Pain Reported	NA	41.8348	-71.41434	FALSE	FALSE	Orms Street Exit 23 and Orms Street, Providence, RI, USA	Med High	Raw	distance greater than 100m	TRUE	41.8348	-71.41434	2011	August	Downtown	12
3352	2011-08-17	86762	18:41:00	Bicycle	NA	1	FALSE	FALSE	1	CRANSTON ST	WAVERLY ST	2011-08-21	Two-Way , Not Divided	Dry	Daylight	Clear	Not a Collision Between Two Motor Vehicles in Transport	Yes	No Controls	2	1	Pain Reported	2	41.80832	-71.43454	FALSE	FALSE	Cranston Street and Waverly Street, Providence, RI, USA	Med High	Raw	NA	FALSE	41.80832	-71.43454	2011	August	West End	8
3350	2011-08-18	86295	11:40:00	Pedestrian	1	NA	FALSE	FALSE	1	WEBSTER AVE	STERLING AVE	2011-08-18	Two-Way , Not Divided	Dry	Daylight	Clear	Sideswipe, Same Direction	No	No Controls	3	1	Pain Reported	NA	41.81064	-71.44936	FALSE	FALSE	Webster Ave and Sterling Ave, Providence, RI, USA	Med High	Raw	NA	FALSE	41.81064	-71.44936	2011	August	Silver Lake	15
3351	2011-08-18	86445	11:35:00	Bicycle	NA	1	FALSE	FALSE	1	Frost Street	North Main Street	2011-08-19	One-Way Trafficway	Dry	Daylight	Clear	Other	No	Traffic Control Signal	3	0	No Injury	2	41.85132	-71.40238	FALSE	FALSE	Frost Street and North Main Street, Providence, RI, USA	Med	Raw	NA	FALSE	41.85132	-71.40238	2011	August	Hope	3
3349	2011-08-19	86586	12:05:00	Pedestrian	2	NA	FALSE	FALSE	1	NORTH MAIN STREET	HEWES STREET	2011-08-19	One-Way Trafficway	Dry	Daylight	Clear	Not a Collision Between Two Motor Vehicles in Transport	No	Stop Signs	3	2	Pain Reported	2	41.83677	-71.40991	FALSE	FALSE	North Main Street and Hewes Street, Providence, RI, USA	Med	Raw	NA	FALSE	41.83677	-71.40991	2011	August	College Hill	3
3345	2011-08-21	86723	04:19:00	Pedestrian	1	NA	FALSE	FALSE	1	DOUGLAS AVE	CHAD BROWN ST	2011-08-21	Two-Way , Not Divided	Dry	Dark - Lighted	Clear	Not a Collision Between Two Motor Vehicles in Transport	Yes	Traffic Control Signal	2	1	Incapacitating	NA	41.83945	-71.42601	FALSE	FALSE	Douglas Ave and Chad Brown Street, Providence, RI, USA	Med High	Raw	NA	FALSE	41.83945	-71.42601	2011	August	Smith Hill	12
3346	2011-08-21	86741	12:18:00	Bicycle	NA	1	FALSE	FALSE	1	WASHINGTON ST	EMPIRE ST	2011-08-21	Two-Way , Not Divided	Dry	Daylight	Clear	Not a Collision Between Two Motor Vehicles in Transport	No	Traffic Control Signal	6	1	Incapacitating	NA	41.82182	-71.41645	FALSE	FALSE	Washington Street and Empire Street, Providence, RI, USA	Med	Raw	NA	FALSE	41.82182	-71.41645	2011	August	Downtown	1
3347	2011-08-21	86743	15:50:00	Pedestrian	1	NA	FALSE	FALSE	1	BROADWAY	ATWELLS AVE	2011-08-21	Two-Way, Divided, Positive Median Barrier	Dry	Daylight	Clear	Not a Collision Between Two Motor Vehicles in Transport	Yes	No Controls	2	0	Unknown	NA	41.8226	-71.41788	FALSE	FALSE	Broadway and Atwells Ave, Providence, RI, USA	Med	Raw	NA	FALSE	41.8226	-71.41788	2011	August	Downtown	1
3348	2011-08-21	86802	23:16:00	Bicycle	NA	1	FALSE	FALSE	1	WESTMINSTER ST	WESTMINSTER ST EXIT	2011-08-22	Two-Way , Not Divided	Wet	Daylight	Rain	Not a Collision Between Two Motor Vehicles in Transport	Yes	No Controls	1	1	Incapacitating	NA	41.81576	-71.4387	FALSE	FALSE	Westminster Street and Westminster St Exit, Providence, RI, USA	Med	Raw	distance greater than 100m	TRUE	41.81576	-71.4387	2011	August	West End	13
3344	2011-08-22	87232	16:00:00	Bicycle	NA	1	FALSE	FALSE	1	BASSETT ST	East Franklin Street	2011-08-22	Two-Way , Not Divided	Dry	Daylight	Clear	Not a Collision Between Two Motor Vehicles in Transport	No	Stop Signs	2	1	Pain Reported	2	41.8167	-71.41233	FALSE	FALSE	Bassett Street and East Franklin Street, Providence, RI, USA	Med High	Raw	NA	FALSE	41.8167	-71.41233	2011	August	Downtown	1
3342	2011-08-23	87045	15:21:00	Pedestrian	1	NA	FALSE	FALSE	1	GEORGE ST	HOPE ST	2011-08-23	Two-Way , Not Divided	Dry	Daylight	Clear	Other	No	Stop Signs	3	1	Pain Reported	2	41.82579	-71.39727	FALSE	FALSE	George Street and Hope Street, Providence, RI, USA	Med	Raw	NA	FALSE	41.82579	-71.39727	2011	August	College Hill	1
3343	2011-08-23	88037	16:41:00	Bicycle	NA	1	FALSE	FALSE	1	ACADEMY AVE	HEALTH AVE	2011-08-31	Two-Way , Not Divided	Dry	Daylight	Clear	Not a Collision Between Two Motor Vehicles in Transport	No	No Controls	3	1	Pain Reported	NA	41.82776	-71.4438	FALSE	FALSE	Academy Ave and Health Ave, Providence, RI, USA	Med High	Raw	NA	FALSE	41.82776	-71.4438	2011	August	Mount Pleasant	6
3340	2011-08-24	87231	19:15:00	Bicycle	NA	1	FALSE	FALSE	1	HOPE ST	OGDEN ST	2011-08-24	Two-Way , Not Divided	Dry	Dusk	Clear	Not a Collision Between Two Motor Vehicles in Transport	No	No Controls	5	1	Incapacitating	NA	41.85176	-71.39368	FALSE	FALSE	Hope Street and Ogden Street, Providence, RI, USA	Med High	Raw	NA	FALSE	41.85176	-71.39368	2011	August	Hope	3
3341	2011-08-24	87271	17:46:00	Bicycle	NA	1	FALSE	FALSE	1	BRANCH AVE	VANDEWATER ST	2011-08-24	Two-Way , Not Divided	Dry	Daylight	Clear	Not a Collision Between Two Motor Vehicles in Transport	No	No Controls	3	1	Incapacitating	2	41.85363	-71.42864	FALSE	FALSE	Branch Ave and Vandewater Street, Providence, RI, USA	Med High	Raw	NA	FALSE	41.85363	-71.42864	2011	August	Wanskuck	4
3339	2011-08-25	87987	16:23:00	Pedestrian	1	NA	FALSE	FALSE	1	W EXCHANGE ST	W EXCHANGE ST EXIT 22A	2011-08-25	One-Way Trafficway	Dry	Daylight	Clear	Not a Collision Between Two Motor Vehicles in Transport	No	No Controls	3	1	Pain Reported	NA	41.82482	-71.41768	FALSE	FALSE	W Exchange Street and W Exchange St Exit 22a, Providence, RI, USA	Med	Raw	distance greater than 100m	TRUE	41.82482	-71.41768	2011	August	Downtown	1
3338	2011-08-26	87829	22:12:00	Pedestrian	1	NA	FALSE	FALSE	1	ELMWOOD AVE	ADELAIDE AVE	2011-08-27	Two-Way, Divided, Positive Median Barrier	Dry	Dark - Lighted	Clear	Head-On (Front - to - Front)	No	No Controls	5	0	No Injury	NA	41.7959	-71.42512	FALSE	FALSE	Elmwood Ave and Adelaide Ave, Providence, RI, USA	Med High	Raw	NA	FALSE	41.7959	-71.42512	2011	August	Elmwood	8
3337	2011-08-27	87571	09:23:00	Pedestrian	1	NA	FALSE	FALSE	1	UNION AVE	WHITEHALL ST	2011-08-27	Unknown	Dry	Daylight	Clear	Other	No	No Controls	3	1	Pain Reported	NA	41.80786	-71.44358	FALSE	FALSE	Union Ave and Whitehall Street, Providence, RI, USA	Med	Raw	NA	FALSE	41.80786	-71.44358	2011	August	Silver Lake	15
3336	2011-08-29	87996	11:58:00	Pedestrian	1	NA	FALSE	FALSE	1	ANGELL ST	BROOK ST	2011-08-30	One-Way Trafficway	Dry	Daylight	Clear	Not a Collision Between Two Motor Vehicles in Transport	No	Traffic Control Signal	3	1	Pain Reported	NA	41.82821	-71.39947	FALSE	FALSE	Angell Street and Brook Street, Providence, RI, USA	Med High	Raw	NA	FALSE	41.82821	-71.39947	2011	August	College Hill	2
3335	2011-08-31	88134	15:38:00	Bicycle	NA	1	FALSE	FALSE	1	SMITH ST	GASPEE STREET	2011-09-01	Two-Way , Not Divided	Dry	Daylight	Clear	Not a Collision Between Two Motor Vehicles in Transport	No	Traffic Control Signal	2	0	No Injury	NA	41.83152	-71.41281	FALSE	FALSE	Smith Street and Gaspee Street, Providence, RI, USA	Med High	Raw	NA	FALSE	41.83152	-71.41281	2011	August	Downtown	12
3333	2011-09-01	88125	13:10:00	Pedestrian	1	NA	FALSE	FALSE	1	WATERMAN ST	GANO ST	2011-09-01	One-Way Trafficway	Dry	Daylight	Clear	Not a Collision Between Two Motor Vehicles in Transport	No	Traffic Control Signal	4	1	Non-Incapacitating	NA	41.82818	-71.39072	FALSE	FALSE	Waterman Street and Gano Street, Providence, RI, USA	Med High	Raw	NA	FALSE	41.82818	-71.39072	2011	September	Wayland	1
3334	2011-09-01	88167	23:57:00	Bicycle	NA	1	FALSE	FALSE	1	Thayer ST	Angell ST	2011-09-02	One-Way Trafficway	Dry	Dark - Lighted	Clear	Sideswipe, Same Direction	Yes	Traffic Control Signal	2	1	Pain Reported	1	41.8281	-71.40065	FALSE	FALSE	Thayer Street and Angell Street, Providence, RI, USA	Med High	Raw	NA	FALSE	41.8281	-71.40065	2011	September	College Hill	2
3330	2011-09-02	88246	14:45:00	Pedestrian	1	NA	FALSE	FALSE	1	CHALKSTONE AVE	GARFIELD AVE	2011-09-02	Two-Way , Not Divided	Dry	Daylight	Clear	Head-On (Front - to - Front)	No	No Controls	2	1	Incapacitating	NA	41.83382	-71.43268	FALSE	FALSE	Chalkstone Ave and Garfield Ave, Providence, RI, USA	Med High	Raw	NA	FALSE	41.83382	-71.43268	2011	September	Valley	12
3331	2011-09-02	88346	10:51:00	Bicycle	NA	1	FALSE	FALSE	1	SMITH ST	CALVERLY ST	2011-09-03	Two-Way , Not Divided	Dry	Daylight	Clear	Head-On (Front - to - Front)	No	No Controls	4	1	Incapacitating	2	41.83303	-71.42013	FALSE	FALSE	Smith Street and Calverly Street, Providence, RI, USA	Med High	Raw	NA	FALSE	41.83303	-71.42013	2011	September	Smith Hill	12
3332	2011-09-02	88634	17:19:00	Pedestrian	1	NA	FALSE	FALSE	1	MOWRY STREET	DOUGLAS AVE	2011-09-05	Two-Way , Not Divided	Dry	Daylight	Clear	Head-On (Front - to - Front)	No	Stop Signs	2	1	Pain Reported	NA	41.84364	-71.42786	FALSE	FALSE	Mowry Street and Douglas Ave, Providence, RI, USA	Med High	Raw	NA	FALSE	41.84364	-71.42786	2011	September	Wanskuck	14
3329	2011-09-04	88567	20:25:00	Bicycle	NA	1	FALSE	FALSE	1	Gallup Street	GORDON AVE	2011-09-04	One-Way Trafficway	Dry	Dark - Lighted	Clear	Angle (Front - to - Side) Right Angle (Includes Broadside)	No	No Controls	2	1	Pain Reported	NA	41.79987	-71.41329	FALSE	FALSE	Gallup Street and Gordon Ave, Providence, RI, USA	Med High	Raw	NA	FALSE	41.79987	-71.41329	2011	September	Lower South Providence	10
3328	2011-09-05	88918	13:04:00	Pedestrian	1	NA	FALSE	FALSE	1	FARRAGUT AVE	MONTGOMERY AVE	2011-09-06	Two-Way , Not Divided	Dry	Daylight	Clear	Not a Collision Between Two Motor Vehicles in Transport	No	No Controls	3	1	Incapacitating	NA	41.78652	-71.4053	FALSE	FALSE	Farragut Ave and Montgomery Ave, Providence, RI, USA	Med	Raw	distance greater than 100m	TRUE	41.78652	-71.4053	2011	September	Washington Park	10
3327	2011-09-06	88804	20:13:00	Pedestrian	1	NA	FALSE	FALSE	1	Broad	Malborough	2011-09-06	Two-Way , Not Divided	Wet	Dark - Lighted	Rain	Other	No	No Controls	6	1	Incapacitating	NA	41.83109	-71.4113	FALSE	FALSE	Broad and Malborough, Providence, RI, USA	Med	Geocoded	distance greater than 100m	TRUE	41.8057401	-71.4197858	2011	September	Elmwood	9