row_number	crash_date	crash_report_id	crash_time	collision_type	count_pedestrian	count_bicycle	scooter	wheel_chair	number_of_vehicles	street_or_highway	nearest_intersection	report_date	type_of_roadway	road_surface_condition	light_condition	weather_condition	manner_of_impact	hit_and_run	traffic_control	person_count	injury_count	most_serious_injury	number_of_lanes	lat_raw	lon_raw	has_st_number	is_intersection_null	address_sent_to_geocoder	api_coord_conf	best_coordinate_set	reason_for_qa	manually_qaed_record	final_lat	final_lon	year	month	pvd_nhood	pvd_wards
3202	2012-03-18	122101	02:10:00	Pedestrian	1	NA	FALSE	FALSE	1	South Main street	COLLEGE ST	2012-03-18	One-Way Trafficway	Dry	Dark - Lighted	Clear	Not a Collision Between Two Motor Vehicles in Transport	Yes	No Controls	4	1	Non-Incapacitating	2	41.82564	-71.40784	FALSE	FALSE	South Main Street and College Street, Providence, RI, USA	Med High	Raw	NA	FALSE	41.82564	-71.40784	2012	March	Downtown	1
3200	2012-03-19	122187	16:57:00	Bicycle	NA	1	FALSE	FALSE	1	PROGRESS AVE	TERRACE AVE	2012-03-19	Two-Way , Not Divided	Dry	Daylight	Clear	Other	No	No Controls	2	0	No Injury	NA	41.80815	-71.45059	FALSE	FALSE	Progress Ave and Terrace Ave, Providence, RI, USA	Med High	Raw	NA	FALSE	41.80815	-71.45059	2012	March	Silver Lake	15
3199	2012-03-20	122281	14:58:00	Pedestrian	1	NA	FALSE	FALSE	1	WESTMINSTER ST	ROUTE 10	2012-03-20	Two-Way , Not Divided	Dry	Daylight	Clear	Head-On (Front - to - Front)	No	Traffic Control Signal	3	1	Incapacitating	2	41.81592	-71.43943	FALSE	FALSE	Westminster Street and Route 10, Providence, RI, USA	Med High	Raw	distance greater than 100m	TRUE	41.81592	-71.43943	2012	March	Olneyville	13
3198	2012-03-21	122461	13:19:00	Pedestrian	1	NA	FALSE	FALSE	1	Broad Street	OXFORD ST	2012-03-21	Two-Way , Not Divided	Dry	Daylight	Clear	Not a Collision Between Two Motor Vehicles in Transport	No	Traffic Control Signal	2	1	Pain Reported	NA	41.80043	-71.41742	FALSE	FALSE	Broad Street and Oxford Street, Providence, RI, USA	Med	Raw	NA	FALSE	41.80043	-71.41742	2012	March	Elmwood	9
3196	2012-03-22	122636	18:05:00	Pedestrian	1	NA	FALSE	FALSE	1	PLAINFIELD ST	WEBSTER AVE	2012-03-22	Two-Way , Not Divided	Dry	Daylight	Clear	Not a Collision Between Two Motor Vehicles in Transport	Yes	No Controls	1	1	Pain Reported	NA	41.81367	-71.45059	FALSE	FALSE	Plainfield Street and Webster Ave, Providence, RI, USA	Med High	Raw	NA	FALSE	41.81367	-71.45059	2012	March	Silver Lake	15
3197	2012-03-22	122699	08:00:00	Pedestrian	1	NA	FALSE	FALSE	1	MANTON AVE	FRUIT HILL AVE	2012-03-23	Two-Way , Not Divided	Dry	Daylight	Clear	Other	No	Traffic Control Signal	2	0	No Injury	NA	41.83388	-71.46783	FALSE	FALSE	Manton Ave and Fruit Hill Ave, Providence, RI, USA	Med High	Raw	NA	FALSE	41.83388	-71.46783	2012	March	Manton	6
3195	2012-03-23	122791	22:18:00	Pedestrian	1	NA	FALSE	FALSE	1	CHALKSTONE AVE	GENEVA ST	2012-03-23	Two-Way , Not Divided	Dry	Dark - Lighted	Clear	Head-On (Front - to - Front)	Yes	No Controls	3	1	Pain Reported	NA	41.83227	-71.44094	FALSE	FALSE	Chalkstone Ave and Geneva Street, Providence, RI, USA	Med High	Raw	NA	FALSE	41.83227	-71.44094	2012	March	Valley	5
3194	2012-03-25	123759	04:03:00	Pedestrian	1	NA	FALSE	FALSE	1	HOLDEN ST	SMITH ST	2012-03-25	Two-Way , Not Divided	Wet	Dark - Lighted	Rain	Other	No	No Controls	3	1	Pain Reported	NA	41.83221	-71.41802	FALSE	FALSE	Holden Street and Smith Street, Providence, RI, USA	Med High	Raw	NA	FALSE	41.83221	-71.41802	2012	March	Smith Hill	12
3192	2012-03-28	123484	13:31:00	Pedestrian	1	NA	TRUE	TRUE	1	CAMP ST	DOYLE AVE	2012-03-29	Two-Way , Not Divided	Wet	Daylight	Rain	Other	No	Flashing Traffic Control Signal	4	1	Incapacitating	2	41.8388	-71.40419	FALSE	FALSE	Camp Street and Doyle Ave, Providence, RI, USA	Med High	Raw	NA	FALSE	41.8388	-71.40419	2012	March	Mount Hope	3
3193	2012-03-28	123510	14:18:00	Pedestrian	1	NA	FALSE	FALSE	1	BROAD ST	OXFORD ST	2012-03-29	Two-Way , Not Divided	Dry	Daylight	Cloudy	Not a Collision Between Two Motor Vehicles in Transport	No	Traffic Control Signal	3	1	Incapacitating	2	41.80043	-71.41742	FALSE	FALSE	Broad Street and Oxford Street, Providence, RI, USA	Med	Raw	NA	FALSE	41.80043	-71.41742	2012	March	Elmwood	9
3191	2012-03-30	125349	15:00:00	Bicycle	NA	1	FALSE	FALSE	1	BROADWAY	HARRIS AVE	2012-04-02	Two-Way , Not Divided	Dry	Daylight	Clear	Not a Collision Between Two Motor Vehicles in Transport	No	No Controls	3	0	No Injury	NA	41.81705	-71.44029	FALSE	FALSE	Broadway and Harris Ave, Providence, RI, USA	Med	Raw	NA	FALSE	41.81705	-71.44029	2012	March	Olneyville	15
3190	2012-03-31	124603	16:18:00	Pedestrian	1	NA	FALSE	FALSE	1	Reservoir Ave	STATE HWY 10 N	2012-04-06	Two-Way, Not Divided With a Continuous Left Turn Lane	Dry	Daylight	Clear	Not a Collision Between Two Motor Vehicles in Transport	Yes	Traffic Control Signal	1	0	Unknown	NA	41.78665	-71.43366	FALSE	FALSE	Reservoir Ave and State Hwy 10 N, Providence, RI, USA	Med	Raw	distance greater than 100m	TRUE	41.78665	-71.43366	2012	March	Reservoir	8
3188	2012-04-01	123829	18:42:00	Pedestrian	1	NA	FALSE	FALSE	1	PLAINFIELD ST	MURRAY ST	2012-04-01	Two-Way , Not Divided	Dry	Dark - Lighted	Cloudy	Not a Collision Between Two Motor Vehicles in Transport	No	Stop Signs	2	1	Pain Reported	NA	41.80998	-71.4625	FALSE	FALSE	Plainfield Street and Murray Street, Providence, RI, USA	Med High	Raw	NA	FALSE	41.80998	-71.4625	2012	April	Silver Lake	7
3189	2012-04-01	126266	17:23:00	Pedestrian	1	NA	FALSE	FALSE	1	DEAN ST	ATWELLS AVE	2012-04-18	Two-Way, Divided, Unprotected (painted>4feet) Medium	Dry	Daylight	Rain	Not a Collision Between Two Motor Vehicles in Transport	No	Traffic Control Signal	3	1	Pain Reported	NA	41.82339	-71.4242	FALSE	FALSE	Dean Street and Atwells Ave, Providence, RI, USA	Med High	Raw	NA	FALSE	41.82339	-71.4242	2012	April	Federal Hill	13
3187	2012-04-03	124383	12:01:00	Pedestrian	1	NA	FALSE	FALSE	1	cadillac dr	NIAGARA ST	2012-04-03	Two-Way, Divided, Unprotected (painted>4feet) Medium	Dry	Daylight	Clear	Other	No	No Controls	3	1	Non-Incapacitating	2	41.79939	-71.41614	FALSE	FALSE	Cadillac Dr and Niagara Street, Providence, RI, USA	Med High	Neither	distance greater than 100m	TRUE	41.793833	-71.415722	2012	April	Elmwood	9
3186	2012-04-04	124337	22:48:00	Bicycle	NA	NA	FALSE	FALSE	2	KINSLEY AVE	ACORN ST	2012-04-05	Two-Way, Divided, Unprotected (painted>4feet) Medium	Dry	Dark - Lighted	Cloudy	Other	Yes	No Controls	3	1	Incapacitating	2	41.82828	-71.42939	FALSE	FALSE	Kinsley Ave and Acorn Street, Providence, RI, USA	Med High	Raw	NA	FALSE	41.82828	-71.42939	2012	April	Valley	13
3185	2012-04-05	124377	10:29:00	Pedestrian	1	NA	FALSE	FALSE	1	GEORGE ST	HOPE ST	2012-04-05	Two-Way , Not Divided	Dry	Daylight	Clear	Not a Collision Between Two Motor Vehicles in Transport	No	Stop Signs	2	0	No Injury	NA	41.82579	-71.39727	FALSE	FALSE	George Street and Hope Street, Providence, RI, USA	Med	Raw	NA	FALSE	41.82579	-71.39727	2012	April	College Hill	1
3183	2012-04-06	124593	12:51:00	Pedestrian	1	NA	FALSE	FALSE	1	GALLUP ST	PRAIRIE AVE	2012-04-06	Two-Way , Not Divided	Dry	Daylight	Clear	Head-On (Front - to - Front)	Yes	No Controls	1	1	Pain Reported	NA	41.80013	-71.41189	FALSE	FALSE	Gallup Street and Prairie Ave, Providence, RI, USA	Med High	Raw	NA	FALSE	41.80013	-71.41189	2012	April	Lower South Providence	10
3184	2012-04-06	124830	22:09:00	Pedestrian	1	NA	FALSE	FALSE	1	BRIDGHAM ST	DIVISION ST	2012-04-07	Two-Way , Not Divided	Dry	Dark - Lighted	Clear	Not a Collision Between Two Motor Vehicles in Transport	No	No Controls	2	1	Incapacitating	NA	41.81529	-71.42761	FALSE	FALSE	Bridgham Street and Division Street, Providence, RI, USA	Med High	Raw	NA	FALSE	41.81529	-71.42761	2012	April	West End	13
3181	2012-04-10	125139	20:16:00	Pedestrian	1	NA	FALSE	FALSE	1	DOYLE AVE	CAMP ST	2012-04-10	Two-Way , Not Divided	Dry	Dark - Lighted	Clear	Not a Collision Between Two Motor Vehicles in Transport	No	No Controls	3	1	Pain Reported	NA	41.83879	-71.40369	FALSE	FALSE	Doyle Ave and Camp Street, Providence, RI, USA	Med High	Raw	NA	FALSE	41.83879	-71.40369	2012	April	Mount Hope	3
3182	2012-04-10	125235	16:14:00	Pedestrian	1	NA	FALSE	FALSE	1	UNION ST	FULTON ST	2012-04-11	One-Way Trafficway	Dry	Daylight	Clear	Other	No	No Controls	3	0	No Injury	NA	41.82299	-71.41321	FALSE	FALSE	Union Street and Fulton Street, Providence, RI, USA	Med	Raw	NA	FALSE	41.82299	-71.41321	2012	April	Downtown	1
3180	2012-04-11	125203	10:59:00	Pedestrian	1	NA	FALSE	FALSE	1	KENNEDY PLZ   C STOP	ARCADE ST	2012-04-11	One-Way Trafficway	Dry	Daylight	Clear	Other	No	No Controls	5	1	Incapacitating	1	41.82463	-71.4117	FALSE	FALSE	Kennedy Plz   C Stop and Arcade Street, Providence, RI, USA	Med	Raw	NA	FALSE	41.82463	-71.4117	2012	April	Downtown	1
3178	2012-04-12	125350	13:40:00	Bicycle	NA	1	FALSE	FALSE	1	ELMWOOD AVE	ARCH ST	2012-04-12	One-Way Trafficway	Wet	Daylight	Cloudy	Not a Collision Between Two Motor Vehicles in Transport	No	No Controls	2	0	No Injury	NA	41.81207	-71.42257	FALSE	FALSE	Elmwood Ave and Arch Street, Providence, RI, USA	Med High	Raw	NA	FALSE	41.81207	-71.42257	2012	April	West End	11
3179	2012-04-12	125427	19:36:00	Bicycle	NA	1	FALSE	FALSE	1	HOPE ST	NORTH AVE	2012-04-12	Two-Way, Divided, Unprotected (painted>4feet) Medium	Dry	Dusk	Clear	Angle (Front - to - Side) Right Angle (Includes Broadside)	No	No Controls	5	1	Pain Reported	NA	41.85325	-71.39295	FALSE	FALSE	Hope Street and North Ave, Providence, RI, USA	Med High	Raw	NA	FALSE	41.85325	-71.39295	2012	April	Hope	2
3177	2012-04-13	126091	14:42:00	Pedestrian	1	NA	FALSE	FALSE	1	DOUGLAS AVE	CHALKSTONE AVE	2012-04-17	Two-Way , Not Divided	Dry	Daylight	Clear	Other	Yes	No Controls	1	1	Pain Reported	NA	41.83637	-71.42039	FALSE	FALSE	Douglas Ave and Chalkstone Ave, Providence, RI, USA	Med High	Raw	NA	FALSE	41.83637	-71.42039	2012	April	Smith Hill	4
3176	2012-04-17	126054	08:33:00	Bicycle	NA	1	FALSE	FALSE	2	CHAFFEE STREET	MANTON AVE	2012-04-17	Two-Way , Not Divided	Dry	Daylight	Clear	Head-On (Front - to - Front)	No	Stop Signs	3	2	Pain Reported	1	41.81874	-71.44566	FALSE	FALSE	Chaffee Street and Manton Ave, Providence, RI, USA	Med High	Raw	NA	FALSE	41.81874	-71.44566	2012	April	Olneyville	15
3175	2012-04-20	126546	13:05:00	Pedestrian	1	NA	FALSE	FALSE	1	WATERMAN ST	THAYER ST	2012-04-21	One-Way Trafficway	Dry	Daylight	Clear	Not a Collision Between Two Motor Vehicles in Transport	No	Traffic Control Signal	2	0	No Injury	NA	41.82728	-71.40054	FALSE	FALSE	Waterman Street and Thayer Street, Providence, RI, USA	Med High	Raw	NA	FALSE	41.82728	-71.40054	2012	April	College Hill	2
3172	2012-04-23	126761	08:29:00	Pedestrian	1	NA	FALSE	FALSE	1	284 THAYER ST.	CUSHING ST	2012-04-23	One-Way Trafficway	Wet	Daylight	Rain	Not a Collision Between Two Motor Vehicles in Transport	Yes	No Controls	1	1	Pain Reported	NA	41.82961	-71.40085	TRUE	FALSE	284 Thayer St., Providence, RI, USA	High	Raw	NA	FALSE	41.82961	-71.40085	2012	April	College Hill	2
3173	2012-04-23	126765	09:03:00	Pedestrian	1	NA	FALSE	FALSE	1	WILLARD AVE	PLAIN ST	2012-04-23	Two-Way , Not Divided	Wet	Daylight	Rain	Other	No	Stop Signs	3	1	Pain Reported	NA	41.80891	-71.41075	FALSE	FALSE	Willard Ave and Plain Street, Providence, RI, USA	Med High	Raw	NA	FALSE	41.80891	-71.41075	2012	April	Upper South Providence	11
3174	2012-04-23	126866	19:36:00	Pedestrian	1	NA	FALSE	FALSE	1	CHARLES ST	CHARLES ST	2012-04-23	Two-Way , Not Divided	Wet	Daylight	Rain	Not a Collision Between Two Motor Vehicles in Transport	Yes	No Controls	1	1	Pain Reported	NA	41.84679	-71.41934	FALSE	FALSE	Charles Street and Charles Street, Providence, RI, USA	Med	Raw	NA	FALSE	41.84679	-71.41934	2012	April	Charles	4
3171	2012-04-26	127117	07:04:00	Pedestrian	1	NA	FALSE	FALSE	1	EATON ST	SHARON ST	2012-04-26	Two-Way , Not Divided	Dry	Daylight	Clear	Not a Collision Between Two Motor Vehicles in Transport	No	No Controls	3	1	Pain Reported	2	41.84334	-71.44244	FALSE	FALSE	Eaton Street and Sharon Street, Providence, RI, USA	Med High	Raw	NA	FALSE	41.84334	-71.44244	2012	April	Elmhurst	14
3170	2012-04-29	127429	02:16:00	Pedestrian	1	NA	FALSE	FALSE	1	VIOLET ST	ORMS ST	2012-04-29	Two-Way , Not Divided	Dry	Dark - Lighted	Clear	Not a Collision Between Two Motor Vehicles in Transport	Yes	No Controls	2	1	Pain Reported	NA	41.83397	-71.42645	FALSE	FALSE	Violet Street and Orms Street, Providence, RI, USA	Med High	Raw	NA	FALSE	41.83397	-71.42645	2012	April	Smith Hill	12
3169	2012-04-30	127556	10:35:00	Pedestrian	1	NA	FALSE	FALSE	1	WASHINGTON ST	UNION ST	2012-04-30	Two-Way , Not Divided	Dry	Daylight	Clear	Other	No	No Controls	2	1	Pain Reported	NA	41.82373	-71.41381	FALSE	FALSE	Washington Street and Union Street, Providence, RI, USA	Med	Raw	NA	FALSE	41.82373	-71.41381	2012	April	Downtown	1
3168	2012-05-02	127924	15:55:00	Pedestrian	1	NA	FALSE	FALSE	1	CRANSTON ST	ALTHEA ST	2012-05-02	Two-Way , Not Divided	Dry	Daylight	Cloudy	Not a Collision Between Two Motor Vehicles in Transport	No	No Controls	3	1	Pain Reported	NA	41.80775	-71.435059999999993	FALSE	FALSE	Cranston Street and Althea Street, Providence, RI, USA	Med High	Raw	NA	FALSE	41.80775	-71.435059999999993	2012	May	West End	8
3167	2012-05-06	128481	23:03:00	Bicycle	NA	1	FALSE	FALSE	1	UNION AVE	WEBSTER AVE	2012-05-06	Two-Way , Not Divided	Dry	Dark - Lighted	Clear	Not a Collision Between Two Motor Vehicles in Transport	Yes	No Controls	1	1	Pain Reported	NA	41.80665	-71.44823	FALSE	FALSE	Union Ave and Webster Ave, Providence, RI, USA	Med	Raw	NA	FALSE	41.80665	-71.44823	2012	May	Silver Lake	15
3166	2012-05-07	128552	09:40:00	Pedestrian	1	NA	FALSE	FALSE	1	WESTMINSTER ST	BRIDGHAM ST	2012-05-07	Unknown	Dry	Daylight	Clear	Not a Collision Between Two Motor Vehicles in Transport	No	No Controls	2	1	Pain Reported	NA	41.81692	-71.42837	FALSE	FALSE	Westminster Street and Bridgham Street, Providence, RI, USA	Med High	Raw	NA	FALSE	41.81692	-71.42837	2012	May	West End	11
3165	2012-05-10	129207	15:34:00	Bicycle	NA	1	FALSE	FALSE	1	WASHINGTON ST	SNOW ST	2012-05-10	Two-Way , Not Divided	Dry	Daylight	Clear	Angle (Front - to - Side) Same Direction	No	No Controls	2	1	Pain Reported	2	41.82252	-71.4155	FALSE	FALSE	Washington Street and Snow Street, Providence, RI, USA	Med High	Raw	NA	FALSE	41.82252	-71.4155	2012	May	Downtown	1
3162	2012-05-13	129499	18:04:00	Pedestrian	1	NA	FALSE	FALSE	1	CHALKSTONE AVE	VICTORIA ST	2012-05-13	Two-Way , Not Divided	Dry	Daylight	Clear	Unknown	Yes	No Controls	1	1	Pain Reported	NA	41.83227	-71.45424	FALSE	FALSE	Chalkstone Ave and Victoria Street, Providence, RI, USA	Med High	Raw	NA	FALSE	41.83227	-71.45424	2012	May	Mount Pleasant	5
3163	2012-05-13	129565	22:42:00	Bicycle	NA	1	FALSE	FALSE	1	ORMS ST	SMITH ST	2012-05-13	Two-Way , Not Divided	Dry	Dark - Lighted	Clear	Not a Collision Between Two Motor Vehicles in Transport	No	Traffic Control Signal	4	1	Non-Incapacitating	NA	41.83377	-71.42198	FALSE	FALSE	Orms Street and Smith Street, Providence, RI, USA	Med High	Raw	NA	FALSE	41.83377	-71.42198	2012	May	Smith Hill	12
3164	2012-05-13	129722	23:24:00	Bicycle	NA	1	FALSE	FALSE	1	JOHNSON ST	EDDY ST	2012-05-15	Two-Way , Not Divided	Dry	Dark - Lighted	Clear	Not a Collision Between Two Motor Vehicles in Transport	Yes	No Controls	1	0	Unknown	2	41.79337	-71.404	FALSE	FALSE	Johnson Street and Eddy Street, Providence, RI, USA	Med High	Raw	NA	FALSE	41.79337	-71.404	2012	May	Washington Park	10
3161	2012-05-16	129985	21:09:00	Pedestrian	1	NA	FALSE	FALSE	1	CHALKSTONE AVE	CAMDEN AVE	2012-05-16	Two-Way , Not Divided	Dry	Dark - Lighted	Clear	Unknown	No	No Controls	3	1	Pain Reported	NA	41.83531	-71.42529	FALSE	FALSE	Chalkstone Ave and Camden Ave, Providence, RI, USA	Med High	Raw	NA	FALSE	41.83531	-71.42529	2012	May	Smith Hill	12
3160	2012-05-17	130105	18:24:00	Pedestrian	1	NA	FALSE	FALSE	1	UNIT ST	MAYNARD ST	2012-05-17	Two-Way , Not Divided	Dry	Daylight	Clear	Not a Collision Between Two Motor Vehicles in Transport	No	No Controls	3	1	Pain Reported	NA	41.82817	-71.45461	FALSE	FALSE	Unit Street and Maynard Street, Providence, RI, USA	Med High	Raw	NA	FALSE	41.82817	-71.45461	2012	May	Mount Pleasant	6
3159	2012-05-20	130439	02:18:00	Pedestrian	1	NA	FALSE	FALSE	1	HAYWARD ST	PEARL ST	2012-05-20	Two-Way , Not Divided	Dry	Dark - Lighted	Clear	Not a Collision Between Two Motor Vehicles in Transport	Yes	No Controls	1	1	Pain Reported	NA	41.8142	-71.41992	FALSE	FALSE	Hayward Street and Pearl Street, Providence, RI, USA	Med High	Raw	NA	FALSE	41.8142	-71.41992	2012	May	Upper South Providence	11
3158	2012-05-21	130601	11:14:00	Pedestrian	1	NA	FALSE	FALSE	1	MESSER ST	490 CRANSTON ST	2012-05-21	Two-Way , Not Divided	Dry	Daylight	Cloudy	Not a Collision Between Two Motor Vehicles in Transport	No	Stop Signs	2	1	Pain Reported	NA	41.80965	-71.43343	FALSE	FALSE	Messer Street and 490 Cranston Street, Providence, RI, USA	Med High	Raw	NA	FALSE	41.80965	-71.43343	2012	May	West End	8
3157	2012-05-22	130837	10:56:00	Pedestrian	1	NA	FALSE	FALSE	1	321 SOUTH MAIN ST.	S MAIN ST	2012-05-22	One-Way Trafficway	Wet	Daylight	Rain	Sideswipe, Same Direction	No	No Controls	2	1	Pain Reported	NA	41.82168	-71.40446	TRUE	FALSE	321 South Main St., Providence, RI, USA	High	Raw	NA	FALSE	41.82168	-71.40446	2012	May	Fox Point	1
3155	2012-05-26	131538	01:56:00	Pedestrian	1	NA	FALSE	FALSE	1	UNION AVE	CUMERFORD ST	2012-05-26	Two-Way , Not Divided	Dry	Dark - Lighted	Clear	Not a Collision Between Two Motor Vehicles in Transport	Yes	No Controls	1	1	Pain Reported	NA	41.808	-71.44303	FALSE	FALSE	Union Ave and Cumerford Street, Providence, RI, USA	Med High	Raw	NA	FALSE	41.808	-71.44303	2012	May	Silver Lake	15
3156	2012-05-26	132047	22:24:00	Pedestrian	1	NA	FALSE	FALSE	1	FRANCIS ST	AMERICAN EXPRESS PLZ	2012-05-27	Two-Way, Divided, Unprotected (painted>4feet) Medium	Dry	Dark - Lighted	Clear	Not a Collision Between Two Motor Vehicles in Transport	No	No Controls	3	1	Pain Reported	NA	41.82798	-71.41533	FALSE	FALSE	Francis Street and American Express Plz, Providence, RI, USA	Med	Raw	distance greater than 100m	TRUE	41.82798	-71.41533	2012	May	Downtown	12
3154	2012-05-28	131981	08:56:00	Bicycle	NA	1	FALSE	FALSE	1	387 CHARLES ST	SILVER SPRING ST	2012-05-29	Two-Way , Not Divided	Dry	Daylight	Clear	Angle (Front - to - Side) Right Angle (Includes Broadside)	No	Traffic Control Signal	3	1	Pain Reported	2	41.8437	-71.41835	TRUE	FALSE	387 Charles Street, Providence, RI, USA	High	Raw	NA	FALSE	41.8437	-71.41835	2012	May	Charles	4
3153	2012-05-29	132068	14:50:00	Pedestrian	1	NA	FALSE	FALSE	1	PRAIRIE AVE	THURBERS AVE	2012-05-29	Two-Way , Not Divided	Dry	Daylight	Clear	Head-On (Front - to - Front)	Yes	No Controls	2	1	Pain Reported	NA	41.79869	-71.41189	FALSE	FALSE	Prairie Ave and Thurbers Ave, Providence, RI, USA	Med High	Raw	NA	FALSE	41.79869	-71.41189	2012	May	Lower South Providence	10
3152	2012-05-30	132358	10:05:00	Bicycle	NA	1	FALSE	FALSE	1	BROADWAY	DEAN ST	2012-05-31	Two-Way , Not Divided	Dry	Daylight	Cloudy	Angle (Front - to - Side) Right Angle (Includes Broadside)	No	Traffic Control Signal	3	1	Pain Reported	NA	41.8214	-71.42253	FALSE	FALSE	Broadway and Dean Street, Providence, RI, USA	Med	Raw	NA	FALSE	41.8214	-71.42253	2012	May	Federal Hill	13
3150	2012-05-31	132461	15:01:00	Bicycle	NA	1	FALSE	FALSE	1	John Street	Governor Street	2012-05-31	Two-Way , Not Divided	Dry	Daylight	Clear	Not a Collision Between Two Motor Vehicles in Transport	No	No Controls	2	1	Incapacitating	2	41.82253	-71.39402	FALSE	FALSE	John Street and Governor Street, Providence, RI, USA	Med	Raw	NA	FALSE	41.82253	-71.39402	2012	May	Fox Point	1
3151	2012-05-31	132497	18:49:00	Pedestrian	1	NA	FALSE	FALSE	1	VIOLET ST	CHALKSTONE AVE	2012-05-31	Two-Way , Not Divided	Dry	Daylight	Clear	Not a Collision Between Two Motor Vehicles in Transport	No	No Controls	3	0	No Injury	NA	41.83464	-71.42661	FALSE	FALSE	Violet Street and Chalkstone Ave, Providence, RI, USA	Med High	Raw	NA	FALSE	41.83464	-71.42661	2012	May	Smith Hill	12
3149	2012-06-01	132553	18:30:00	Bicycle	NA	1	FALSE	FALSE	1	LEAH ST	FAIRMOUNT AVE	2012-06-01	Two-Way , Not Divided	Dry	Daylight	Clear	Head-On (Front - to - Front)	No	No Controls	2	1	Incapacitating	NA	41.82591	-71.45146	FALSE	FALSE	Leah Street and Fairmount Ave, Providence, RI, USA	Med High	Raw	NA	FALSE	41.82591	-71.45146	2012	June	Mount Pleasant	6
3145	2012-06-03	132814	03:02:00	Pedestrian	1	NA	FALSE	FALSE	1	SERVICE ROAD 7	BROAD ST.	2012-06-03	One-Way Trafficway	Dry	Dark - Lighted	Clear	Not a Collision Between Two Motor Vehicles in Transport	No	Traffic Control Signal	5	1	Incapacitating	2	41.81736	-71.41696	FALSE	FALSE	Service Road 7 and Broad St., Providence, RI, USA	Med High	Raw	NA	FALSE	41.81736	-71.41696	2012	June	Upper South Providence	11
3146	2012-06-03	132866	17:20:00	Bicycle	NA	1	FALSE	FALSE	1	Manton Ave	Riverdale St	2012-06-03	Two-Way , Not Divided	Dry	Daylight	Clear	Not a Collision Between Two Motor Vehicles in Transport	No	No Controls	7	1	Incapacitating	2	41.82628	-71.45977	FALSE	FALSE	Manton Ave and Riverdale Street, Providence, RI, USA	Med High	Raw	NA	FALSE	41.82628	-71.45977	2012	June	Manton	6
3147	2012-06-03	132868	18:41:00	Pedestrian	1	NA	FALSE	FALSE	1	PLAINFIELD ST	DUXBURY ST	2012-06-03	Two-Way, Divided, Positive Median Barrier	Dry	Daylight	Clear	Other	No	No Controls	2	1	Pain Reported	NA	41.81216	-71.46155	FALSE	FALSE	Plainfield Street and Duxbury Street, Providence, RI, USA	Med High	Raw	NA	FALSE	41.81216	-71.46155	2012	June	Silver Lake	7
3148	2012-06-03	132877	16:31:00	Pedestrian	1	NA	FALSE	FALSE	1	SORRENTO ST	LINWOOD AVENUE	2012-06-03	Two-Way , Not Divided	Dry	Daylight	Clear	Not a Collision Between Two Motor Vehicles in Transport	No	No Controls	4	1	Pain Reported	2	41.80829	-71.437	FALSE	FALSE	Sorrento Street and Linwood Avenue, Providence, RI, USA	Med High	Raw	NA	FALSE	41.80829	-71.437	2012	June	West End	8
3143	2012-06-05	133026	17:41:00	Pedestrian	1	NA	FALSE	FALSE	1	711 Broad Street	BROAD ST	2012-06-05	Unknown	Dry	Daylight	Cloudy	Unknown	No	No Controls	4	1	Pain Reported	NA	41.80483	-71.4195	TRUE	FALSE	711 Broad Street, Providence, RI, USA	High	Raw	NA	FALSE	41.80483	-71.4195	2012	June	Elmwood	9
3142	2012-06-06	133931	12:23:00	Pedestrian	1	NA	FALSE	FALSE	1	PUTNAM ST	AMHERST ST	2012-06-06	Two-Way , Not Divided	Dry	Daylight	Cloudy	Angle (Front - to - Side) Right Angle (Includes Broadside)	No	Stop Signs	3	1	Pain Reported	NA	41.82338	-71.44394	FALSE	FALSE	Putnam Street and Amherst Street, Providence, RI, USA	Med High	Raw	NA	FALSE	41.82338	-71.44394	2012	June	Olneyville	15
3141	2012-06-09	133748	23:23:00	Pedestrian	1	NA	FALSE	FALSE	1	SASSAFRAS ST	SAVINGS ST	2012-06-11	Two-Way , Not Divided	Dry	Dark - Unknown Lighting	Clear	Not a Collision Between Two Motor Vehicles in Transport	No	No Controls	3	1	Pain Reported	NA	41.7939	-71.41379	FALSE	FALSE	Sassafras Street and Savings Street, Providence, RI, USA	Med High	Raw	NA	FALSE	41.7939	-71.41379	2012	June	Elmwood	9
3140	2012-06-10	133549	08:16:00	Bicycle	NA	1	FALSE	FALSE	1	LESTER ST	GILMORE ST	2012-06-10	Two-Way , Not Divided	Dry	Daylight	Clear	Angle (Front - to - Side) Right Angle (Includes Broadside)	No	Stop Signs	3	0	No Injury	NA	41.81312	-71.42722	FALSE	FALSE	Lester Street and Gilmore Street, Providence, RI, USA	Med High	Raw	NA	FALSE	41.81312	-71.42722	2012	June	West End	11
3138	2012-06-11	133806	15:02:00	Bicycle	NA	1	FALSE	FALSE	1	ELMWOOD AVE	WHITMARSH ST	2012-06-11	Two-Way , Not Divided	Dry	Daylight	Cloudy	Not a Collision Between Two Motor Vehicles in Transport	No	No Controls	2	1	Pain Reported	NA	41.80604	-71.42504	FALSE	FALSE	Elmwood Ave and Whitmarsh Street, Providence, RI, USA	Med High	Raw	NA	FALSE	41.80604	-71.42504	2012	June	West End	9
3139	2012-06-11	133820	15:26:00	Pedestrian	1	NA	FALSE	FALSE	1	NEWARK ST	VALLEY ST	2012-06-11	Two-Way , Not Divided	Dry	Daylight	Clear	Head-On (Front - to - Front)	No	Stop Signs	3	1	Pain Reported	NA	41.82521	-71.43931	FALSE	FALSE	Newark Street and Valley Street, Providence, RI, USA	Med High	Raw	NA	FALSE	41.82521	-71.43931	2012	June	Valley	12