row_number	crash_date	crash_report_id	crash_time	collision_type	count_pedestrian	count_bicycle	scooter	wheel_chair	number_of_vehicles	street_or_highway	nearest_intersection	report_date	type_of_roadway	road_surface_condition	light_condition	weather_condition	manner_of_impact	hit_and_run	traffic_control	person_count	injury_count	most_serious_injury	number_of_lanes	lat_raw	lon_raw	has_st_number	is_intersection_null	address_sent_to_geocoder	api_coord_conf	best_coordinate_set	reason_for_qa	manually_qaed_record	final_lat	final_lon	year	month	pvd_nhood	pvd_wards
2882	2013-04-15	175589	06:46:00	Pedestrian	1	NA	FALSE	FALSE	1	WESTMINISTER STREET	SERVICE ROAD # 3	2013-04-15	Two-Way , Not Divided	Dry	Daylight	Clear	Other	Yes	No Controls	1	1	Pain Reported	2	41.82477	-71.41987	FALSE	FALSE	Westminister Street and Service Road # 3, Providence, RI, USA	Med High	Geocoded	distance greater than 100m	TRUE	41.816332	-71.4406099	2013	April	Olneyville	15
2883	2013-04-15	175845	17:40:00	Pedestrian	1	NA	FALSE	FALSE	1	RAYMOND STREET	CHALKSTONE AVENUE	2013-04-15	Two-Way , Not Divided	Dry	Daylight	Clear	Not a Collision Between Two Motor Vehicles in Transport	No	Traffic Control Signal	2	1	Non-Incapacitating	2	41.82609	-71.42328	FALSE	FALSE	Raymond Street and Chalkstone Avenue, Providence, RI, USA	Med	Geocoded	distance greater than 100m	TRUE	41.834203	-71.4302486	2013	April	Elmhurst	12
2880	2013-04-16	175739	10:32:00	Bicycle	NA	1	FALSE	FALSE	1	BENEVOLENT ST	BROOK ST	2013-04-16	Two-Way , Not Divided	Dry	Daylight	Clear	Angle (Front - to - Side) Right Angle (Includes Broadside)	No	Stop Signs	3	1	Pain Reported	NA	41.8249	-71.39897	FALSE	FALSE	Benevolent Street and Brook Street, Providence, RI, USA	Med High	Raw	NA	FALSE	41.8249	-71.39897	2013	April	College Hill	1
2881	2013-04-16	175782	14:18:00	Bicycle	NA	1	FALSE	FALSE	1	VALLEY ST	EAGLE ST	2013-04-16	Two-Way , Not Divided	Dry	Daylight	Clear	Other	No	Flashing Traffic Control Signal	3	1	Pain Reported	NA	41.82741	-71.4364	FALSE	FALSE	Valley Street and Eagle Street, Providence, RI, USA	Med High	Raw	NA	FALSE	41.82741	-71.4364	2013	April	Valley	12
2879	2013-04-18	176056	23:29:00	Bicycle	NA	1	FALSE	FALSE	1	COLLEGE ST	WESTMINSTER ST	2013-04-19	Two-Way , Not Divided	Dry	Dark - Lighted	Cloudy	Not a Collision Between Two Motor Vehicles in Transport	No	Traffic Control Signal	5	1	Incapacitating	2	41.8253	-71.40888	FALSE	FALSE	College Street and Westminster Street, Providence, RI, USA	Med	Raw	NA	FALSE	41.8253	-71.40888	2013	April	Downtown	1
2878	2013-04-19	176091	18:09:00	Pedestrian	1	NA	FALSE	FALSE	1	N MAIN ST	N MAIN ST	2013-04-19	Two-Way, Divided, Positive Median Barrier	Wet	Dusk	Cloudy	Head-On (Front - to - Front)	No	No Controls	2	1	Pain Reported	NA	41.8434	-71.40715	FALSE	FALSE	N Main Street and N Main Street, Providence, RI, USA	Med	Raw	distance greater than 100m	TRUE	41.8434	-71.40715	2013	April	Mount Hope	3
2877	2013-04-20	176125	02:10:00	Pedestrian	2	NA	FALSE	FALSE	1	548 Atwells Ave	EAGLE ST	2013-04-20	Two-Way , Not Divided	Wet	Dark - Lighted	Rain	Not a Collision Between Two Motor Vehicles in Transport	No	No Controls	4	2	Pain Reported	NA	41.82439	-71.43469	TRUE	FALSE	548 Atwells Ave, Providence, RI, USA	High	Raw	NA	FALSE	41.82439	-71.43469	2013	April	Olneyville	13
2875	2013-04-22	176372	08:04:00	Pedestrian	1	NA	FALSE	FALSE	1	CUTLER STREET	ATWELLS AVENUE	2013-04-22	Two-Way , Not Divided	Dry	Daylight	Clear	Other	Yes	No Controls	1	1	Pain Reported	2	41.82435	-71.41963	FALSE	FALSE	Cutler Street and Atwells Avenue, Providence, RI, USA	Med High	Geocoded	distance greater than 100m	TRUE	41.8246953	-71.4415532	2013	April	Olneyville	12
2876	2013-04-22	176392	11:30:00	Bicycle	NA	1	FALSE	FALSE	1	1500 BROAD STREET	NA	2013-04-22	Two-Way , Not Divided	Dry	Daylight	Clear	Head-On (Front - to - Front)	No	No Controls	4	1	Non-Incapacitating	2	41.83116	-71.41751	TRUE	TRUE	1500 Broad Street, Providence, RI, USA	High	Geocoded	distance greater than 100m	TRUE	41.7865493	-71.4017784	2013	April	Washington Park	10
2873	2013-04-24	176607	18:09:00	Pedestrian	1	NA	FALSE	FALSE	1	plain st	BORDEN ST	2013-04-24	Two-Way , Not Divided	Dry	Daylight	Clear	Not a Collision Between Two Motor Vehicles in Transport	Yes	Stop Signs	1	1	Pain Reported	2	41.81334	-71.41232	FALSE	FALSE	Plain Street and Borden Street, Providence, RI, USA	Med High	Raw	NA	FALSE	41.81334	-71.41232	2013	April	Upper South Providence	11
2874	2013-04-24	176613	18:45:00	Bicycle	NA	1	FALSE	FALSE	1	160 JULIAN STREET	AMHERST ST	2013-04-24	Two-Way , Not Divided	Dry	Daylight	Clear	Angle - Direction Not Specified	No	No Controls	2	1	Pain Reported	2	41.82379	-71.44476	TRUE	FALSE	160 Julian Street, Providence, RI, USA	High	Raw	NA	FALSE	41.82379	-71.44476	2013	April	Olneyville	6
2872	2013-04-27	176807	23:39:00	Pedestrian	1	NA	FALSE	FALSE	1	338 Manton Ave	AMHERST ST	2013-04-27	Two-Way , Not Divided	Dry	Dark - Lighted	Clear	Not a Collision Between Two Motor Vehicles in Transport	No	No Controls	3	1	Pain Reported	2	41.82336	-71.45111	TRUE	FALSE	338 Manton Ave, Providence, RI, USA	High	Raw	NA	FALSE	41.82336	-71.45111	2013	April	Olneyville	15
2870	2013-04-28	177006	14:53:00	Bicycle	NA	1	FALSE	FALSE	1	WATERMAN ST	HENDERSON BRIDGE	2013-04-28	One-Way Trafficway	Dry	Daylight	Clear	Sideswipe, Same Direction	No	No Controls	4	1	Pain Reported	NA	41.82759	-71.38289	FALSE	FALSE	Waterman Street and Henderson Bridge, Providence, RI, USA	Med High	Raw	NA	FALSE	41.82759	-71.38289	2013	April	Wayland	1
2871	2013-04-28	177674	21:37:00	Pedestrian	1	NA	FALSE	FALSE	1	44 WARREN ST	FULLER ST	2013-05-03	Two-Way , Not Divided	Dry	Dark - Lighted	Cloudy	Sideswipe, Same Direction	Yes	No Controls	2	1	Pain Reported	NA	41.81081	-71.42593	TRUE	FALSE	44 Warren Street, Providence, RI, USA	High	Raw	NA	FALSE	41.81081	-71.42593	2013	April	West End	11
2868	2013-04-30	177281	09:31:00	Pedestrian	1	NA	FALSE	FALSE	1	PLAINFIELD STREET	ELDER PL	2013-04-30	Two-Way, Divided, Unprotected (painted>4feet) Medium	Dry	Daylight	Clear	Not a Collision Between Two Motor Vehicles in Transport	Yes	Person	3	1	Pain Reported	NA	41.81293	-71.4574	FALSE	FALSE	Plainfield Street and Elder Pl, Providence, RI, USA	Med High	Raw	NA	FALSE	41.81293	-71.4574	2013	April	Silver Lake	7
2869	2013-04-30	177345	23:31:00	Pedestrian	1	NA	FALSE	FALSE	1	DORRANCE STREET	WASHINGTON ST	2013-05-01	One-Way Trafficway	Dry	Dark - Lighted	Clear	Not a Collision Between Two Motor Vehicles in Transport	No	Traffic Control Signal	3	1	Incapacitating	NA	41.82458	-71.41297	FALSE	FALSE	Dorrance Street and Washington Street, Providence, RI, USA	Med High	Raw	NA	FALSE	41.82458	-71.41297	2013	April	Downtown	1
2867	2013-05-01	177367	10:36:00	Pedestrian	1	NA	FALSE	FALSE	1	1473 broad st	BROAD ST	2013-05-01	Two-Way, Divided, Positive Median Barrier	Dry	Daylight	Clear	Not a Collision Between Two Motor Vehicles in Transport	No	No Controls	2	1	Pain Reported	1	41.78732	-71.40273	TRUE	FALSE	1473 Broad Street, Providence, RI, USA	High	Raw	NA	FALSE	41.78732	-71.40273	2013	May	Washington Park	10
2865	2013-05-03	177669	15:32:00	Pedestrian	1	NA	FALSE	FALSE	1	CHARLESFIELD ST	HOPE ST	2013-05-03	Two-Way , Not Divided	Dry	Daylight	Clear	Not a Collision Between Two Motor Vehicles in Transport	Yes	Traffic Control Signal	1	1	Pain Reported	NA	41.82414	-71.3972	FALSE	FALSE	Charlesfield Street and Hope Street, Providence, RI, USA	Med High	Raw	NA	FALSE	41.82414	-71.3972	2013	May	College Hill	1
2866	2013-05-03	177718	20:31:00	Bicycle	NA	1	FALSE	FALSE	1	Washington St	Greene St	2013-05-04	Two-Way , Not Divided	Dry	Dark - Lighted	Clear	Not a Collision Between Two Motor Vehicles in Transport	Yes	Traffic Control Signal	2	1	Pain Reported	NA	41.82126	-71.4172	FALSE	FALSE	Washington Street and Greene Street, Providence, RI, USA	Med	Raw	NA	FALSE	41.82126	-71.4172	2013	May	Downtown	1
2864	2013-05-04	177797	18:35:00	Bicycle	NA	NA	FALSE	FALSE	2	WILLIAMS ST	BROOK ST	2013-05-04	Two-Way , Not Divided	Dry	Daylight	Clear	Not a Collision Between Two Motor Vehicles in Transport	No	Stop Signs	3	2	Non-Incapacitating	NA	41.82245	-71.39859	FALSE	FALSE	Williams Street and Brook Street, Providence, RI, USA	Med	Raw	NA	FALSE	41.82245	-71.39859	2013	May	Fox Point	1
2863	2013-05-05	177913	17:52:00	Pedestrian	1	NA	FALSE	FALSE	1	98/ 100 Rosedale St	ELLERY ST	2013-05-05	Two-Way , Not Divided	Dry	Daylight	Clear	Not a Collision Between Two Motor Vehicles in Transport	No	No Controls	7	1	Fatal	2	41.81055	-71.43911	FALSE	FALSE	98/ 100 Rosedale Street and Ellery Street, Providence, RI, USA	Med High	Raw	NA	FALSE	41.81055	-71.43911	2013	May	West End	13
2861	2013-05-09	178267	10:29:00	Pedestrian	1	NA	FALSE	FALSE	1	HAWTHORNE ST	BUCKLIN ST	2013-05-09	Two-Way , Not Divided	Wet	Daylight	Cloudy	Not a Collision Between Two Motor Vehicles in Transport	No	No Controls	2	1	Pain Reported	NA	41.80097	-71.42778	FALSE	FALSE	Hawthorne Street and Bucklin Street, Providence, RI, USA	Med	Raw	NA	FALSE	41.80097	-71.42778	2013	May	West End	9
2859	2013-05-14	178826	11:04:00	Pedestrian	1	NA	FALSE	FALSE	1	MANTON AVE	GREENWOOD ST	2013-05-14	Two-Way , Not Divided	Dry	Daylight	Clear	Not a Collision Between Two Motor Vehicles in Transport	No	No Controls	2	1	Pain Reported	NA	41.82377	-71.45168	FALSE	FALSE	Manton Ave and Greenwood Street, Providence, RI, USA	Med High	Raw	NA	FALSE	41.82377	-71.45168	2013	May	Olneyville	15
2860	2013-05-14	178875	16:45:00	Bicycle	NA	1	FALSE	FALSE	1	35 Hollis St	PARADE ST	2013-05-14	Two-Way , Not Divided	Dry	Daylight	Cloudy	Not a Collision Between Two Motor Vehicles in Transport	No	No Controls	5	1	Pain Reported	2	41.81071	-71.43095	TRUE	FALSE	35 Hollis Street, Providence, RI, USA	High	Raw	NA	FALSE	41.81071	-71.43095	2013	May	West End	8
2857	2013-05-15	179030	21:46:00	Bicycle	NA	1	FALSE	FALSE	1	KILLINGLY ST	DUXBURY ST	2013-05-15	Two-Way, Divided, Positive Median Barrier	Dry	Dark - Lighted	Cloudy	Head-On (Front - to - Front)	No	No Controls	2	1	Pain Reported	NA	41.81381	-71.46094	FALSE	FALSE	Killingly Street and Duxbury Street, Providence, RI, USA	Med High	Raw	NA	FALSE	41.81381	-71.46094	2013	May	Hartford	7
2858	2013-05-15	179032	23:08:00	Pedestrian	1	NA	FALSE	FALSE	1	Dorrance St	Westminster St	2013-05-16	Two-Way, Divided, Unprotected (painted>4feet) Medium	Dry	Dark - Lighted	Clear	Not a Collision Between Two Motor Vehicles in Transport	Yes	Traffic Control Signal	2	1	Pain Reported	NA	41.82361	-71.41167	FALSE	FALSE	Dorrance Street and Westminster Street, Providence, RI, USA	Med High	Raw	NA	FALSE	41.82361	-71.41167	2013	May	Downtown	1
2856	2013-05-16	179105	16:25:00	Bicycle	NA	1	FALSE	FALSE	1	Governor Street	ANGELL ST	2013-05-16	One-Way Trafficway	Dry	Daylight	Clear	Not a Collision Between Two Motor Vehicles in Transport	No	No Controls	3	1	Pain Reported	1	41.82835	-71.39391	FALSE	FALSE	Governor Street and Angell Street, Providence, RI, USA	Med High	Raw	NA	FALSE	41.82835	-71.39391	2013	May	College Hill	1
2855	2013-05-17	179246	11:57:00	Bicycle	NA	1	FALSE	FALSE	1	153 BROAD STREET	CLAVERICK STREET	2013-05-17	Two-Way , Not Divided	Dry	Daylight	Clear	Other	No	No Controls	2	1	Pain Reported	2	41.82955	-71.41802	TRUE	FALSE	153 Broad Street, Providence, RI, USA	High	Geocoded	distance greater than 100m	TRUE	41.8174696	-71.4167938	2013	May	Upper South Providence	11
2853	2013-05-18	179281	09:49:00	Bicycle	NA	1	FALSE	FALSE	1	550 Hartford ave	HARTFORD AVE	2013-05-18	Two-Way , Not Divided	Dry	Daylight	Clear	Head-On (Front - to - Front)	Yes	No Controls	2	1	Pain Reported	NA	41.81913	-71.4627	TRUE	FALSE	550 Hartford Ave, Providence, RI, USA	High	Raw	distance greater than 100m	TRUE	41.81913	-71.4627	2013	May	Hartford	7
2854	2013-05-18	179364	19:39:00	Pedestrian	2	NA	FALSE	FALSE	1	AUDREY ST	BOWDOIN ST	2013-05-18	Two-Way , Not Divided	Dry	Daylight	Clear	Head-On (Front - to - Front)	Yes	No Controls	2	2	Pain Reported	NA	41.82033	-71.44318	FALSE	FALSE	Audrey Street and Bowdoin Street, Providence, RI, USA	Med High	Raw	NA	FALSE	41.82033	-71.44318	2013	May	Olneyville	15
2852	2013-05-19	179425	20:52:00	Bicycle	NA	1	FALSE	FALSE	1	A ST	PERKINS ST	2013-05-19	Two-Way , Not Divided	Wet	Dark - Lighted	Rain	Not a Collision Between Two Motor Vehicles in Transport	Yes	No Controls	4	1	Pain Reported	2	41.81459	-71.42379	FALSE	FALSE	A Street and Perkins Street, Providence, RI, USA	Med	Raw	NA	FALSE	41.81459	-71.42379	2013	May	West End	11
2851	2013-05-20	179494	17:30:00	Bicycle	NA	1	FALSE	FALSE	1	Somerset	NA	2013-05-20	Two-Way , Not Divided	Dry	Daylight	Clear	Not a Collision Between Two Motor Vehicles in Transport	No	No Controls	3	1	Pain Reported	NA	41.81255	-71.41833	FALSE	TRUE	Somerset, Providence, RI, USA	Inaccurate	Raw	NA	FALSE	41.81255	-71.41833	2013	May	Upper South Providence	11
2850	2013-05-22	179747	19:48:00	Bicycle	NA	1	FALSE	FALSE	1	11 Sackett St	NA	2013-05-22	Two-Way , Not Divided	Dry	Dusk	Clear	Not a Collision Between Two Motor Vehicles in Transport	No	No Controls	2	1	Pain Reported	NA	41.79594	-71.41283	TRUE	TRUE	11 Sackett Street, Providence, RI, USA	High	Raw	NA	FALSE	41.79594	-71.41283	2013	May	Elmwood	9
2849	2013-05-26	180345	01:11:00	Bicycle	NA	1	FALSE	FALSE	1	SABIN ST	MATHEWSON ST	2013-05-27	One-Way Trafficway	Wet	Dark - Lighted	Cloudy	Angle (Front - to - Side) Right Angle (Includes Broadside)	No	No Controls	2	1	Pain Reported	NA	41.82397	-71.4163	FALSE	FALSE	Sabin Street and Mathewson Street, Providence, RI, USA	Med	Raw	distance greater than 100m	TRUE	41.82397	-71.4163	2013	May	Downtown	1
2848	2013-05-28	180549	04:18:00	Pedestrian	1	NA	FALSE	FALSE	1	BATH ST	W PARK ST	2013-05-28	Two-Way , Not Divided	Dry	Dark - Lighted	Clear	Not a Collision Between Two Motor Vehicles in Transport	No	No Controls	4	1	Fatal	NA	41.83186	-71.4246	FALSE	FALSE	Bath Street and W Park Street, Providence, RI, USA	Med High	Raw	NA	FALSE	41.83186	-71.4246	2013	May	Smith Hill	12
2847	2013-05-29	180709	17:27:00	Pedestrian	1	NA	FALSE	FALSE	1	WAYLAND AVE	S ANGELL ST	2013-05-29	Two-Way , Not Divided	Dry	Daylight	Clear	Other	No	Traffic Control Signal	2	1	Pain Reported	2	41.83003	-71.38795	FALSE	FALSE	Wayland Ave and S Angell Street, Providence, RI, USA	Med High	Raw	NA	FALSE	41.83003	-71.38795	2013	May	Wayland	1
2845	2013-05-30	180742	07:03:00	Pedestrian	1	NA	FALSE	FALSE	1	EDDY STREET	DUDLEY STREET	2013-05-30	Two-Way , Not Divided	Dry	Daylight	Clear	Other	No	Traffic Control Signal	2	1	Pain Reported	2	41.82602	-71.41884	FALSE	FALSE	Eddy Street and Dudley Street, Providence, RI, USA	Med High	Geocoded	distance greater than 100m	TRUE	41.8108122	-71.4071917	2013	May	Upper South Providence	11
2846	2013-05-30	180771	10:59:00	Pedestrian	1	NA	FALSE	FALSE	1	WASHINGTON STREET	GREENE STREET	2013-05-30	Two-Way , Not Divided	Dry	Daylight	Clear	Other	No	No Controls	2	1	Non-Incapacitating	2	41.82762	-71.41844	FALSE	FALSE	Washington Street and Greene Street, Providence, RI, USA	Med	Geocoded	distance greater than 100m	TRUE	41.8212779	-71.417227	2013	May	Downtown	1
2843	2013-05-31	181003	17:18:00	Pedestrian	1	NA	FALSE	FALSE	1	Smith Street	River Avenue	2013-05-31	Two-Way , Not Divided	Dry	Daylight	Clear	Unknown	No	No Controls	2	0	No Injury	NA	41.84063	-71.44055	FALSE	FALSE	Smith Street and River Avenue, Providence, RI, USA	Med	Raw	NA	FALSE	41.84063	-71.44055	2013	May	Elmhurst	5
2844	2013-05-31	181047	16:34:00	Pedestrian	1	NA	FALSE	FALSE	1	160 Pine St	RICHMOND ST	2013-05-31	One-Way Trafficway	Other	Daylight	Clear	Not a Collision Between Two Motor Vehicles in Transport	No	Flashing Traffic Control Signal	10	2	Pain Reported	1	41.82051	-71.41189	TRUE	FALSE	160 Pine Street, Providence, RI, USA	High	Raw	NA	FALSE	41.82051	-71.41189	2013	May	Downtown	1
2842	2013-06-01	181201	12:46:00	Bicycle	NA	1	FALSE	FALSE	1	BYFIELD ST	BROAD ST	2013-06-02	Two-Way , Not Divided	Dry	Daylight	Clear	Angle (Front - to - Side) Right Angle (Includes Broadside)	No	Stop Signs	3	1	Non-Incapacitating	2	41.79439	-71.40993	FALSE	FALSE	Byfield Street and Broad Street, Providence, RI, USA	Med High	Raw	NA	FALSE	41.79439	-71.40993	2013	June	Elmwood	9
2839	2013-06-03	181335	15:25:00	Pedestrian	1	NA	FALSE	FALSE	1	SILVER SPRING ST	ROYAL LITTLE DR	2013-06-03	Two-Way, Divided, Unprotected (painted>4feet) Medium	Wet	Daylight	Cloudy	Angle (Front - to - Side) Right Angle (Includes Broadside)	No	No Controls	2	1	Pain Reported	NA	41.84669	-71.41621	FALSE	FALSE	Silver Spring Street and Royal Little Dr, Providence, RI, USA	Med High	Raw	NA	FALSE	41.84669	-71.41621	2013	June	Charles	4
2840	2013-06-03	181350	13:10:00	Pedestrian	1	NA	FALSE	FALSE	1	530 NORTH MAIN ST	RANDALL SQ	2013-06-03	Unknown	Dry	Daylight	Cloudy	Unknown	No	No Controls	2	1	Pain Reported	NA	41.83694	-71.40987	TRUE	FALSE	530 North Main Street, Providence, RI, USA	High	Raw	NA	FALSE	41.83694	-71.40987	2013	June	College Hill	3
2838	2013-06-04	181473	13:08:00	Pedestrian	1	NA	FALSE	FALSE	1	FENNER STREET	NA	2013-06-04	Two-Way , Not Divided	Dry	Daylight	Clear	Other	No	No Controls	3	1	Non-Incapacitating	NA	41.82672	-71.41981	FALSE	TRUE	Fenner Street, Providence, RI, USA	Inaccurate	Geocoded	distance greater than 100m	TRUE	41.8185258	-71.4162027	2013	June	Downtown	1
2837	2013-06-05	181663	10:19:00	Pedestrian	1	NA	FALSE	FALSE	1	1023 CHALKSTONE AVENUE	NA	2013-06-05	Two-Way , Not Divided	Dry	Daylight	Clear	Other	Yes	No Controls	1	1	Non-Incapacitating	2	41.82678	-71.41882	TRUE	TRUE	1023 Chalkstone Avenue, Providence, RI, USA	High	Geocoded	distance greater than 100m	TRUE	41.8324965	-71.4415608	2013	June	Elmhurst	5
2836	2013-06-06	181945	14:25:00	Pedestrian	1	NA	FALSE	FALSE	1	WATERMAN ST	BROWN ST	2013-06-07	One-Way Trafficway	Dry	Daylight	Clear	Other	No	Pavement Markings	3	1	Pain Reported	NA	41.82705	-71.40304	FALSE	FALSE	Waterman Street and Brown Street, Providence, RI, USA	Med High	Raw	NA	FALSE	41.82705	-71.40304	2013	June	College Hill	2
2835	2013-06-08	182191	14:08:00	Bicycle	NA	1	FALSE	FALSE	1	102 ALTHEA ST	NA	2013-06-08	Two-Way , Not Divided	Dry	Daylight	Clear	Not a Collision Between Two Motor Vehicles in Transport	No	No Controls	2	1	Pain Reported	2	41.80804	-71.4357	TRUE	TRUE	102 Althea Street, Providence, RI, USA	High	Geocoded	distance greater than 100m	TRUE	41.8069843	-71.4329166	2013	June	West End	8
2834	2013-06-10	183726	12:30:00	Pedestrian	1	NA	FALSE	FALSE	1	Cranston St.	HUNTINGTON AVE	2013-06-18	Two-Way , Not Divided	Dry	Daylight	Clear	Angle (Front - to - Side) Right Angle (Includes Broadside)	No	Traffic Control Signal	2	1	Pain Reported	NA	41.80379	-71.43918	FALSE	FALSE	Cranston St. and Huntington Ave, Providence, RI, USA	Med High	Raw	NA	FALSE	41.80379	-71.43918	2013	June	West End	8
2833	2013-06-12	183059	17:02:00	Pedestrian	1	NA	FALSE	FALSE	1	Chalkstone Ave	Violet St	2013-06-12	Two-Way , Not Divided	Dry	Daylight	Clear	Not a Collision Between Two Motor Vehicles in Transport	Yes	No Controls	1	1	Pain Reported	NA	41.83495	-71.42669	FALSE	FALSE	Chalkstone Ave and Violet Street, Providence, RI, USA	Med High	Raw	NA	FALSE	41.83495	-71.42669	2013	June	Smith Hill	12
2831	2013-06-13	183115	11:36:00	Pedestrian	1	NA	FALSE	FALSE	1	SMITH ST	ACADEMY AVE	2013-06-13	Two-Way , Not Divided	Wet	Daylight	Rain	Not a Collision Between Two Motor Vehicles in Transport	Yes	Traffic Control Signal	3	0	No Injury	2	41.84258	-71.44515	FALSE	FALSE	Smith Street and Academy Ave, Providence, RI, USA	Med High	Raw	NA	FALSE	41.84258	-71.44515	2013	June	Mount Pleasant	5
2832	2013-06-13	183246	22:55:00	Bicycle	NA	1	FALSE	FALSE	1	Friendship	LOCKWOOD ST	2013-06-13	Two-Way , Not Divided	Wet	Dark - Unknown Lighting	Rain	Angle (Front - to - Side) Right Angle (Includes Broadside)	No	Stop Signs	2	1	Pain Reported	1	41.81367	-71.4174	FALSE	FALSE	Friendship and Lockwood Street, Providence, RI, USA	Med	Raw	NA	FALSE	41.81367	-71.4174	2013	June	Upper South Providence	11
2830	2013-06-15	183496	23:00:00	Pedestrian	1	NA	FALSE	FALSE	1	DEAN ST	UNNAMED_38	2013-06-16	One-Way Trafficway	Dry	Dark - Lighted	Clear	Other	Yes	No Controls	1	1	Non-Incapacitating	NA	41.82995	-71.42713	FALSE	FALSE	Dean Street and Unnamed_38, Providence, RI, USA	Med	Raw	distance greater than 100m	TRUE	41.82995	-71.42713	2013	June	Valley	12
2829	2013-06-17	183711	16:10:00	Pedestrian	1	NA	FALSE	FALSE	1	WICKENDEN ST	TRAVERSE ST	2013-06-17	Two-Way , Not Divided	Dry	Daylight	Clear	Not a Collision Between Two Motor Vehicles in Transport	No	No Controls	2	1	Pain Reported	2	41.8193	-71.39969	FALSE	FALSE	Wickenden Street and Traverse Street, Providence, RI, USA	Med High	Raw	NA	FALSE	41.8193	-71.39969	2013	June	Fox Point	1
2828	2013-06-19	183933	20:33:00	Pedestrian	1	NA	FALSE	FALSE	1	unknown	unknown	2013-06-19	Two-Way , Not Divided	Unknown	Dark - Lighted	Cloudy	Not a Collision Between Two Motor Vehicles in Transport	Yes	Unknown	1	1	Pain Reported	2	41.82547	-71.40121	FALSE	FALSE	Unknown and Unknown, Providence, RI, USA	Med	Raw	distance greater than 100m	TRUE	41.82547	-71.40121	2013	June	College Hill	2
2827	2013-06-30	185346	19:07:00	Bicycle	NA	1	FALSE	FALSE	1	CRANSTON ST	WAVERLY ST	2013-06-30	Two-Way , Not Divided	Dry	Daylight	Cloudy	Not a Collision Between Two Motor Vehicles in Transport	No	No Controls	2	1	Pain Reported	NA	41.80832	-71.43454	FALSE	FALSE	Cranston Street and Waverly Street, Providence, RI, USA	Med High	Raw	NA	FALSE	41.80832	-71.43454	2013	June	West End	8
2824	2013-07-01	185417	15:23:00	Bicycle	NA	1	FALSE	FALSE	1	INDUSTRIAL DR	N MAIN ST	2013-07-01	Two-Way, Divided, Unprotected (painted>4feet) Medium	Dry	Daylight	Cloudy	Angle (Front - to - Side) Same Direction	Yes	Flashing Traffic Control Signal	3	1	Pain Reported	NA	41.84063	-71.40872	FALSE	FALSE	Industrial Dr and N Main Street, Providence, RI, USA	Med	Raw	NA	FALSE	41.84063	-71.40872	2013	July	Mount Hope	3
2825	2013-07-01	185467	21:09:00	Pedestrian	1	NA	FALSE	FALSE	1	1022 BROAD STREET	BROAD ST	2013-07-01	Two-Way , Not Divided	Wet	Dark - Not Lighted	Rain	Not a Collision Between Two Motor Vehicles in Transport	Yes	No Controls	2	1	Incapacitating	NA	41.79716	-71.41337	TRUE	FALSE	1022 Broad Street, Providence, RI, USA	High	Raw	NA	FALSE	41.79716	-71.41337	2013	July	Elmwood	10
2826	2013-07-01	186734	17:00:00	Pedestrian	1	NA	FALSE	FALSE	1	ELMWOOD AVE	POTTERS AVE	2013-07-13	Unknown	Dry	Daylight	Clear	Not a Collision Between Two Motor Vehicles in Transport	Yes	No Controls	3	1	Pain Reported	NA	41.80149	-71.42636	FALSE	FALSE	Elmwood Ave and Potters Ave, Providence, RI, USA	Med High	Raw	NA	FALSE	41.80149	-71.42636	2013	July	West End	9
2823	2013-07-03	185656	16:46:00	Pedestrian	1	NA	FALSE	FALSE	1	BROADWAY	KNIGHT ST	2013-07-03	Two-Way , Not Divided	Dry	Daylight	Clear	Not a Collision Between Two Motor Vehicles in Transport	No	Traffic Control Signal	2	1	Pain Reported	NA	41.8198	-71.42936	FALSE	FALSE	Broadway and Knight Street, Providence, RI, USA	Med	Raw	NA	FALSE	41.8198	-71.42936	2013	July	Federal Hill	13
2821	2013-07-05	185796	13:45:00	Pedestrian	1	NA	FALSE	FALSE	1	PUBLIC ST	TEMPLE ST	2013-07-05	Two-Way , Not Divided	Dry	Daylight	Clear	Other	No	No Controls	5	1	Pain Reported	NA	41.80691	-71.40895	FALSE	FALSE	Public Street and Temple Street, Providence, RI, USA	Med High	Raw	NA	FALSE	41.80691	-71.40895	2013	July	Upper South Providence	11
2822	2013-07-05	185863	13:17:00	Bicycle	NA	1	FALSE	FALSE	1	220 NIANTIC AVENUE	NA	2013-07-05	Two-Way , Not Divided	Dry	Daylight	Clear	Rear End(Front-to-Rear)	No	No Controls	2	1	Non-Incapacitating	2	41.84187	-71.41864	TRUE	TRUE	220 Niantic Avenue, Providence, RI, USA	High	Geocoded	distance greater than 100m	TRUE	41.7965615	-71.4379325	2013	July	Reservoir	8
2820	2013-07-06	185986	23:27:00	Bicycle	NA	1	FALSE	FALSE	1	SERVICE ROAD 8	BROADWAY	2013-07-07	Two-Way , Not Divided	Dry	Dark - Lighted	Clear	Not a Collision Between Two Motor Vehicles in Transport	No	Traffic Control Signal	2	1	Pain Reported	4	41.82212	-71.41976	FALSE	FALSE	Service Road 8 and Broadway, Providence, RI, USA	Med High	Raw	distance greater than 100m	TRUE	41.82212	-71.41976	2013	July	Federal Hill	1