row_number	crash_date	crash_report_id	crash_time	collision_type	count_pedestrian	count_bicycle	scooter	wheel_chair	number_of_vehicles	street_or_highway	nearest_intersection	report_date	type_of_roadway	road_surface_condition	light_condition	weather_condition	manner_of_impact	hit_and_run	traffic_control	person_count	injury_count	most_serious_injury	number_of_lanes	lat_raw	lon_raw	has_st_number	is_intersection_null	address_sent_to_geocoder	api_coord_conf	best_coordinate_set	reason_for_qa	manually_qaed_record	final_lat	final_lon	year	month	pvd_nhood	pvd_wards
2755	2013-09-22	196273	04:00:00	Pedestrian	1	NA	FALSE	FALSE	1	EXIT 25	I 95	2013-09-22	One-Way Trafficway	Wet	Dark - Lighted	Rain	Not a Collision Between Two Motor Vehicles in Transport	Yes	No Controls	1	1	Non-Incapacitating	NA	41.85322	-71.40834	FALSE	FALSE	Exit 25 and I 95, Providence, RI, USA	Med High	Geocoded	distance greater than 100m	TRUE	43.4075026	-70.5624753	2013	September	NA	NA
2752	2013-09-23	195345	17:29:00	Pedestrian	1	NA	FALSE	FALSE	1	HANDY ST	AMHERST ST	2013-09-23	Two-Way , Not Divided	Dry	Daylight	Clear	Head-On (Front - to - Front)	Yes	No Controls	1	1	Pain Reported	NA	41.82347	-71.44813	FALSE	FALSE	Handy Street and Amherst Street, Providence, RI, USA	Med High	Raw	NA	FALSE	41.82347	-71.44813	2013	September	Olneyville	6
2751	2013-09-24	195562	17:27:00	Pedestrian	1	NA	FALSE	FALSE	1	325 PUBLIC ST	NA	2013-09-24	Two-Way , Not Divided	Dry	Daylight	Clear	Not a Collision Between Two Motor Vehicles in Transport	No	No Controls	3	1	Pain Reported	2	41.80542	-71.41536	TRUE	TRUE	325 Public Street, Providence, RI, USA	High	Geocoded	distance greater than 100m	TRUE	41.8071025	-71.4105943	2013	September	Upper South Providence	11
2748	2013-09-25	195659	08:11:00	Bicycle	NA	1	FALSE	FALSE	1	LAUREL HILL AVENUE	STERLING AVENUE	2013-09-25	Two-Way , Not Divided	Dry	Daylight	Clear	Other	No	Stop Signs	4	1	Pain Reported	2	41.83201	-71.41745	FALSE	FALSE	Laurel Hill Avenue and Sterling Avenue, Providence, RI, USA	Med High	Geocoded	distance greater than 100m	TRUE	41.8095959	-71.4532996	2013	September	Silver Lake	15
2749	2013-09-25	195688	18:12:00	Pedestrian	1	NA	FALSE	FALSE	1	WICKENDEN STREET	EAST ST	2013-09-25	Two-Way , Not Divided	Dry	Dusk	Clear	Not a Collision Between Two Motor Vehicles in Transport	Yes	Stop Signs	3	1	Pain Reported	NA	41.82006	-71.39458	FALSE	FALSE	Wickenden Street and East Street, Providence, RI, USA	Med High	Raw	NA	FALSE	41.82006	-71.39458	2013	September	Fox Point	1
2746	2013-09-27	195894	11:48:00	Bicycle	NA	1	FALSE	FALSE	2	WESTMINISTER STREET	NA	2013-09-27	Two-Way , Not Divided	Dry	Daylight	Clear	Sideswipe, Same Direction	No	No Controls	3	0	No Injury	2	41.82527	-71.41912	FALSE	TRUE	Westminister Street, Providence, RI, USA	Inaccurate	Geocoded	distance greater than 100m	TRUE	41.8171825	-71.4257801	2013	September	West End	13
2747	2013-09-27	195900	13:57:00	Pedestrian	1	NA	FALSE	FALSE	1	BROAD STREET	DAVE GAVITT WAY	2013-09-27	Two-Way , Not Divided	Dry	Daylight	Clear	Other	No	Traffic Control Signal	3	0	No Injury	2	41.82955	-71.41802	FALSE	FALSE	Broad Street and Dave Gavitt Way, Providence, RI, USA	Med	Geocoded	distance greater than 100m	TRUE	41.8179551	-71.4162673	2013	September	Downtown	1
2745	2013-09-28	195944	00:35:00	Pedestrian	2	NA	FALSE	FALSE	1	Atwells Ave	WEEDEN ST	2013-09-28	Two-Way , Not Divided	Dry	Dark - Lighted	Clear	Not a Collision Between Two Motor Vehicles in Transport	Yes	Traffic Control Signal	2	2	Pain Reported	2	41.82342	-71.42456	FALSE	FALSE	Atwells Ave and Weeden Street, Providence, RI, USA	Med High	Raw	NA	FALSE	41.82342	-71.42456	2013	September	Federal Hill	13
2744	2013-09-29	196729	11:43:00	Pedestrian	1	NA	FALSE	FALSE	1	ELMWOOD AVE	WEST FRIENDSHIP ST	2013-10-02	Two-Way , Not Divided	Dry	Daylight	Clear	Other	No	No Controls	2	0	No Injury	NA	41.80989	-71.42405	FALSE	FALSE	Elmwood Ave and West Friendship Street, Providence, RI, USA	Med High	Raw	NA	FALSE	41.80989	-71.42405	2013	September	West End	11
2743	2013-09-30	196174	13:13:00	Pedestrian	1	NA	FALSE	FALSE	1	BRANCH AVENUE	NORTH MAIN STREET	2013-09-30	Two-Way , Not Divided	Dry	Daylight	Clear	Other	No	No Controls	3	1	Pain Reported	2	41.82602	-71.41884	FALSE	FALSE	Branch Avenue and North Main Street, Providence, RI, USA	Med	Geocoded	distance greater than 100m	TRUE	41.8420469	-71.4079105	2013	September	Mount Hope	3
2741	2013-10-01	196341	11:36:00	Pedestrian	1	NA	FALSE	FALSE	1	KENNEDY PLZ	EXCHANGE ST	2013-10-01	One-Way Trafficway	Dry	Daylight	Clear	Not a Collision Between Two Motor Vehicles in Transport	No	No Controls	3	1	Incapacitating	1	41.82537	-71.41058	FALSE	FALSE	Kennedy Plz and Exchange Street, Providence, RI, USA	Med High	Raw	NA	FALSE	41.82537	-71.41058	2013	October	Downtown	1
2742	2013-10-01	196462	16:54:00	Pedestrian	1	NA	FALSE	FALSE	1	MANTON AVE	ORTOLEVA DR	2013-10-01	Two-Way , Not Divided	Dry	Daylight	Clear	Not a Collision Between Two Motor Vehicles in Transport	Yes	No Controls	1	1	Pain Reported	NA	41.82589	-71.45777	FALSE	FALSE	Manton Ave and Ortoleva Dr, Providence, RI, USA	Med High	Raw	NA	FALSE	41.82589	-71.45777	2013	October	Olneyville	6
2740	2013-10-03	196794	21:14:00	Pedestrian	1	NA	FALSE	FALSE	1	100 Harborside Blvd	HARBORSIDE BLVD	2013-10-04	Two-Way , Not Divided	Dry	Dark - Lighted	Clear	Not a Collision Between Two Motor Vehicles in Transport	No	No Controls	6	1	Incapacitating	2	41.78639	-71.39141	TRUE	FALSE	100 Harborside Blvd, Providence, RI, USA	High	Raw	NA	FALSE	41.78639	-71.39141	2013	October	Washington Park	10
2738	2013-10-04	196832	08:15:00	Pedestrian	1	NA	FALSE	FALSE	1	PETTEYS AVE	GLENBRIDGE AVE	2013-10-04	Two-Way , Not Divided	Dry	Daylight	Cloudy	Not a Collision Between Two Motor Vehicles in Transport	Yes	Traffic Control Signal	3	1	Pain Reported	NA	41.81897	-71.46159	FALSE	FALSE	Petteys Ave and Glenbridge Ave, Providence, RI, USA	Med High	Raw	NA	FALSE	41.81897	-71.46159	2013	October	Hartford	7
2739	2013-10-04	196850	11:55:00	Bicycle	NA	1	FALSE	FALSE	1	BLACKSTONE BLVD	BUTLER DR	2013-10-04	Two-Way, Divided, Unprotected (painted>4feet) Medium	Wet	Daylight	Rain	Angle (Front - to - Side) Right Angle (Includes Broadside)	No	No Controls	3	0	No Injury	NA	41.84616	-71.38677	FALSE	FALSE	Blackstone Blvd and Butler Dr, Providence, RI, USA	Med	Raw	distance greater than 100m	TRUE	41.84616	-71.38677	2013	October	Blackstone	2
2737	2013-10-05	196963	07:25:00	Bicycle	NA	1	FALSE	FALSE	1	1880 WESTMINSTER ST	TROY ST	2013-10-05	Two-Way , Not Divided	Dry	Daylight	Cloudy	Not a Collision Between Two Motor Vehicles in Transport	No	No Controls	3	0	No Injury	NA	41.81649	-71.44118	TRUE	FALSE	1880 Westminster Street, Providence, RI, USA	High	Raw	NA	FALSE	41.81649	-71.44118	2013	October	Olneyville	15
2735	2013-10-06	197120	16:20:00	Pedestrian	1	NA	FALSE	FALSE	1	MESSER ST	NA	2013-10-06	Two-Way , Not Divided	Unknown	Unknown	Clear	Unknown	Yes	No Controls	1	1	Pain Reported	2	41.8109	-71.4354	FALSE	TRUE	Messer Street, Providence, RI, USA	Inaccurate	Raw	distance greater than 100m	TRUE	41.8109	-71.4354	2013	October	West End	8
2736	2013-10-06	197725	22:02:00	Pedestrian	1	NA	FALSE	FALSE	1	365 Atwells Ave	NA	2013-10-07	Two-Way , Not Divided	Wet	Dark - Lighted	Rain	Not a Collision Between Two Motor Vehicles in Transport	No	No Controls	3	1	Pain Reported	NA	41.82379	-71.42978	TRUE	TRUE	365 Atwells Ave, Providence, RI, USA	High	Raw	NA	FALSE	41.82379	-71.42978	2013	October	Federal Hill	13
2734	2013-10-07	197272	18:09:00	Pedestrian	1	1	FALSE	FALSE	1	ACADEMY AVENUE	WHITFORD AVENUE	2013-10-07	Two-Way , Not Divided	Dry	Daylight	Clear	Not a Collision Between Two Motor Vehicles in Transport	No	Stop Signs	5	2	Incapacitating	2	41.82351	-71.43477	FALSE	FALSE	Academy Avenue and Whitford Avenue, Providence, RI, USA	Med High	Geocoded	distance greater than 100m	TRUE	41.8389717	-71.4448616	2013	October	Mount Pleasant	5
2730	2013-10-08	197313	00:16:00	Bicycle	NA	1	FALSE	FALSE	1	WHITMARSH ST	ELMWOOD AVE	2013-10-08	Two-Way , Not Divided	Dry	Dark - Lighted	Cloudy	Not a Collision Between Two Motor Vehicles in Transport	Yes	Stop Signs	1	1	Pain Reported	2	41.80596	-71.42507	FALSE	FALSE	Whitmarsh Street and Elmwood Ave, Providence, RI, USA	Med High	Raw	NA	FALSE	41.80596	-71.42507	2013	October	West End	9
2731	2013-10-08	197348	06:56:00	Bicycle	NA	1	FALSE	FALSE	1	530 NORTH MAIN STREET	NA	2013-10-08	Two-Way , Not Divided	Dry	Daylight	Clear	Other	No	No Controls	2	0	No Injury	2	41.83294	-71.41683	TRUE	TRUE	530 North Main Street, Providence, RI, USA	High	Geocoded	distance greater than 100m	TRUE	41.8363567	-71.4100844	2013	October	College Hill	3
2732	2013-10-08	197390	13:04:00	Bicycle	NA	1	FALSE	FALSE	1	BROOK STREET	TRANSIT STREET	2013-10-08	Two-Way , Not Divided	Dry	Daylight	Clear	Other	No	Stop Signs	4	1	Pain Reported	NA	41.83286	-71.41687	FALSE	FALSE	Brook Street and Transit Street, Providence, RI, USA	Med High	Geocoded	distance greater than 100m	TRUE	41.820544	-71.3983698	2013	October	Fox Point	1
2733	2013-10-08	197438	19:03:00	Pedestrian	1	NA	FALSE	FALSE	1	REGENT AVE	HAROLD ST	2013-10-08	Two-Way , Not Divided	Dry	Daylight	Clear	Not a Collision Between Two Motor Vehicles in Transport	Yes	No Controls	3	1	Pain Reported	NA	41.82971	-71.43876	FALSE	FALSE	Regent Ave and Harold Street, Providence, RI, USA	Med High	Raw	NA	FALSE	41.82971	-71.43876	2013	October	Valley	12
2729	2013-10-09	197542	22:45:00	Bicycle	NA	1	FALSE	FALSE	1	Dean St.	West Exchange St.	2013-10-09	Two-Way, Divided, Positive Median Barrier	Dry	Dark - Lighted	Clear	Not a Collision Between Two Motor Vehicles in Transport	No	Traffic Control Signal	3	1	Pain Reported	4	41.82543	-71.42583	FALSE	FALSE	Dean St. and West Exchange St., Providence, RI, USA	Med High	Raw	NA	FALSE	41.82543	-71.42583	2013	October	Federal Hill	13
2727	2013-10-10	197572	00:45:00	Bicycle	NA	1	FALSE	FALSE	1	Promenade St	ACORN ST	2013-10-10	One-Way Trafficway	Dry	Dark - Not Lighted	Clear	Not a Collision Between Two Motor Vehicles in Transport	No	No Controls	2	1	Pain Reported	NA	41.82886	-71.42864	FALSE	FALSE	Promenade Street and Acorn Street, Providence, RI, USA	Med High	Raw	NA	FALSE	41.82886	-71.42864	2013	October	Valley	12
2728	2013-10-10	198226	16:05:00	Pedestrian	1	NA	FALSE	FALSE	1	FISK ST	BERNARD ST	2013-10-16	Unknown	Dry	Daylight	Clear	Other	No	No Controls	5	1	Pain Reported	NA	41.7906	-71.40594	FALSE	FALSE	Fisk Street and Bernard Street, Providence, RI, USA	Med High	Geocoded	distance greater than 100m	TRUE	41.79003	-71.4075022	2013	October	Washington Park	10
2726	2013-10-11	197680	13:00:00	Bicycle	NA	1	FALSE	FALSE	1	CHURCH ST	BENEFIT ST	2013-10-11	Two-Way , Not Divided	Dry	Daylight	Clear	Sidwswipe, Opposite Direction	No	No Controls	2	1	Non-Incapacitating	NA	41.83099	-71.40908	FALSE	FALSE	Church Street and Benefit Street, Providence, RI, USA	Med	Raw	NA	FALSE	41.83099	-71.40908	2013	October	College Hill	3
2723	2013-10-12	197735	02:45:00	Pedestrian	1	NA	FALSE	FALSE	1	DOUGLAS AVE	EATON ST	2013-10-12	Two-Way , Not Divided	Dry	Dark - Lighted	Clear	Not a Collision Between Two Motor Vehicles in Transport	Yes	No Controls	1	1	Incapacitating	NA	41.84093	-71.42727	FALSE	FALSE	Douglas Ave and Eaton Street, Providence, RI, USA	Med High	Raw	NA	FALSE	41.84093	-71.42727	2013	October	Smith Hill	14
2724	2013-10-12	197831	20:11:00	Bicycle	NA	1	FALSE	FALSE	1	WATERMAN ST	BROWN ST	2013-10-12	One-Way Trafficway	Dry	Dark - Lighted	Clear	Not a Collision Between Two Motor Vehicles in Transport	No	Stop Signs	2	1	Pain Reported	NA	41.82705	-71.40304	FALSE	FALSE	Waterman Street and Brown Street, Providence, RI, USA	Med High	Raw	NA	FALSE	41.82705	-71.40304	2013	October	College Hill	2
2725	2013-10-12	198912	14:57:00	Bicycle	NA	1	FALSE	FALSE	1	S MAIN ST	COLLEGE ST	2013-10-21	One-Way Trafficway	Dry	Daylight	Clear	Unknown	No	No Controls	1	1	Pain Reported	NA	41.82547	-71.40771	FALSE	FALSE	S Main Street and College Street, Providence, RI, USA	Med High	Raw	NA	FALSE	41.82547	-71.40771	2013	October	Downtown	1
2721	2013-10-14	198016	14:52:00	Pedestrian	1	NA	FALSE	FALSE	1	POCASSET AVE	BANCROFT ST	2013-10-14	Two-Way , Not Divided	Dry	Daylight	Clear	Not a Collision Between Two Motor Vehicles in Transport	No	Pavement Markings	4	1	Pain Reported	2	41.81334	-71.44837	FALSE	FALSE	Pocasset Ave and Bancroft Street, Providence, RI, USA	Med High	Raw	NA	FALSE	41.81334	-71.44837	2013	October	Silver Lake	15
2722	2013-10-14	198054	19:01:00	Bicycle	NA	1	FALSE	FALSE	1	Berlin St	Chalkstone Ave.	2013-10-14	Two-Way , Not Divided	Dry	Dark - Lighted	Clear	Not a Collision Between Two Motor Vehicles in Transport	No	Stop Signs	6	1	Pain Reported	2	41.83228	-71.44173	FALSE	FALSE	Berlin Street and Chalkstone Ave., Providence, RI, USA	Med High	Raw	NA	FALSE	41.83228	-71.44173	2013	October	Valley	5
2719	2013-10-15	198110	18:34:00	Bicycle	NA	1	FALSE	FALSE	1	WATERMAN STREET	IVES ST	2013-10-15	One-Way Trafficway	Dry	Dark - Lighted	Clear	Not a Collision Between Two Motor Vehicles in Transport	No	Stop Signs	4	1	Non-Incapacitating	2	41.82778	-71.39291	FALSE	FALSE	Waterman Street and Ives Street, Providence, RI, USA	Med High	Raw	NA	FALSE	41.82778	-71.39291	2013	October	Wayland	1
2718	2013-10-16	198165	09:00:00	Pedestrian	1	NA	FALSE	FALSE	1	JULIAN ST	KOSSUTH ST	2013-10-16	Unknown	Dry	Daylight	Cloudy	Other	No	No Controls	3	1	Pain Reported	NA	41.82269	-71.44492	FALSE	FALSE	Julian Street and Kossuth Street, Providence, RI, USA	Med High	Raw	NA	FALSE	41.82269	-71.44492	2013	October	Olneyville	15
2717	2013-10-17	198292	09:36:00	Bicycle	NA	1	FALSE	FALSE	1	GOVERNOR ST	PRESTON ST	2013-10-17	Two-Way , Not Divided	Dry	Daylight	Clear	Sideswipe, Same Direction	No	No Controls	3	1	Pain Reported	NA	41.82408	-71.39409	FALSE	FALSE	Governor Street and Preston Street, Providence, RI, USA	Med High	Raw	NA	FALSE	41.82408	-71.39409	2013	October	College Hill	1
2715	2013-10-18	198494	17:15:00	Bicycle	NA	1	FALSE	FALSE	1	WESTMINSTER ST	HAMMOND ST	2013-10-18	Two-Way , Not Divided	Dry	Daylight	Clear	Not a Collision Between Two Motor Vehicles in Transport	No	No Controls	4	1	Pain Reported	2	41.81684	-71.42907	FALSE	FALSE	Westminster Street and Hammond Street, Providence, RI, USA	Med High	Raw	NA	FALSE	41.81684	-71.42907	2013	October	West End	13
2716	2013-10-18	198638	00:04:00	Pedestrian	1	NA	FALSE	FALSE	1	765 Westminster St	Cahir St	2013-10-20	Two-Way , Not Divided	Dry	Dark - Lighted	Clear	Not a Collision Between Two Motor Vehicles in Transport	No	No Controls	3	1	Pain Reported	NA	41.81815	-71.42034	TRUE	FALSE	765 Westminster Street, Providence, RI, USA	High	Raw	NA	FALSE	41.81815	-71.42034	2013	October	Federal Hill	13
2714	2013-10-20	198742	05:32:00	Pedestrian	1	NA	FALSE	FALSE	1	BRIDGHAM ST	ELMWOOD AVE	2013-10-21	Two-Way , Not Divided	Dry	Dark - Lighted	Clear	Other	Yes	Traffic Control Signal	2	1	Pain Reported	4	41.81277	-71.42218	FALSE	FALSE	Bridgham Street and Elmwood Ave, Providence, RI, USA	Med High	Raw	NA	FALSE	41.81277	-71.42218	2013	October	West End	11
2713	2013-10-21	199148	13:10:00	Pedestrian	1	NA	FALSE	FALSE	1	MESSER ST	OAK ST	2013-10-21	Two-Way , Not Divided	Dry	Daylight	Clear	Other	No	No Controls	3	1	Pain Reported	NA	41.81496	-71.43677	FALSE	FALSE	Messer Street and Oak Street, Providence, RI, USA	Med High	Raw	NA	FALSE	41.81496	-71.43677	2013	October	West End	13
2711	2013-10-22	199046	14:59:00	Bicycle	NA	1	FALSE	FALSE	1	WESTMINSTER ST	WINTER ST	2013-10-22	Two-Way , Not Divided	Dry	Daylight	Clear	Sideswipe, Same Direction	Yes	No Controls	4	1	Pain Reported	2	41.81741	-71.42241	FALSE	FALSE	Westminster Street and Winter Street, Providence, RI, USA	Med High	Raw	NA	FALSE	41.81741	-71.42241	2013	October	West End	13
2712	2013-10-22	199171	09:55:00	Bicycle	NA	1	FALSE	FALSE	1	345 BLACKSTONE BLVD	BUTLER DR	2013-10-23	Two-Way , Not Divided	Dry	Daylight	Clear	Not a Collision Between Two Motor Vehicles in Transport	No	No Controls	2	1	Pain Reported	NA	41.84616	-71.38677	TRUE	FALSE	345 Blackstone Blvd, Providence, RI, USA	High	Raw	NA	FALSE	41.84616	-71.38677	2013	October	Blackstone	2
2709	2013-10-23	199173	09:46:00	Pedestrian	1	NA	FALSE	FALSE	1	BROAD ST	HOMER ST	2013-10-23	Two-Way , Not Divided	Dry	Daylight	Cloudy	Not a Collision Between Two Motor Vehicles in Transport	Yes	No Controls	2	1	Pain Reported	NA	41.78886	-71.40405	FALSE	FALSE	Broad Street and Homer Street, Providence, RI, USA	Med	Raw	NA	FALSE	41.78886	-71.40405	2013	October	Washington Park	10
2710	2013-10-23	199208	15:27:00	Pedestrian	1	NA	FALSE	FALSE	1	WESTMINSTER ST	CAHIR ST	2013-10-23	Two-Way, Divided, Unprotected (painted>4feet) Medium	Dry	Daylight	Cloudy	Not a Collision Between Two Motor Vehicles in Transport	No	No Controls	2	1	Pain Reported	NA	41.81797	-71.42071	FALSE	FALSE	Westminster Street and Cahir Street, Providence, RI, USA	Med High	Raw	NA	FALSE	41.81797	-71.42071	2013	October	Federal Hill	11
2708	2013-10-26	199688	17:23:00	Pedestrian	1	NA	FALSE	FALSE	1	1 West Exchange Street	EXCHANGE TER	2013-10-26	One-Way Trafficway	Dry	Daylight	Cloudy	Unknown	No	No Controls	3	1	Pain Reported	NA	41.82485	-71.41559	TRUE	FALSE	1 West Exchange Street, Providence, RI, USA	High	Raw	NA	FALSE	41.82485	-71.41559	2013	October	Downtown	1
2705	2013-10-29	199963	09:33:00	Bicycle	NA	1	FALSE	FALSE	1	BATH ST	CHALKSTONE AVE	2013-10-29	Two-Way , Not Divided	Dry	Daylight	Clear	Angle (Front - to - Side) Right Angle (Includes Broadside)	No	No Controls	4	1	Pain Reported	2	41.83511	-71.42583	FALSE	FALSE	Bath Street and Chalkstone Ave, Providence, RI, USA	Med High	Raw	NA	FALSE	41.83511	-71.42583	2013	October	Smith Hill	12
2706	2013-10-29	199968	11:58:00	Pedestrian	1	NA	FALSE	FALSE	1	CHARLES ST	BRANCH AVE	2013-10-29	Two-Way , Not Divided	Dry	Daylight	Clear	Not a Collision Between Two Motor Vehicles in Transport	Yes	Stop Signs	4	1	Pain Reported	NA	41.85026	-71.41998	FALSE	FALSE	Charles Street and Branch Ave, Providence, RI, USA	Med	Raw	NA	FALSE	41.85026	-71.41998	2013	October	Charles	4
2707	2013-10-29	199987	12:52:00	Pedestrian	1	NA	FALSE	FALSE	1	COLLYER ST	COLLYER ST	2013-10-29	Unknown	Dry	Daylight	Clear	Other	No	No Controls	4	0	No Injury	NA	41.85541	-71.40307	FALSE	FALSE	Collyer Street and Collyer Street, Providence, RI, USA	Med	Raw	distance greater than 100m	TRUE	41.85541	-71.40307	2013	October	Hope	3
2703	2013-10-31	200314	20:16:00	Pedestrian	1	NA	FALSE	FALSE	1	RUTHERGLEN AVE	NARRAGANSETT AVE	2013-10-31	Two-Way , Not Divided	Wet	Dawn	Rain	Not a Collision Between Two Motor Vehicles in Transport	Yes	Stop Signs	2	1	Pain Reported	NA	41.78696	-71.42308	FALSE	FALSE	Rutherglen Ave and Narragansett Ave, Providence, RI, USA	Med High	Raw	NA	FALSE	41.78696	-71.42308	2013	October	Reservoir	8
2704	2013-10-31	200875	18:54:00	Pedestrian	1	NA	FALSE	FALSE	1	VALLEY ST	HEMLOCK ST	2013-11-04	Two-Way, Divided, Unprotected (painted>4feet) Medium	Wet	Dark - Lighted	Sleet, Hail (Freezing Rain or Drizzle)	Other	No	No Controls	10	1	Incapacitating	NA	41.83058	-71.4302	FALSE	FALSE	Valley Street and Hemlock Street, Providence, RI, USA	Med High	Raw	NA	FALSE	41.83058	-71.4302	2013	October	Valley	12
2701	2013-11-01	200400	00:18:00	Pedestrian	1	NA	FALSE	FALSE	1	Dorrance St	Pine St	2013-11-01	Two-Way , Not Divided	Wet	Dark - Lighted	Rain	Not a Collision Between Two Motor Vehicles in Transport	Yes	Pavement Markings	9	1	Incapacitating	NA	41.82237	-71.41006	FALSE	FALSE	Dorrance Street and Pine Street, Providence, RI, USA	Med High	Raw	NA	FALSE	41.82237	-71.41006	2013	November	Downtown	1
2702	2013-11-01	200422	12:24:00	Pedestrian	1	NA	FALSE	FALSE	1	MATHEWSON ST	MATHEWSON ST	2013-11-01	One-Way Trafficway	Wet	Daylight	Rain	Not a Collision Between Two Motor Vehicles in Transport	No	No Controls	3	1	Pain Reported	1	41.82396	-71.41628	FALSE	FALSE	Mathewson Street and Mathewson Street, Providence, RI, USA	Med	Geocoded	distance greater than 100m	TRUE	41.8226533	-71.4142678	2013	November	Downtown	1
2700	2013-11-03	200634	02:54:00	Pedestrian	1	NA	FALSE	FALSE	1	PUTNAM ST	HALE ST	2013-11-03	One-Way Trafficway	Dry	Dark - Lighted	Clear	Not a Collision Between Two Motor Vehicles in Transport	Yes	No Controls	1	1	Incapacitating	NA	41.82395	-71.44387	FALSE	FALSE	Putnam Street and Hale Street, Providence, RI, USA	Med High	Raw	NA	FALSE	41.82395	-71.44387	2013	November	Olneyville	15
2698	2013-11-05	201139	17:25:00	Pedestrian	1	NA	FALSE	FALSE	1	THAYER ST	ANGELL ST	2013-11-05	One-Way Trafficway	Dry	Dark - Lighted	Clear	Not a Collision Between Two Motor Vehicles in Transport	No	Traffic Control Signal	4	1	Pain Reported	1	41.82813	-71.40066	FALSE	FALSE	Thayer Street and Angell Street, Providence, RI, USA	Med High	Raw	NA	FALSE	41.82813	-71.40066	2013	November	College Hill	2
2699	2013-11-05	201209	18:03:00	Pedestrian	2	NA	FALSE	FALSE	1	PARKING LOT	SILVER SPRING ST	2013-11-05	Two-Way , Not Divided	Dry	Dark - Lighted	Clear	Other	No	No Controls	3	2	Pain Reported	NA	41.85631	-71.41089	FALSE	FALSE	Parking Lot and Silver Spring Street, Providence, RI, USA	Med	Raw	distance greater than 100m	TRUE	41.85631	-71.41089	2013	November	Charles	4
2697	2013-11-06	201271	14:00:00	Pedestrian	2	NA	FALSE	FALSE	1	HOPE STREET	CYPRESS STREET	2013-11-06	Two-Way , Not Divided	Dry	Daylight	Clear	Other	No	No Controls	7	1	Non-Incapacitating	2	41.83139	-71.4177	FALSE	FALSE	Hope Street and Cypress Street, Providence, RI, USA	Med High	Geocoded	distance greater than 100m	TRUE	41.8410395	-71.3989614	2013	November	Mount Hope	3
2695	2013-11-07	201500	17:48:00	Bicycle	NA	1	FALSE	FALSE	1	broad st	CAHIR ST	2013-11-07	Two-Way , Not Divided	Wet	Dark - Lighted	Rain	Not a Collision Between Two Motor Vehicles in Transport	No	Traffic Control Signal	4	1	Pain Reported	2	41.81692	-71.41795	FALSE	FALSE	Broad Street and Cahir Street, Providence, RI, USA	Med	Raw	NA	FALSE	41.81692	-71.41795	2013	November	Upper South Providence	11
2696	2013-11-07	201575	23:29:00	Pedestrian	1	NA	FALSE	FALSE	1	COMSTOCK AVE	Broad St	2013-11-08	Two-Way , Not Divided	Dry	Dark - Lighted	Clear	Not a Collision Between Two Motor Vehicles in Transport	No	No Controls	2	1	Pain Reported	2	41.80948	-71.42091	FALSE	FALSE	Comstock Ave and Broad Street, Providence, RI, USA	Med High	Raw	NA	FALSE	41.80948	-71.42091	2013	November	Elmwood	11
2694	2013-11-08	201659	09:52:00	Pedestrian	1	NA	FALSE	FALSE	1	WASHINGTON ST	EMPIRE ST	2013-11-08	Two-Way , Not Divided	Dry	Daylight	Clear	Not a Collision Between Two Motor Vehicles in Transport	No	Traffic Control Signal	4	0	No Injury	2	41.82182	-71.41645	FALSE	FALSE	Washington Street and Empire Street, Providence, RI, USA	Med	Raw	NA	FALSE	41.82182	-71.41645	2013	November	Downtown	1
2692	2013-11-11	202021	13:04:00	Pedestrian	1	NA	FALSE	FALSE	1	315 BROAD STREET	NA	2013-11-11	Two-Way, Divided, Positive Median Barrier	Dry	Daylight	Clear	Other	No	No Controls	3	1	Pain Reported	2	41.83349	-71.41682	TRUE	TRUE	315 Broad Street, Providence, RI, USA	High	Geocoded	distance greater than 100m	TRUE	41.8145174	-71.4217316	2013	November	West End	11
2693	2013-11-11	202063	23:45:00	Pedestrian	1	NA	FALSE	FALSE	1	FRANCIS ST	SMITH ST	2013-11-12	Two-Way , Not Divided	Wet	Dark - Lighted	Rain	Angle (Front - to - Side) Right Angle (Includes Broadside)	No	Traffic Control Signal	2	1	Incapacitating	4	41.83182	-71.41629	FALSE	FALSE	Francis Street and Smith Street, Providence, RI, USA	Med	Raw	NA	FALSE	41.83182	-71.41629	2013	November	Downtown	12
2691	2013-11-12	202196	17:27:00	Pedestrian	1	NA	FALSE	FALSE	1	WASHINGTON ST	EMPIRE ST	2013-11-12	Two-Way , Not Divided	Dry	Dark - Lighted	Clear	Other	No	Traffic Control Signal	3	1	Pain Reported	NA	41.82182	-71.41645	FALSE	FALSE	Washington Street and Empire Street, Providence, RI, USA	Med	Raw	NA	FALSE	41.82182	-71.41645	2013	November	Downtown	1
2690	2013-11-13	202430	18:24:00	Pedestrian	1	NA	FALSE	FALSE	1	1516 WESTMINSTER ST	NA	2013-11-13	Two-Way , Not Divided	Dry	Dark - Lighted	Clear	Not a Collision Between Two Motor Vehicles in Transport	No	No Controls	2	1	Pain Reported	2	41.81617	-71.43475	TRUE	TRUE	1516 Westminster Street, Providence, RI, USA	High	Raw	NA	FALSE	41.81617	-71.43475	2013	November	West End	13