row_number	crash_date	crash_report_id	crash_time	collision_type	count_pedestrian	count_bicycle	scooter	wheel_chair	number_of_vehicles	street_or_highway	nearest_intersection	report_date	type_of_roadway	road_surface_condition	light_condition	weather_condition	manner_of_impact	hit_and_run	traffic_control	person_count	injury_count	most_serious_injury	number_of_lanes	lat_raw	lon_raw	has_st_number	is_intersection_null	address_sent_to_geocoder	api_coord_conf	best_coordinate_set	reason_for_qa	manually_qaed_record	final_lat	final_lon	year	month	pvd_nhood	pvd_wards
2688	2013-11-14	202628	18:59:00	Bicycle	NA	1	FALSE	FALSE	1	Power St	HOPE ST	2013-11-14	Two-Way , Not Divided	Dry	Dark - Lighted	Clear	Not a Collision Between Two Motor Vehicles in Transport	No	Stop Signs	4	1	Pain Reported	2	41.82318	-71.39702	FALSE	FALSE	Power Street and Hope Street, Providence, RI, USA	Med High	Raw	NA	FALSE	41.82318	-71.39702	2013	November	College Hill	1
2686	2013-11-15	202802	12:09:00	Bicycle	NA	1	FALSE	FALSE	1	413 FRIENDSHIP ST	SOMERSET ST	2013-11-16	One-Way Trafficway	Dry	Daylight	Clear	Not a Collision Between Two Motor Vehicles in Transport	Yes	No Controls	1	1	Pain Reported	NA	41.81235	-71.41865	TRUE	FALSE	413 Friendship Street, Providence, RI, USA	High	Raw	NA	FALSE	41.81235	-71.41865	2013	November	Upper South Providence	11
2687	2013-11-15	202815	21:45:00	Pedestrian	1	NA	FALSE	FALSE	1	EXCHANGE TER	FRANCIS ST	2013-11-16	Two-Way , Not Divided	Dry	Dark - Unknown Lighting	Clear	Unknown	No	Traffic Control Signal	5	1	Pain Reported	NA	41.82503	-71.4148	FALSE	FALSE	Exchange Ter and Francis Street, Providence, RI, USA	Med High	Raw	NA	FALSE	41.82503	-71.4148	2013	November	Downtown	1
2685	2013-11-16	202871	22:10:00	Pedestrian	1	NA	FALSE	FALSE	1	EATON ST	HUXLEY AVE	2013-11-16	Two-Way , Not Divided	Dry	Dark - Lighted	Clear	Not a Collision Between Two Motor Vehicles in Transport	No	No Controls	3	1	Non-Incapacitating	NA	41.84143	-71.43305	FALSE	FALSE	Eaton Street and Huxley Ave, Providence, RI, USA	Med High	Raw	NA	FALSE	41.84143	-71.43305	2013	November	Elmhurst	14
2683	2013-11-17	202981	20:21:00	Bicycle	NA	1	FALSE	FALSE	1	BRANCH AVE	HAWKINS ST	2013-11-17	Two-Way, Divided, Unprotected (painted>4feet) Medium	Wet	Dark - Lighted	Rain	Other	No	No Controls	2	1	Incapacitating	1	41.85087	-71.42136	FALSE	FALSE	Branch Ave and Hawkins Street, Providence, RI, USA	Med High	Raw	NA	FALSE	41.85087	-71.42136	2013	November	Charles	4
2684	2013-11-17	203073	11:47:00	Pedestrian	1	NA	FALSE	FALSE	1	74 MURRAY ST	ETHAN ST	2013-11-18	Two-Way , Not Divided	Dry	Daylight	Clear	Not a Collision Between Two Motor Vehicles in Transport	No	No Controls	2	1	Pain Reported	NA	41.80856	-71.45905	TRUE	FALSE	74 Murray Street, Providence, RI, USA	High	Raw	NA	FALSE	41.80856	-71.45905	2013	November	Silver Lake	7
2682	2013-11-20	203405	09:07:00	Pedestrian	1	NA	FALSE	FALSE	1	BORDEN ST	EDDY ST	2013-11-20	One-Way Trafficway	Dry	Daylight	Clear	Not a Collision Between Two Motor Vehicles in Transport	No	Traffic Control Signal	2	1	Pain Reported	NA	41.81342	-71.40833	FALSE	FALSE	Borden Street and Eddy Street, Providence, RI, USA	Med High	Geocoded	distance greater than 100m	TRUE	41.8121992	-71.4070223	2013	November	Upper South Providence	11
2681	2013-11-22	203712	14:07:00	Pedestrian	1	NA	FALSE	FALSE	1	Leah Street	Roanoke Street	2013-11-22	Two-Way , Not Divided	Wet	Daylight	Cloudy	Angle (Front - to - Side) Right Angle (Includes Broadside)	No	No Controls	4	1	Pain Reported	2	41.81948	-71.43758	FALSE	FALSE	Leah Street and Roanoke Street, Providence, RI, USA	Med High	Geocoded	distance greater than 100m	TRUE	41.8310779	-71.4515781	2013	November	Mount Pleasant	6
2678	2013-11-27	204273	16:20:00	Pedestrian	1	NA	FALSE	FALSE	1	FONES ALY	BROOK ST	2013-11-27	Two-Way , Not Divided	Wet	Dark - Lighted	Cloudy	Not a Collision Between Two Motor Vehicles in Transport	No	Pavement Markings	2	1	Pain Reported	2	41.8278	-71.3994	FALSE	FALSE	Fones Aly and Brook Street, Providence, RI, USA	Med High	Raw	NA	FALSE	41.8278	-71.3994	2013	November	College Hill	2
2679	2013-11-27	204338	18:44:00	Pedestrian	1	NA	FALSE	FALSE	1	387 Broadway	COURTLAND ST	2013-11-27	Two-Way , Not Divided	Wet	Dark - Lighted	Rain	Not a Collision Between Two Motor Vehicles in Transport	No	Pavement Markings	4	1	Pain Reported	2	41.81936	-71.43124	TRUE	FALSE	387 Broadway, Providence, RI, USA	High	Raw	NA	FALSE	41.81936	-71.43124	2013	November	Federal Hill	13
2680	2013-11-27	204362	17:48:00	Pedestrian	1	NA	FALSE	FALSE	1	MANTON AVE	FLORENCE ST	2013-11-27	Two-Way , Not Divided	Wet	Dark - Lighted	Rain	Head-On (Front - to - Front)	No	No Controls	4	1	Pain Reported	NA	41.82056	-71.44737	FALSE	FALSE	Manton Ave and Florence Street, Providence, RI, USA	Med High	Raw	NA	FALSE	41.82056	-71.44737	2013	November	Olneyville	15
2677	2013-12-01	204683	16:55:00	Pedestrian	1	NA	FALSE	FALSE	1	EMPIRE ST	WEYBOSSET ST	2013-12-01	Two-Way , Not Divided	Wet	Dark - Lighted	Rain	Not a Collision Between Two Motor Vehicles in Transport	No	Traffic Control Signal	2	1	Pain Reported	2	41.82004	-71.41433	FALSE	FALSE	Empire Street and Weybosset Street, Providence, RI, USA	Med High	Raw	NA	FALSE	41.82004	-71.41433	2013	December	Downtown	1
2674	2013-12-06	205727	15:11:00	Pedestrian	1	NA	FALSE	FALSE	1	251 SMITH STREET	NA	2013-12-06	Two-Way , Not Divided	Wet	Daylight	Rain	Other	No	No Controls	3	1	Pain Reported	2	41.83488	-71.41671	TRUE	TRUE	251 Smith Street, Providence, RI, USA	High	Geocoded	distance greater than 100m	TRUE	41.8333085	-71.4200567	2013	December	Smith Hill	12
2675	2013-12-06	205728	16:28:00	Pedestrian	1	NA	FALSE	FALSE	1	BROWN STREET	BENEVOLENT STREET	2013-12-06	Two-Way , Not Divided	Wet	Dark - Lighted	Rain	Head-On (Front - to - Front)	No	Stop Signs	5	1	Pain Reported	2	41.83616	-71.41597	FALSE	FALSE	Brown Street and Benevolent Street, Providence, RI, USA	Med High	Geocoded	distance greater than 100m	TRUE	41.8246153	-71.4026893	2013	December	College Hill	2
2676	2013-12-06	206219	17:01:00	Pedestrian	1	NA	FALSE	FALSE	1	RICHMOND ST	PINE ST	2013-12-06	One-Way Trafficway	Wet	Dark - Lighted	Rain	Other	Yes	Stop Signs	2	0	No Injury	1	41.82059	-71.41182	FALSE	FALSE	Richmond Street and Pine Street, Providence, RI, USA	Med	Raw	NA	FALSE	41.82059	-71.41182	2013	December	Downtown	1
2671	2013-12-09	206198	18:37:00	Pedestrian	1	NA	FALSE	FALSE	1	MEETING ST	PROSPECT ST	2013-12-09	Two-Way , Not Divided	Wet	Dark - Lighted	Sleet, Hail (Freezing Rain or Drizzle)	Not a Collision Between Two Motor Vehicles in Transport	No	No Controls	2	1	Non-Incapacitating	2	41.82888	-71.40497	FALSE	FALSE	Meeting Street and Prospect Street, Providence, RI, USA	Med High	Raw	NA	FALSE	41.82888	-71.40497	2013	December	College Hill	2
2672	2013-12-09	206385	22:58:00	Bicycle	NA	1	FALSE	FALSE	1	Valley St	Felix St	2013-12-10	Two-Way , Not Divided	Wet	Dark - Lighted	Cloudy	Not a Collision Between Two Motor Vehicles in Transport	Yes	No Controls	2	1	Pain Reported	NA	41.83217	-71.42773	FALSE	FALSE	Valley Street and Felix Street, Providence, RI, USA	Med High	Raw	NA	FALSE	41.83217	-71.42773	2013	December	Smith Hill	12
2670	2013-12-10	206345	17:31:00	Bicycle	NA	1	FALSE	FALSE	1	Broadway	SUTTON ST	2013-12-10	Two-Way , Not Divided	Wet	Dark - Lighted	Snow	Not a Collision Between Two Motor Vehicles in Transport	No	No Controls	6	1	Pain Reported	2	41.82025	-71.42744	FALSE	FALSE	Broadway and Sutton Street, Providence, RI, USA	Med	Raw	distance greater than 100m	TRUE	41.82025	-71.42744	2013	December	Federal Hill	13
2669	2013-12-11	206926	10:45:00	Pedestrian	1	NA	FALSE	FALSE	1	WASHINGTON ST	DORRANCE ST	2013-12-11	Two-Way , Not Divided	Dry	Daylight	Clear	Not a Collision Between Two Motor Vehicles in Transport	No	Traffic Control Signal	4	0	No Injury	2	41.82445	-71.41277	FALSE	FALSE	Washington Street and Dorrance Street, Providence, RI, USA	Med High	Raw	NA	FALSE	41.82445	-71.41277	2013	December	Downtown	1
2667	2013-12-12	206589	10:32:00	Pedestrian	1	NA	FALSE	FALSE	1	MEMORIAL BLVD	COLLEGE STREET	2013-12-12	Two-Way , Not Divided	Dry	Daylight	Clear	Other	No	No Controls	2	0	No Injury	NA	41.83572	-71.41603	FALSE	FALSE	Memorial Blvd and College Street, Providence, RI, USA	Med High	Geocoded	distance greater than 100m	TRUE	41.8253077	-71.4088081	2013	December	Downtown	1
2668	2013-12-12	206711	17:19:00	Pedestrian	1	NA	FALSE	FALSE	1	BUTLER AVE	ANGELL STREET	2013-12-12	Two-Way , Not Divided	Dry	Dark - Lighted	Clear	Not a Collision Between Two Motor Vehicles in Transport	No	Pavement Markings	5	1	Non-Incapacitating	NA	41.8308	-71.38459	FALSE	FALSE	Butler Ave and Angell Street, Providence, RI, USA	Med High	Raw	NA	FALSE	41.8308	-71.38459	2013	December	Wayland	2
2665	2013-12-13	206734	12:16:00	Pedestrian	1	NA	FALSE	FALSE	1	KNIGHT ST	BROADWAY	2013-12-13	Two-Way , Not Divided	Dry	Daylight	Clear	Not a Collision Between Two Motor Vehicles in Transport	No	No Controls	5	1	Pain Reported	NA	41.81979	-71.42935	FALSE	FALSE	Knight Street and Broadway, Providence, RI, USA	Med High	Raw	NA	FALSE	41.81979	-71.42935	2013	December	Federal Hill	13
2666	2013-12-13	207463	12:17:00	Pedestrian	1	NA	FALSE	FALSE	1	SILVER SPRING ST	COMMODORE ST	2013-12-18	Two-Way , Not Divided	Dry	Daylight	Clear	Other	Yes	No Controls	1	1	Pain Reported	NA	41.84568	-71.41753	FALSE	FALSE	Silver Spring Street and Commodore Street, Providence, RI, USA	Med High	Raw	NA	FALSE	41.84568	-71.41753	2013	December	Charles	4
2664	2013-12-17	207353	20:26:00	Pedestrian	1	NA	FALSE	FALSE	1	270 BROAD ST	LOCKWOOD ST	2013-12-18	Unknown	Snow	Dark - Lighted	Blowing Snow	Other	No	No Controls	5	1	Incapacitating	NA	41.81539	-71.4206	TRUE	FALSE	270 Broad Street, Providence, RI, USA	High	Raw	NA	FALSE	41.81539	-71.4206	2013	December	West End	11
2663	2013-12-19	207703	17:32:00	Pedestrian	1	NA	FALSE	FALSE	1	WEYBOSSET ST	EDDY ST	2013-12-19	Two-Way , Not Divided	Slush	Dark - Lighted	Clear	Not a Collision Between Two Motor Vehicles in Transport	No	No Controls	5	1	Pain Reported	NA	41.82246	-71.4116	FALSE	FALSE	Weybosset Street and Eddy Street, Providence, RI, USA	Med High	Raw	NA	FALSE	41.82246	-71.4116	2013	December	Downtown	1
2662	2013-12-20	207735	14:07:00	Pedestrian	1	NA	FALSE	FALSE	1	GEORGE ST	THAYER ST	2013-12-20	Two-Way , Not Divided	Wet	Daylight	Clear	Not a Collision Between Two Motor Vehicles in Transport	No	Stop Signs	2	0	No Injury	NA	41.82553	-71.40039	FALSE	FALSE	George Street and Thayer Street, Providence, RI, USA	Med	Raw	NA	FALSE	41.82553	-71.40039	2013	December	College Hill	2
2659	2013-12-23	208059	18:12:00	Pedestrian	1	NA	FALSE	FALSE	1	MEMORIAL BLVD	FRANCIS STREET	2013-12-23	Two-Way, Divided, Positive Median Barrier	Wet	Dark - Lighted	Rain	Not a Collision Between Two Motor Vehicles in Transport	No	Traffic Control Signal	2	0	No Injury	NA	41.82577	-71.41524	FALSE	FALSE	Memorial Blvd and Francis Street, Providence, RI, USA	Med High	Raw	NA	FALSE	41.82577	-71.41524	2013	December	Downtown	1
2660	2013-12-23	208103	20:10:00	Pedestrian	1	NA	FALSE	FALSE	1	Concord St	Frost St	2013-12-24	Two-Way , Not Divided	Wet	Dark - Lighted	Rain	Not a Collision Between Two Motor Vehicles in Transport	No	Pavement Markings	2	1	Pain Reported	NA	41.8519	-71.40413	FALSE	FALSE	Concord Street and Frost Street, Providence, RI, USA	Med High	Raw	NA	FALSE	41.8519	-71.40413	2013	December	Mount Hope	3
2661	2013-12-23	208187	17:11:00	Pedestrian	1	NA	FALSE	FALSE	1	EXCHANGE ST	EXCHANGE TER	2013-12-24	Two-Way , Not Divided	Wet	Dark - Unknown Lighting	Rain	Other	No	Traffic Control Signal	2	1	Incapacitating	NA	41.82613	-71.41162	FALSE	FALSE	Exchange Street and Exchange Ter, Providence, RI, USA	Med High	Raw	NA	FALSE	41.82613	-71.41162	2013	December	Downtown	1
2658	2013-12-26	208341	20:07:00	Pedestrian	2	NA	FALSE	FALSE	1	1055 Westminster St	KNIGHT ST	2013-12-26	Two-Way , Not Divided	Ice/Frost	Dark - Lighted	Clear	Not a Collision Between Two Motor Vehicles in Transport	Yes	No Controls	5	2	Incapacitating	2	41.81713	-71.42626	TRUE	FALSE	1055 Westminster Street, Providence, RI, USA	High	Raw	NA	FALSE	41.81713	-71.42626	2013	December	West End	11
2657	2013-12-27	208453	19:07:00	Bicycle	NA	1	FALSE	FALSE	1	N MAIN ST	CEMETERY ST	2013-12-27	One-Way Trafficway	Dry	Dark - Lighted	Clear	Other	No	Stop Signs	2	1	Pain Reported	NA	41.84906	-71.40375	FALSE	FALSE	N Main Street and Cemetery Street, Providence, RI, USA	Med	Raw	NA	FALSE	41.84906	-71.40375	2013	December	Mount Hope	3
2656	2013-12-30	208942	22:30:00	Bicycle	NA	1	FALSE	FALSE	1	Service Road 8 / EXIT (RT)	ATWELLS AVE	2013-12-31	One-Way Trafficway	Dry	Dark - Lighted	Clear	Angle (Front - to - Side) Right Angle (Includes Broadside)	No	Traffic Control Signal	6	1	Incapacitating	2	41.82312	-71.41948	FALSE	FALSE	Service Road 8 / Exit (Rt) and Atwells Ave, Providence, RI, USA	Med	Raw	distance greater than 100m	TRUE	41.82312	-71.41948	2013	December	Downtown	1
2655	2014-01-08	210519	17:23:00	Pedestrian	1	NA	FALSE	FALSE	1	HOPE ST	GEORGE ST	2014-01-08	Two-Way , Not Divided	Dry	Dark - Lighted	Clear	Not a Collision Between Two Motor Vehicles in Transport	No	Stop Signs	2	1	Pain Reported	2	41.82579	-71.39727	FALSE	FALSE	Hope Street and George Street, Providence, RI, USA	Med High	Raw	NA	FALSE	41.82579	-71.39727	2014	January	College Hill	1
2653	2014-01-09	210570	10:26:00	Pedestrian	1	NA	FALSE	FALSE	1	MOUNT PLEASANT AVE	CHALKSTONE AVE	2014-01-09	Two-Way , Not Divided	Dry	Daylight	Clear	Other	Yes	Traffic Control Signal	5	1	Pain Reported	NA	41.83272	-71.44975	FALSE	FALSE	Mount Pleasant Ave and Chalkstone Ave, Providence, RI, USA	Med High	Raw	NA	FALSE	41.83272	-71.44975	2014	January	Mount Pleasant	5
2654	2014-01-09	210615	12:13:00	Pedestrian	1	NA	FALSE	FALSE	1	601 N MAIN ST	N MAIN ST	2014-01-09	Two-Way , Not Divided	Dry	Daylight	Clear	Not a Collision Between Two Motor Vehicles in Transport	No	No Controls	2	0	No Injury	NA	41.83753	-71.4094	TRUE	FALSE	601 N Main Street, Providence, RI, USA	High	Raw	NA	FALSE	41.83753	-71.4094	2014	January	College Hill	3
2651	2014-01-11	211112	10:05:00	Bicycle	NA	1	FALSE	FALSE	1	CHARLES ST	BRANCH AVE	2014-01-11	Two-Way , Not Divided	Wet	Daylight	Clear	Angle - Direction Not Specified	No	Traffic Control Signal	4	0	No Injury	NA	41.85026	-71.41998	FALSE	FALSE	Charles Street and Branch Ave, Providence, RI, USA	Med	Raw	NA	FALSE	41.85026	-71.41998	2014	January	Charles	4
2652	2014-01-11	211122	18:23:00	Pedestrian	1	NA	FALSE	FALSE	1	BROAD ST	CONGRESS AVE	2014-01-11	Two-Way , Not Divided	Wet	Dark - Lighted	Rain	Not a Collision Between Two Motor Vehicles in Transport	No	No Controls	2	1	Pain Reported	NA	41.80105	-71.41806	FALSE	FALSE	Broad Street and Congress Ave, Providence, RI, USA	Med	Raw	NA	FALSE	41.80105	-71.41806	2014	January	Elmwood	9
2650	2014-01-13	211425	08:30:00	Pedestrian	1	NA	FALSE	FALSE	1	DORRANCE STREET	WESTMINISTER STREET	2014-01-13	Two-Way , Not Divided	Dry	Daylight	Clear	Other	Yes	Traffic Control Signal	1	1	Pain Reported	2	41.8347	-71.41607	FALSE	FALSE	Dorrance Street and Westminister Street, Providence, RI, USA	Med High	Geocoded	distance greater than 100m	TRUE	41.8236083	-71.4116693	2014	January	Downtown	1
2648	2014-01-14	211568	17:11:00	Pedestrian	1	NA	FALSE	FALSE	1	Memorial blvd	COLLEGE ST	2014-01-14	Two-Way , Not Divided	Wet	Dark - Lighted	Rain	Not a Collision Between Two Motor Vehicles in Transport	No	Traffic Control Signal	2	1	Pain Reported	4	41.8253	-71.40882	FALSE	FALSE	Memorial Blvd and College Street, Providence, RI, USA	Med High	Raw	NA	FALSE	41.8253	-71.40882	2014	January	Downtown	1
2649	2014-01-14	211584	19:03:00	Pedestrian	1	NA	FALSE	FALSE	1	CRANSTON ST	BRIDGHAM ST	2014-01-14	Two-Way , Not Divided	Wet	Dark - Lighted	Rain	Not a Collision Between Two Motor Vehicles in Transport	No	Traffic Control Signal	3	1	Pain Reported	NA	41.81396	-71.42694	FALSE	FALSE	Cranston Street and Bridgham Street, Providence, RI, USA	Med High	Raw	NA	FALSE	41.81396	-71.42694	2014	January	West End	13
2646	2014-01-15	211755	13:32:00	Pedestrian	1	NA	FALSE	FALSE	1	North MAIN ST	Smith ST	2014-01-15	Two-Way , Not Divided	Dry	Daylight	Clear	Other	No	Traffic Control Signal	5	1	Pain Reported	NA	41.83153	-71.41064	FALSE	FALSE	North Main Street and Smith Street, Providence, RI, USA	Med	Raw	NA	FALSE	41.83153	-71.41064	2014	January	College Hill	3
2647	2014-01-15	211802	16:15:00	Pedestrian	1	NA	FALSE	FALSE	1	Hartford Ave	LAUREL HILL AVE	2014-01-15	Two-Way , Not Divided	Sand	Daylight	Clear	Not a Collision Between Two Motor Vehicles in Transport	Yes	No Controls	1	1	Pain Reported	2	41.81796	-71.4554	FALSE	FALSE	Hartford Ave and Laurel Hill Ave, Providence, RI, USA	Med High	Raw	NA	FALSE	41.81796	-71.4554	2014	January	Hartford	7
2644	2014-01-16	211999	17:19:00	Pedestrian	1	NA	FALSE	FALSE	1	PLAINFIELD STREET	LOWELL AVE	2014-01-16	Two-Way, Divided, Unprotected (painted>4feet) Medium	Dry	Dark - Lighted	Clear	Sidwswipe, Opposite Direction	No	Pavement Markings	2	1	Pain Reported	1	41.81265	-71.45897	FALSE	FALSE	Plainfield Street and Lowell Ave, Providence, RI, USA	Med High	Raw	NA	FALSE	41.81265	-71.45897	2014	January	Silver Lake	7
2645	2014-01-16	212296	22:26:00	Bicycle	NA	1	FALSE	FALSE	1	Atwells Ave	Cutler Ave	2014-01-17	Two-Way , Not Divided	Dry	Dark - Lighted	Clear	Not a Collision Between Two Motor Vehicles in Transport	Yes	Stop Signs	1	1	Pain Reported	NA	41.82468	-71.44157	FALSE	FALSE	Atwells Ave and Cutler Ave, Providence, RI, USA	Med High	Raw	NA	FALSE	41.82468	-71.44157	2014	January	Olneyville	15
2643	2014-01-18	212386	09:18:00	Pedestrian	1	NA	FALSE	FALSE	1	WASHINGTON PLACE	CANAL STREET	2014-01-18	One-Way Trafficway	Wet	Daylight	Rain	Other	No	No Controls	2	1	Non-Incapacitating	3	41.8371	-71.41609	FALSE	FALSE	Washington Place and Canal Street, Providence, RI, USA	Med High	Geocoded	distance greater than 100m	TRUE	41.8266915	-71.4095172	2014	January	Downtown	1
2641	2014-01-21	212812	08:50:00	Bicycle	NA	1	FALSE	FALSE	1	PARK ROW E	CANAL ST	2014-01-21	One-Way Trafficway	Dry	Daylight	Cloudy	Sideswipe, Same Direction	Yes	No Controls	1	1	Non-Incapacitating	NA	41.82847	-71.41069	FALSE	FALSE	Park Row E and Canal Street, Providence, RI, USA	Med High	Raw	NA	FALSE	41.82847	-71.41069	2014	January	Downtown	3
2642	2014-01-21	212846	10:30:00	Pedestrian	1	NA	FALSE	FALSE	1	FRIENDSHIP ST	DORRANCE ST	2014-01-21	One-Way Trafficway	Dry	Daylight	Clear	Not a Collision Between Two Motor Vehicles in Transport	No	No Controls	2	1	Non-Incapacitating	NA	41.822	-71.40946	FALSE	FALSE	Friendship Street and Dorrance Street, Providence, RI, USA	Med High	Raw	NA	FALSE	41.822	-71.40946	2014	January	Downtown	1
2640	2014-01-27	213977	14:41:00	Pedestrian	1	NA	FALSE	FALSE	1	250 Benefit St	COLLEGE ST	2014-01-27	Two-Way , Not Divided	Sand	Daylight	Cloudy	Not a Collision Between Two Motor Vehicles in Transport	No	No Controls	2	1	Pain Reported	2	41.82571	-71.40664	TRUE	FALSE	250 Benefit Street, Providence, RI, USA	High	Raw	NA	FALSE	41.82571	-71.40664	2014	January	College Hill	2
2639	2014-01-29	214498	18:21:00	Pedestrian	1	NA	FALSE	FALSE	1	FRANCIS ST	MEMORIAL BLVD	2014-01-29	Two-Way, Divided, Positive Median Barrier	Dry	Dark - Lighted	Clear	Not a Collision Between Two Motor Vehicles in Transport	No	Traffic Control Signal	3	1	Pain Reported	NA	41.82586	-71.41533	FALSE	FALSE	Francis Street and Memorial Blvd, Providence, RI, USA	Med	Raw	NA	FALSE	41.82586	-71.41533	2014	January	Downtown	1
2638	2014-01-30	214760	15:29:00	Pedestrian	1	NA	FALSE	FALSE	1	Broad St	PEARL ST	2014-01-30	Two-Way , Not Divided	Sand	Daylight	Clear	Not a Collision Between Two Motor Vehicles in Transport	No	Traffic Control Signal	3	1	Pain Reported	2	41.81475	-71.42095	FALSE	FALSE	Broad Street and Pearl Street, Providence, RI, USA	Med	Raw	NA	FALSE	41.81475	-71.42095	2014	January	West End	11
2637	2014-02-07	216462	17:15:00	Bicycle	NA	1	FALSE	FALSE	1	BLACKSTONE ST	ALLENS AVE	2014-02-07	Two-Way , Not Divided	Wet	Dark - Lighted	Clear	Not a Collision Between Two Motor Vehicles in Transport	No	No Controls	2	1	Pain Reported	2	41.8105	-71.4047	FALSE	FALSE	Blackstone Street and Allens Ave, Providence, RI, USA	Med High	Raw	NA	FALSE	41.8105	-71.4047	2014	February	Upper South Providence	11
2635	2014-02-08	216626	15:59:00	Pedestrian	1	NA	FALSE	FALSE	1	ACADEMY AVENUE	BELOMNT STREET	2014-02-08	Two-Way , Not Divided	Dry	Daylight	Cloudy	Not a Collision Between Two Motor Vehicles in Transport	Yes	No Controls	1	1	Pain Reported	2	41.82545	-71.42914	FALSE	FALSE	Academy Avenue and Belomnt Street, Providence, RI, USA	Med High	Geocoded	distance greater than 100m	TRUE	41.8322837	-71.4445179	2014	February	Mount Pleasant	6
2636	2014-02-08	217146	18:23:00	Pedestrian	1	NA	FALSE	FALSE	1	1222 BROAD STREET	CASS STREET	2014-02-09	Two-Way , Not Divided	Dry	Dark - Lighted	Clear	Not a Collision Between Two Motor Vehicles in Transport	Yes	No Controls	2	0	Unknown	NA	41.79299	-71.4082	TRUE	FALSE	1222 Broad Street, Providence, RI, USA	High	Raw	NA	FALSE	41.79299	-71.4082	2014	February	South Elmwood	9
2634	2014-02-11	217274	15:25:00	Pedestrian	1	NA	FALSE	FALSE	1	MARIETTA ST	CHARLES ST	2014-02-11	Two-Way , Not Divided	Dry	Daylight	Clear	Sidwswipe, Opposite Direction	Yes	No Controls	3	1	Pain Reported	2	41.85192	-71.41982	FALSE	FALSE	Marietta Street and Charles Street, Providence, RI, USA	Med High	Raw	NA	FALSE	41.85192	-71.41982	2014	February	Charles	4
2633	2014-02-12	217573	13:45:00	Pedestrian	1	NA	FALSE	FALSE	1	601 NORTH MAIN STREET	NA	2014-02-12	Two-Way , Not Divided	Dry	Daylight	Clear	Unknown	Yes	No Controls	1	0	No Injury	4	41.83588	-71.416	TRUE	TRUE	601 North Main Street, Providence, RI, USA	High	Geocoded	distance greater than 100m	TRUE	41.8372393	-71.4083214	2014	February	Mount Hope	3
2630	2014-02-21	219089	19:11:00	Pedestrian	1	NA	FALSE	FALSE	1	450 CRANSTON ST	SUPERIOR ST	2014-02-21	Two-Way , Not Divided	Wet	Dark - Lighted	Rain	Not a Collision Between Two Motor Vehicles in Transport	No	No Controls	2	1	Incapacitating	NA	41.81068	-71.43237	TRUE	FALSE	450 Cranston Street, Providence, RI, USA	High	Raw	NA	FALSE	41.81068	-71.43237	2014	February	West End	8
2631	2014-02-21	219110	14:45:00	Bicycle	NA	1	FALSE	FALSE	1	PARADE ST	HOLLYWOOD RD	2014-02-21	Two-Way , Not Divided	Wet	Daylight	Rain	Not a Collision Between Two Motor Vehicles in Transport	No	Stop Signs	3	1	Pain Reported	NA	41.81577	-71.433090000000007	FALSE	FALSE	Parade Street and Hollywood Rd, Providence, RI, USA	Med High	Raw	NA	FALSE	41.81577	-71.433090000000007	2014	February	West End	13
2632	2014-02-21	219587	17:16:00	Bicycle	NA	1	FALSE	FALSE	1	Broad St	Saratoga St	2014-02-26	Two-Way , Not Divided	Wet	Dusk	Rain	Not a Collision Between Two Motor Vehicles in Transport	No	No Controls	3	1	Pain Reported	NA	41.8041	-71.41926	FALSE	FALSE	Broad Street and Saratoga Street, Providence, RI, USA	Med	Raw	NA	FALSE	41.8041	-71.41926	2014	February	Elmwood	9
2629	2014-02-24	219317	01:22:00	Pedestrian	1	NA	FALSE	FALSE	1	ATWELLS AVE	DEAN ST	2014-02-24	Two-Way , Not Divided	Dry	Dark - Lighted	Clear	Not a Collision Between Two Motor Vehicles in Transport	Yes	Traffic Control Signal	2	1	Incapacitating	NA	41.82337	-71.42391	FALSE	FALSE	Atwells Ave and Dean Street, Providence, RI, USA	Med High	Raw	NA	FALSE	41.82337	-71.42391	2014	February	Federal Hill	13
2627	2014-02-26	219699	14:26:00	Bicycle	NA	1	FALSE	FALSE	1	601 North Main St	N MAIN ST	2014-02-26	Two-Way , Not Divided	Sand	Daylight	Clear	Not a Collision Between Two Motor Vehicles in Transport	No	No Controls	3	1	Pain Reported	2	41.83644	-71.40964	TRUE	FALSE	601 North Main Street, Providence, RI, USA	High	Raw	distance greater than 100m	TRUE	41.83644	-71.40964	2014	February	College Hill	3
2628	2014-02-26	219701	14:49:00	Pedestrian	1	NA	FALSE	FALSE	1	Broad St	FRICKER ST	2014-02-26	Two-Way , Not Divided	Sand	Daylight	Clear	Not a Collision Between Two Motor Vehicles in Transport	No	No Controls	5	1	Pain Reported	2	41.8153	-71.42065	FALSE	FALSE	Broad Street and Fricker Street, Providence, RI, USA	Med	Raw	NA	FALSE	41.8153	-71.42065	2014	February	West End	11