row_number	crash_date	crash_report_id	crash_time	collision_type	count_pedestrian	count_bicycle	scooter	wheel_chair	number_of_vehicles	street_or_highway	nearest_intersection	report_date	type_of_roadway	road_surface_condition	light_condition	weather_condition	manner_of_impact	hit_and_run	traffic_control	person_count	injury_count	most_serious_injury	number_of_lanes	lat_raw	lon_raw	has_st_number	is_intersection_null	address_sent_to_geocoder	api_coord_conf	best_coordinate_set	reason_for_qa	manually_qaed_record	final_lat	final_lon	year	month	pvd_nhood	pvd_wards
2626	2014-03-03	220501	13:07:00	Pedestrian	1	NA	FALSE	FALSE	1	BROAD ST	OXFORD ST	2014-03-03	Two-Way , Not Divided	Dry	Daylight	Clear	Not a Collision Between Two Motor Vehicles in Transport	No	No Controls	5	1	Pain Reported	2	41.80043	-71.41742	FALSE	FALSE	Broad Street and Oxford Street, Providence, RI, USA	Med	Raw	NA	FALSE	41.80043	-71.41742	2014	March	Elmwood	9
2625	2014-03-06	220941	14:35:00	Bicycle	NA	1	FALSE	FALSE	1	UNION AVE	WHITEHALL ST	2014-03-06	Two-Way, Divided, Unprotected (painted>4feet) Medium	Dry	Daylight	Clear	Angle (Front - to - Side) Right Angle (Includes Broadside)	No	No Controls	4	1	Pain Reported	2	41.80778	-71.4439	FALSE	FALSE	Union Ave and Whitehall Street, Providence, RI, USA	Med	Raw	NA	FALSE	41.80778	-71.4439	2014	March	Silver Lake	15
2624	2014-03-13	222041	07:59:00	Pedestrian	2	NA	FALSE	FALSE	1	EDDY ST	NEW YORK AVE	2014-03-13	Two-Way , Not Divided	Ice/Frost	Daylight	Snow	Not a Collision Between Two Motor Vehicles in Transport	Yes	No Controls	3	2	Pain Reported	NA	41.7898	-71.40302	FALSE	FALSE	Eddy Street and New York Ave, Providence, RI, USA	Med High	Raw	NA	FALSE	41.7898	-71.40302	2014	March	Washington Park	10
2623	2014-03-19	222876	08:07:00	Pedestrian	1	NA	FALSE	FALSE	1	BROAD STREET	MONTGOMERY AVENUE	2014-03-19	Two-Way , Not Divided	Dry	Daylight	Clear	Other	No	Traffic Control Signal	2	1	Pain Reported	2	41.8347	-71.41607	FALSE	FALSE	Broad Street and Montgomery Avenue, Providence, RI, USA	Med	Geocoded	distance greater than 100m	TRUE	41.7858952	-71.4016671	2014	March	NA	10
2622	2014-03-21	223479	21:43:00	Pedestrian	1	NA	FALSE	FALSE	1	TUXEDO AVE	ATWELLS AVE	2014-03-22	Two-Way , Not Divided	Dry	Dark - Lighted	Clear	Angle (Front - to - Side) Right Angle (Includes Broadside)	No	No Controls	1	1	Pain Reported	NA	41.82448	-71.43863	FALSE	FALSE	Tuxedo Ave and Atwells Ave, Providence, RI, USA	Med High	Raw	NA	FALSE	41.82448	-71.43863	2014	March	Olneyville	15
2619	2014-04-01	224913	08:20:00	Pedestrian	1	NA	FALSE	FALSE	1	CANAL STREET	SMITH STREET	2014-04-01	Two-Way , Not Divided	Dry	Daylight	Clear	Other	Yes	Traffic Control Signal	1	1	Non-Incapacitating	3	41.83741	-71.41499	FALSE	FALSE	Canal Street and Smith Street, Providence, RI, USA	Med	Geocoded	distance greater than 100m	TRUE	41.8314185	-71.4113298	2014	April	Downtown	3
2620	2014-04-01	224931	09:31:00	Pedestrian	1	NA	FALSE	FALSE	1	100 BROAD STREET	NA	2014-04-01	Two-Way , Not Divided	Dry	Daylight	Clear	Other	No	No Controls	3	1	Pain Reported	2	41.83052	-71.4179	TRUE	TRUE	100 Broad Street, Providence, RI, USA	High	Geocoded	distance greater than 100m	TRUE	41.818123	-71.4150911	2014	April	Downtown	1
2621	2014-04-01	224933	12:37:00	Pedestrian	1	NA	FALSE	FALSE	1	FRANCIS STREET	MEMORIAL BLVD.	2014-04-01	Two-Way , Not Divided	Dry	Daylight	Clear	Other	No	Traffic Control Signal	5	1	Pain Reported	4	41.82804	-71.41829	FALSE	FALSE	Francis Street and Memorial Blvd., Providence, RI, USA	Med	Geocoded	distance greater than 100m	TRUE	41.8258972	-71.4153893	2014	April	Downtown	12
2617	2014-04-02	225118	15:13:00	Pedestrian	1	NA	FALSE	FALSE	1	LUBEC ST	SMITHFIELD RD	2014-04-02	Two-Way , Not Divided	Dry	Daylight	Clear	Head-On (Front - to - Front)	No	No Controls	2	1	Pain Reported	NA	41.85432	-71.44628	FALSE	FALSE	Lubec Street and Smithfield Rd, Providence, RI, USA	Med High	Raw	NA	FALSE	41.85432	-71.44628	2014	April	NA	14
2618	2014-04-02	225123	14:47:00	Bicycle	NA	1	FALSE	FALSE	1	Allens Ave	ERNEST ST	2014-04-02	Two-Way , Not Divided	Sand	Daylight	Clear	Not a Collision Between Two Motor Vehicles in Transport	No	Traffic Control Signal	3	1	Pain Reported	2	41.79561	-71.39819	FALSE	FALSE	Allens Ave and Ernest Street, Providence, RI, USA	Med High	Raw	NA	FALSE	41.79561	-71.39819	2014	April	Washington Park	10
2615	2014-04-03	225231	15:25:00	Pedestrian	2	NA	FALSE	FALSE	1	Broad St	PEARL ST	2014-04-03	Two-Way , Not Divided	Dry	Daylight	Clear	Not a Collision Between Two Motor Vehicles in Transport	No	Traffic Control Signal	8	1	Pain Reported	2	41.81474	-71.42096	FALSE	FALSE	Broad Street and Pearl Street, Providence, RI, USA	Med	Raw	NA	FALSE	41.81474	-71.42096	2014	April	West End	11
2616	2014-04-03	225260	12:20:00	Bicycle	NA	1	FALSE	FALSE	1	ATWELLS AVE	DE PASQUALE AVE	2014-04-03	Two-Way , Not Divided	Dry	Daylight	Clear	Not a Collision Between Two Motor Vehicles in Transport	No	No Controls	2	1	Pain Reported	NA	41.82359	-71.42685	FALSE	FALSE	Atwells Ave and De Pasquale Ave, Providence, RI, USA	Med High	Raw	NA	FALSE	41.82359	-71.42685	2014	April	Federal Hill	13
2614	2014-04-06	225509	14:44:00	Bicycle	NA	1	FALSE	FALSE	1	Power St	HOPE ST	2014-04-06	Two-Way , Not Divided	Dry	Daylight	Clear	Angle (Front - to - Side) Right Angle (Includes Broadside)	No	Stop Signs	2	0	No Injury	2	41.82318	-71.39702	FALSE	FALSE	Power Street and Hope Street, Providence, RI, USA	Med High	Raw	NA	FALSE	41.82318	-71.39702	2014	April	College Hill	1
2613	2014-04-07	225568	14:22:00	Bicycle	NA	1	FALSE	FALSE	1	1206 Broad St	CASS ST	2014-04-07	Two-Way, Divided, Unprotected (painted>4feet) Medium	Dry	Daylight	Clear	Other	No	No Controls	2	1	Non-Incapacitating	NA	41.79309	-71.40832	TRUE	FALSE	1206 Broad Street, Providence, RI, USA	High	Raw	NA	FALSE	41.79309	-71.40832	2014	April	South Elmwood	9
2611	2014-04-08	225796	18:27:00	Pedestrian	2	NA	FALSE	FALSE	1	HARTFORD AVE	HARTFORD AVE	2014-04-08	Two-Way, Divided, Positive Median Barrier	Dry	Dawn	Clear	Head-On (Front - to - Front)	No	No Controls	3	2	Pain Reported	NA	41.81765	-71.4538	FALSE	FALSE	Hartford Ave and Hartford Ave, Providence, RI, USA	Med	Raw	distance greater than 100m	TRUE	41.81765	-71.4538	2014	April	Hartford	7
2612	2014-04-08	226672	08:31:00	Pedestrian	1	NA	FALSE	FALSE	1	BROADWAY	BARTON ST	2014-04-13	Two-Way , Not Divided	Wet	Daylight	Rain	Not a Collision Between Two Motor Vehicles in Transport	No	Person	6	0	No Injury	NA	41.81797	-71.43714	FALSE	FALSE	Broadway and Barton Street, Providence, RI, USA	Med	Raw	NA	FALSE	41.81797	-71.43714	2014	April	Federal Hill	13
2610	2014-04-09	225909	12:12:00	Bicycle	NA	1	FALSE	FALSE	1	BRANCH AVE	LANGDON ST	2014-04-09	Two-Way , Not Divided	Dry	Daylight	Clear	Not a Collision Between Two Motor Vehicles in Transport	No	No Controls	3	0	No Injury	2	41.85221	-71.42447	FALSE	FALSE	Branch Ave and Langdon Street, Providence, RI, USA	Med High	Raw	NA	FALSE	41.85221	-71.42447	2014	April	Charles	4
2608	2014-04-10	226095	09:04:00	Bicycle	NA	1	FALSE	FALSE	1	ELMWOOD AVENUE	POTTERS AVENUE	2014-04-10	Two-Way , Not Divided	Dry	Daylight	Clear	Other	No	Traffic Control Signal	3	0	No Injury	4	41.83618	-71.41545	FALSE	FALSE	Elmwood Avenue and Potters Avenue, Providence, RI, USA	Med High	Geocoded	distance greater than 100m	TRUE	41.8015172	-71.4263655	2014	April	West End	9
2609	2014-04-10	226191	15:42:00	Pedestrian	1	NA	FALSE	FALSE	1	10 GORDON AVE	NA	2014-04-10	Two-Way , Not Divided	Dry	Daylight	Clear	Not a Collision Between Two Motor Vehicles in Transport	No	No Controls	3	1	Pain Reported	2	41.805	-71.41628	TRUE	TRUE	10 Gordon Ave, Providence, RI, USA	High	Raw	NA	FALSE	41.805	-71.41628	2014	April	Lower South Providence	11
2607	2014-04-13	226714	01:17:00	Pedestrian	1	NA	FALSE	FALSE	1	CORINA ST	FERNANDO ST	2014-04-13	Two-Way , Not Divided	Dry	Dark - Lighted	Clear	Not a Collision Between Two Motor Vehicles in Transport	Yes	No Controls	2	1	Pain Reported	NA	41.84674	-71.42949	FALSE	FALSE	Corina Street and Fernando Street, Providence, RI, USA	Med High	Raw	NA	FALSE	41.84674	-71.42949	2014	April	Wanskuck	14
2606	2014-04-14	226829	15:47:00	Pedestrian	1	NA	FALSE	FALSE	1	DUDLEY STREET	PLAIN ST	2014-04-14	Two-Way , Not Divided	Dry	Daylight	Clear	Not a Collision Between Two Motor Vehicles in Transport	No	Stop Signs	4	1	Pain Reported	NA	41.81022	-71.41121	FALSE	FALSE	Dudley Street and Plain Street, Providence, RI, USA	Med High	Raw	NA	FALSE	41.81022	-71.41121	2014	April	Upper South Providence	11
2605	2014-04-15	226896	07:29:00	Bicycle	NA	1	FALSE	FALSE	1	SORRENTO ST	WALDO ST	2014-04-15	Two-Way , Not Divided	Wet	Daylight	Rain	Not a Collision Between Two Motor Vehicles in Transport	No	Stop Signs	4	1	Pain Reported	NA	41.80718	-71.43796	FALSE	FALSE	Sorrento Street and Waldo Street, Providence, RI, USA	Med High	Raw	NA	FALSE	41.80718	-71.43796	2014	April	West End	8
2603	2014-04-16	227103	12:12:00	Pedestrian	1	NA	FALSE	FALSE	1	11 SOUTH ANGELL STREET	ANGELL STREET	2014-04-16	One-Way Trafficway	Dry	Daylight	Clear	Other	No	Traffic Control Signal	3	1	Non-Incapacitating	2	41.83578	-71.4154	TRUE	FALSE	11 South Angell Street, Providence, RI, USA	High	Geocoded	distance greater than 100m	TRUE	41.8297034	-71.3876097	2014	April	Wayland	1
2604	2014-04-16	227174	09:17:00	Pedestrian	1	NA	FALSE	FALSE	1	MAGNOLIA ST	HULDAH ST	2014-04-16	Two-Way , Not Divided	Dry	Daylight	Clear	Not a Collision Between Two Motor Vehicles in Transport	Yes	No Controls	3	1	Pain Reported	NA	41.8135	-71.44539	FALSE	FALSE	Magnolia Street and Huldah Street, Providence, RI, USA	Med	Raw	NA	FALSE	41.8135	-71.44539	2014	April	Silver Lake	15
2602	2014-04-19	227685	14:30:00	Pedestrian	1	NA	FALSE	FALSE	1	COLLEGE ST	South Main ST	2014-04-19	Two-Way , Not Divided	Dry	Daylight	Clear	Head-On (Front - to - Front)	No	Traffic Control Signal	3	1	Pain Reported	NA	41.82563	-71.40787	FALSE	FALSE	College Street and South Main Street, Providence, RI, USA	Med	Raw	NA	FALSE	41.82563	-71.40787	2014	April	Downtown	1
2601	2014-04-20	227839	17:48:00	Pedestrian	1	NA	FALSE	FALSE	1	221 MOUNT PLEASANT AVENUE	221 MOUNT PLEASANT AVENUE	2014-04-20	Two-Way , Not Divided	Dry	Daylight	Clear	Angle (Front - to - Side) Right Angle (Includes Broadside)	No	No Controls	2	1	Non-Incapacitating	NA	41.82485	-71.43178	TRUE	FALSE	221 Mount Pleasant Avenue, Providence, RI, USA	High	Geocoded	distance greater than 100m	TRUE	41.8321039	-71.4494172	2014	April	Mount Pleasant	6
2600	2014-04-21	227963	15:56:00	Pedestrian	1	NA	FALSE	FALSE	1	FULTON ST	10 DORRANCE ST	2014-04-21	Two-Way , Not Divided	Dry	Daylight	Clear	Other	No	No Controls	3	1	Pain Reported	NA	41.82413	-71.41236	FALSE	FALSE	Fulton Street and 10 Dorrance Street, Providence, RI, USA	Med High	Raw	NA	FALSE	41.82413	-71.41236	2014	April	Downtown	1
2599	2014-04-25	228428	10:31:00	Other	NA	1	TRUE	FALSE	1	WOODARD ROAD	BRANCH AVENUE	2014-04-25	Two-Way , Not Divided	Dry	Daylight	Clear	Other	No	Stop Signs	2	0	No Injury	2	41.83349	-71.41682	FALSE	FALSE	Woodard Road and Branch Avenue, Providence, RI, USA	Med High	Geocoded	distance greater than 100m	TRUE	41.8534892	-71.4280628	2014	April	Wanskuck	4
2598	2014-04-29	228898	07:36:00	Pedestrian	1	NA	FALSE	FALSE	1	780 CHALSTONE AVENUE	NA	2014-04-29	Two-Way , Not Divided	Dry	Daylight	Clear	Other	No	Stop Signs	2	1	Pain Reported	2	41.83605	-71.41542	TRUE	TRUE	780 Chalstone Avenue, Providence, RI, USA	High	Geocoded	distance greater than 100m	TRUE	41.8338414	-71.4327558	2014	April	Valley	12
2597	2014-04-30	229453	21:54:00	Pedestrian	1	NA	FALSE	FALSE	1	POTTERS AVE	HAMILTON ST	2014-05-01	Two-Way , Not Divided	Wet	Dark - Unknown Lighting	Rain	Not a Collision Between Two Motor Vehicles in Transport	Yes	Unknown	3	1	Pain Reported	NA	41.80188	-71.42265	FALSE	FALSE	Potters Ave and Hamilton Street, Providence, RI, USA	Med High	Raw	NA	FALSE	41.80188	-71.42265	2014	April	Elmwood	9
2595	2014-05-03	229714	06:56:00	Bicycle	NA	1	FALSE	FALSE	1	PLAINFIELD STREET	SERVICE ROAD 1	2014-05-03	Two-Way , Not Divided	Dry	Daylight	Clear	Other	No	Traffic Control Signal	3	1	Pain Reported	2	41.83583	-71.41601	FALSE	FALSE	Plainfield Street and Service Road 1, Providence, RI, USA	Med	Geocoded	distance greater than 100m	TRUE	41.8199608	-71.4200451	2014	May	Federal Hill	13
2596	2014-05-03	229731	11:23:00	Bicycle	NA	1	FALSE	FALSE	1	BRANCH AVENUE	WEST RIVER STREET	2014-05-03	Two-Way , Not Divided	Dry	Daylight	Clear	Other	No	Traffic Control Signal	5	0	No Injury	2	41.83612	-71.42897	FALSE	FALSE	Branch Avenue and West River Street, Providence, RI, USA	Med High	Geocoded	distance greater than 100m	TRUE	41.8468987	-71.4126689	2014	May	Mount Hope	4
2592	2014-05-06	230204	07:06:00	Pedestrian	1	NA	FALSE	FALSE	1	HARTFORD AVENUE	KILLINGLY STREET	2014-05-06	Two-Way , Not Divided	Dry	Daylight	Clear	Other	No	Traffic Control Signal	4	1	Pain Reported	2	41.83571	-71.41579	FALSE	FALSE	Hartford Avenue and Killingly Street, Providence, RI, USA	Med High	Geocoded	distance greater than 100m	TRUE	41.8200273	-71.4689352	2014	May	Hartford	7
2593	2014-05-06	230225	09:51:00	Pedestrian	1	NA	FALSE	FALSE	1	HUNTINGTON AVENUE	NA	2014-05-06	Two-Way , Not Divided	Dry	Daylight	Clear	Other	No	No Controls	4	1	Non-Incapacitating	2	41.83569	-71.4158	FALSE	TRUE	Huntington Avenue, Providence, RI, USA	Inaccurate	Geocoded	distance greater than 100m	TRUE	41.8025522	-71.4361117	2014	May	West End	8
2594	2014-05-06	230308	18:10:00	Bicycle	NA	1	FALSE	FALSE	1	HAROLD ST	REGENT AVE	2014-05-06	Two-Way , Not Divided	Dry	Daylight	Clear	Not a Collision Between Two Motor Vehicles in Transport	No	Stop Signs	4	1	Pain Reported	2	41.8297	-71.4387	FALSE	FALSE	Harold Street and Regent Ave, Providence, RI, USA	Med High	Raw	NA	FALSE	41.8297	-71.4387	2014	May	Valley	12
2591	2014-05-09	230897	14:13:00	Pedestrian	1	NA	FALSE	FALSE	1	VIRGINIA AVE	VERMONT AVE	2014-05-10	Two-Way , Not Divided	Dry	Daylight	Cloudy	Not a Collision Between Two Motor Vehicles in Transport	No	No Controls	2	0	No Injury	NA	41.78826	-71.39899	FALSE	FALSE	Virginia Ave and Vermont Ave, Providence, RI, USA	Med	Raw	NA	FALSE	41.78826	-71.39899	2014	May	Washington Park	10
2588	2014-05-10	230866	00:45:00	Pedestrian	1	NA	FALSE	FALSE	1	ATWELLS AVE	BOND ST	2014-05-10	Two-Way , Not Divided	Wet	Dark - Lighted	Cloudy	Not a Collision Between Two Motor Vehicles in Transport	Yes	No Controls	1	1	Pain Reported	NA	41.82333	-71.42318	FALSE	FALSE	Atwells Ave and Bond Street, Providence, RI, USA	Med High	Raw	NA	FALSE	41.82333	-71.42318	2014	May	Federal Hill	13
2589	2014-05-10	230939	13:43:00	Bicycle	NA	1	FALSE	FALSE	1	STAR ST	BENEFIT ST	2014-05-10	Two-Way , Not Divided	Dry	Daylight	Clear	Not a Collision Between Two Motor Vehicles in Transport	Yes	Stop Signs	1	1	Pain Reported	2	41.83206	-71.40947	FALSE	FALSE	Star Street and Benefit Street, Providence, RI, USA	Med High	Raw	NA	FALSE	41.83206	-71.40947	2014	May	College Hill	3
2590	2014-05-10	230954	09:21:00	Pedestrian	1	NA	FALSE	FALSE	1	N MAIN ST	7TH ST	2014-05-10	Unknown	Dry	Daylight	Cloudy	Other	No	No Controls	5	1	Pain Reported	NA	41.85387	-71.40071	FALSE	FALSE	N Main Street and 7th Street, Providence, RI, USA	Med	Raw	NA	FALSE	41.85387	-71.40071	2014	May	Hope	3
2587	2014-05-12	231321	15:51:00	Pedestrian	1	1	FALSE	FALSE	1	ELIZABETH ST	N MAIN ST	2014-05-12	One-Way Trafficway	Dry	Daylight	Clear	Not a Collision Between Two Motor Vehicles in Transport	Unknown	No Controls	2	2	Pain Reported	NA	41.82786	-71.40929	FALSE	FALSE	Elizabeth Street and N Main Street, Providence, RI, USA	Med	Raw	NA	FALSE	41.82786	-71.40929	2014	May	Downtown	1
2585	2014-05-14	231754	14:47:00	Pedestrian	1	NA	FALSE	FALSE	1	S MAIN ST	COLLEGE ST	2014-05-14	One-Way Trafficway	Dry	Daylight	Clear	Not a Collision Between Two Motor Vehicles in Transport	No	Pavement Markings	4	1	Pain Reported	2	41.82625	-71.40831	FALSE	FALSE	S Main Street and College Street, Providence, RI, USA	Med High	Raw	NA	FALSE	41.82625	-71.40831	2014	May	Downtown	1
2586	2014-05-14	232710	14:14:00	Bicycle	NA	NA	FALSE	FALSE	2	CANDACE ST	CHALKSTONE AVE	2014-05-15	One-Way Trafficway	Dry	Daylight	Clear	Sidwswipe, Opposite Direction	Yes	No Controls	3	0	No Injury	1	41.83596	-71.4226	FALSE	FALSE	Candace Street and Chalkstone Ave, Providence, RI, USA	Med High	Raw	NA	FALSE	41.83596	-71.4226	2014	May	Smith Hill	12
2583	2014-05-15	231977	16:52:00	Pedestrian	2	NA	FALSE	FALSE	1	Fountain St	Sabin St	2014-05-15	One-Way Trafficway	Dry	Daylight	Cloudy	Not a Collision Between Two Motor Vehicles in Transport	No	No Controls	5	2	Pain Reported	1	41.82503	-71.4148	FALSE	FALSE	Fountain Street and Sabin Street, Providence, RI, USA	Med	Raw	distance greater than 100m	TRUE	41.82503	-71.4148	2014	May	Downtown	1
2584	2014-05-15	232707	09:52:00	Pedestrian	1	NA	FALSE	FALSE	1	Roger Williams Avenue	Elmwood Avenue	2014-05-20	Two-Way , Not Divided	Dry	Daylight	Clear	Other	No	Traffic Control Signal	2	1	Non-Incapacitating	NA	41.80247	-71.40375	FALSE	FALSE	Roger Williams Avenue and Elmwood Avenue, Providence, RI, USA	Med High	Geocoded	distance greater than 100m	TRUE	41.7885278	-71.4209033	2014	May	Elmwood	8
2580	2014-05-20	232705	07:56:00	Pedestrian	1	NA	FALSE	FALSE	1	PRAIRIE AVE	THURBERS AVE	2014-05-20	Two-Way, Divided, Unprotected (painted>4feet) Medium	Dry	Daylight	Clear	Angle (Front - to - Side) Right Angle (Includes Broadside)	No	No Controls	3	2	Incapacitating	NA	41.79855	-71.41183	FALSE	FALSE	Prairie Ave and Thurbers Ave, Providence, RI, USA	Med High	Raw	NA	FALSE	41.79855	-71.41183	2014	May	Lower South Providence	10
2581	2014-05-20	232791	14:51:00	Pedestrian	1	NA	FALSE	FALSE	1	100 Atwells Ave	Enterprise Row	2014-05-20	Two-Way , Not Divided	Dry	Daylight	Clear	Not a Collision Between Two Motor Vehicles in Transport	No	No Controls	6	1	Pain Reported	2	41.82318	-71.42099	TRUE	FALSE	100 Atwells Ave, Providence, RI, USA	High	Raw	NA	FALSE	41.82318	-71.42099	2014	May	Federal Hill	13
2582	2014-05-20	234136	19:05:00	Bicycle	NA	1	FALSE	FALSE	1	CHAMBERS ST	HUNTINGTON AVE	2014-05-27	Two-Way , Not Divided	Dry	Daylight	Clear	Not a Collision Between Two Motor Vehicles in Transport	No	No Controls	2	1	Pain Reported	2	41.80234	-71.4339	FALSE	FALSE	Chambers Street and Huntington Ave, Providence, RI, USA	Med	Raw	NA	FALSE	41.80234	-71.4339	2014	May	West End	8
2577	2014-05-23	233269	13:35:00	Pedestrian	1	NA	FALSE	FALSE	1	HAYWARD STREET	PORTLAND ST	2014-05-23	Two-Way , Not Divided	Dry	Daylight	Cloudy	Other	Yes	No Controls	2	1	Pain Reported	NA	41.81359	-71.42049	FALSE	FALSE	Hayward Street and Portland Street, Providence, RI, USA	Med High	Raw	NA	FALSE	41.81359	-71.42049	2014	May	Upper South Providence	11
2578	2014-05-23	233285	13:30:00	Pedestrian	1	NA	FALSE	FALSE	1	BROADWAY	ATWELLS AVE	2014-05-23	Two-Way , Not Divided	Dry	Daylight	Cloudy	Other	No	Traffic Control Signal	5	1	Pain Reported	NA	41.82248	-71.41856	FALSE	FALSE	Broadway and Atwells Ave, Providence, RI, USA	Med	Raw	NA	FALSE	41.82248	-71.41856	2014	May	Downtown	1
2579	2014-05-23	233382	13:00:00	Pedestrian	1	NA	FALSE	FALSE	1	186 FOUNTAIN STREET	EMPIRE STREET	2014-05-23	One-Way Trafficway	Dry	Daylight	Cloudy	Other	No	Traffic Control Signal	5	1	Non-Incapacitating	3	41.8358	-71.41573	TRUE	FALSE	186 Fountain Street, Providence, RI, USA	High	Raw	distance greater than 100m	TRUE	41.8358	-71.41573	2014	May	Smith Hill	4
2576	2014-05-25	233694	12:46:00	Pedestrian	1	NA	TRUE	FALSE	2	MANTON AVE	GREENWOOD ST	2014-05-25	Two-Way, Divided, Unprotected (painted>4feet) Medium	Dry	Daylight	Clear	Not a Collision Between Two Motor Vehicles in Transport	No	Stop Signs	4	0	No Injury	2	41.82378	-71.45169	FALSE	FALSE	Manton Ave and Greenwood Street, Providence, RI, USA	Med High	Raw	NA	FALSE	41.82378	-71.45169	2014	May	Olneyville	15
2575	2014-05-26	233936	13:11:00	Bicycle	NA	1	FALSE	FALSE	1	NEWARK ST	VALLEY ST	2014-05-26	Two-Way , Not Divided	Wet	Daylight	Clear	Not a Collision Between Two Motor Vehicles in Transport	No	No Controls	3	1	Pain Reported	2	41.82521	-71.43932	FALSE	FALSE	Newark Street and Valley Street, Providence, RI, USA	Med High	Raw	NA	FALSE	41.82521	-71.43932	2014	May	Valley	12
2572	2014-05-28	234184	13:28:00	Pedestrian	1	NA	FALSE	FALSE	1	WASHINGTON STREET	EXCHANGE STREET	2014-05-28	One-Way Trafficway	Dry	Daylight	Cloudy	Other	No	Traffic Control Signal	4	1	Fatal	2	41.83601	-71.41599	FALSE	FALSE	Washington Street and Exchange Street, Providence, RI, USA	Med	Raw	distance greater than 100m	TRUE	41.83601	-71.41599	2014	May	Smith Hill	4
2573	2014-05-28	234192	19:30:00	Pedestrian	1	NA	FALSE	FALSE	1	Chalkstone Ave	Young Ave	2014-05-29	Two-Way , Not Divided	Dry	Dusk	Cloudy	Not a Collision Between Two Motor Vehicles in Transport	No	No Controls	5	1	Pain Reported	NA	41.83481	-71.42731	FALSE	FALSE	Chalkstone Ave and Young Ave, Providence, RI, USA	Med High	Raw	NA	FALSE	41.83481	-71.42731	2014	May	Smith Hill	12
2571	2014-05-29	234336	10:47:00	Pedestrian	1	NA	FALSE	FALSE	1	RT. 146 NORTH ON RAMP	BRANCH AVENUE	2014-05-29	One-Way Trafficway	Dry	Daylight	Clear	Other	Yes	No Controls	4	0	No Injury	NA	41.83618	-71.41545	FALSE	FALSE	Rt. 146 North On Ramp and Branch Avenue, Providence, RI, USA	Med	Neither	distance greater than 100m	TRUE	41.84543598788781	-71.41053780339767	2014	May	Mount Hope	3
2570	2014-06-03	235437	21:00:00	Bicycle	NA	1	FALSE	FALSE	1	Elmwood Ave	Sprague St	2014-06-04	Two-Way , Not Divided	Dry	Dark - Lighted	Clear	Not a Collision Between Two Motor Vehicles in Transport	No	No Controls	4	1	Pain Reported	NA	41.80942	-71.42437	FALSE	FALSE	Elmwood Ave and Sprague Street, Providence, RI, USA	Med High	Raw	NA	FALSE	41.80942	-71.42437	2014	June	West End	11
2568	2014-06-06	235719	16:12:00	Bicycle	NA	1	FALSE	FALSE	1	Broadway	VALLEY ST	2014-06-06	Two-Way , Not Divided	Dry	Daylight	Clear	Not a Collision Between Two Motor Vehicles in Transport	No	Traffic Control Signal	2	0	No Injury	4	41.81684	-71.44098	FALSE	FALSE	Broadway and Valley Street, Providence, RI, USA	Med	Raw	NA	FALSE	41.81684	-71.44098	2014	June	Olneyville	15
2569	2014-06-06	235781	23:16:00	Bicycle	NA	1	FALSE	FALSE	1	SMITH ST	ORMS ST	2014-06-07	Two-Way, Not Divided With a Continuous Left Turn Lane	Dry	Dark - Lighted	Clear	Head-On (Front - to - Front)	No	Traffic Control Signal	2	1	Pain Reported	NA	41.83378	-71.42202	FALSE	FALSE	Smith Street and Orms Street, Providence, RI, USA	Med High	Raw	NA	FALSE	41.83378	-71.42202	2014	June	Smith Hill	12
2566	2014-06-07	235962	18:56:00	Bicycle	NA	1	FALSE	FALSE	1	SMITH ST	CHALKSTONE AVE	2014-06-07	Two-Way , Not Divided	Dry	Daylight	Clear	Not a Collision Between Two Motor Vehicles in Transport	No	Traffic Control Signal	4	1	Pain Reported	NA	41.83521	-71.42565	FALSE	FALSE	Smith Street and Chalkstone Ave, Providence, RI, USA	Med High	Raw	NA	FALSE	41.83521	-71.42565	2014	June	Smith Hill	12
2567	2014-06-07	236139	01:43:00	Bicycle	NA	1	FALSE	FALSE	1	240 Atwells Ave	NA	2014-06-08	Two-Way , Not Divided	Dry	Dark - Lighted	Clear	Not a Collision Between Two Motor Vehicles in Transport	No	No Controls	2	1	Pain Reported	NA	41.82353	-71.42608	TRUE	TRUE	240 Atwells Ave, Providence, RI, USA	High	Geocoded	distance greater than 100m	TRUE	41.8233587	-71.4246809	2014	June	Federal Hill	13
2565	2014-06-09	236233	16:10:00	Bicycle	NA	1	FALSE	FALSE	1	THROOP ALY	N MAIN ST	2014-06-09	One-Way Trafficway	Dry	Daylight	Clear	Unknown	Yes	No Controls	2	1	Pain Reported	2	41.82813	-71.40945	FALSE	FALSE	Throop Aly and N Main Street, Providence, RI, USA	Med	Raw	NA	FALSE	41.82813	-71.40945	2014	June	Downtown	1
2564	2014-06-10	237452	21:10:00	Bicycle	NA	1	FALSE	FALSE	1	Oakland Ave	Chalkstone Ave	2014-06-15	Two-Way , Not Divided	Wet	Dark - Lighted	Rain	Not a Collision Between Two Motor Vehicles in Transport	No	Traffic Control Signal	4	1	Pain Reported	NA	41.83421	-71.43024	FALSE	FALSE	Oakland Ave and Chalkstone Ave, Providence, RI, USA	Med High	Raw	NA	FALSE	41.83421	-71.43024	2014	June	Elmhurst	12
2563	2014-06-11	237184	14:43:00	Bicycle	NA	1	FALSE	FALSE	1	1 RANDALL ST	CHARLES ST	2014-06-13	Two-Way , Not Divided	Dry	Daylight	Clear	Not a Collision Between Two Motor Vehicles in Transport	No	No Controls	3	1	Pain Reported	2	41.83713	-71.41092	TRUE	FALSE	1 Randall Street, Providence, RI, USA	High	Raw	distance greater than 100m	TRUE	41.83713	-71.41092	2014	June	Mount Hope	3