row_number	crash_date	crash_report_id	crash_time	collision_type	count_pedestrian	count_bicycle	scooter	wheel_chair	number_of_vehicles	street_or_highway	nearest_intersection	report_date	type_of_roadway	road_surface_condition	light_condition	weather_condition	manner_of_impact	hit_and_run	traffic_control	person_count	injury_count	most_serious_injury	number_of_lanes	lat_raw	lon_raw	has_st_number	is_intersection_null	address_sent_to_geocoder	api_coord_conf	best_coordinate_set	reason_for_qa	manually_qaed_record	final_lat	final_lon	year	month	pvd_nhood	pvd_wards
2562	2014-06-13	236992	08:11:00	Pedestrian	1	NA	FALSE	FALSE	1	EDDY ST	EUDORA ST	2014-06-13	Two-Way, Divided, Unprotected (painted>4feet) Medium	Wet	Daylight	Rain	Other	No	No Controls	9	7	Pain Reported	NA	41.80791	-71.40724	FALSE	FALSE	Eddy Street and Eudora Street, Providence, RI, USA	Med High	Raw	NA	FALSE	41.80791	-71.40724	2014	June	Upper South Providence	11
2561	2014-06-14	237312	19:30:00	Bicycle	NA	1	FALSE	FALSE	1	ROGER WILLIAMS AVE	ELMWOOD AVE	2014-06-14	Two-Way , Not Divided	Dry	Daylight	Clear	Not a Collision Between Two Motor Vehicles in Transport	No	Traffic Control Signal	3	1	Pain Reported	NA	41.7885	-71.42106	FALSE	FALSE	Roger Williams Ave and Elmwood Ave, Providence, RI, USA	Med High	Raw	NA	FALSE	41.7885	-71.42106	2014	June	Elmwood	8
2559	2014-06-15	237392	16:50:00	Bicycle	NA	1	FALSE	FALSE	1	CRANSTON ST	HARRISON ST	2014-06-15	Two-Way , Not Divided	Dry	Daylight	Clear	Not a Collision Between Two Motor Vehicles in Transport	No	No Controls	4	1	Pain Reported	NA	41.81307	-71.42866	FALSE	FALSE	Cranston Street and Harrison Street, Providence, RI, USA	Med High	Raw	NA	FALSE	41.81307	-71.42866	2014	June	West End	11
2560	2014-06-15	237504	14:33:00	Pedestrian	1	NA	FALSE	FALSE	1	432 BRANCH AVENUE	NA	2014-06-16	Two-Way , Not Divided	Dry	Daylight	Clear	Other	Yes	No Controls	1	1	Non-Incapacitating	2	41.82678	-71.41882	TRUE	TRUE	432 Branch Avenue, Providence, RI, USA	High	Geocoded	distance greater than 100m	TRUE	41.8499436	-71.4196422	2014	June	Charles	4
2556	2014-06-16	237564	15:20:00	Pedestrian	1	NA	FALSE	FALSE	1	BROAD ST	MONTGOMERY AVE	2014-06-16	Two-Way , Not Divided	Dry	Daylight	Clear	Other	No	Traffic Control Signal	2	1	Pain Reported	NA	41.78589	-71.40166	FALSE	FALSE	Broad Street and Montgomery Ave, Providence, RI, USA	Med	Raw	NA	FALSE	41.78589	-71.40166	2014	June	NA	10
2557	2014-06-16	237602	16:11:00	Bicycle	NA	1	FALSE	FALSE	1	MEMORIAL BLVD	COLLEGE ST	2014-06-16	Two-Way, Divided, Unprotected (painted>4feet) Medium	Dry	Daylight	Clear	Not a Collision Between Two Motor Vehicles in Transport	No	Traffic Control Signal	6	1	Pain Reported	4	41.82528	-71.40899	FALSE	FALSE	Memorial Blvd and College Street, Providence, RI, USA	Med High	Raw	NA	FALSE	41.82528	-71.40899	2014	June	Downtown	1
2558	2014-06-16	237616	20:02:00	Bicycle	NA	2	FALSE	FALSE	1	SALMON ST	SALMON ST	2014-06-16	Two-Way, Divided, Unprotected (painted>4feet) Medium	Dry	Dusk	Clear	Head-On (Front - to - Front)	Yes	No Controls	2	2	Pain Reported	NA	41.82359	-71.45531	FALSE	FALSE	Salmon Street and Salmon Street, Providence, RI, USA	Med	Raw	NA	FALSE	41.82359	-71.45531	2014	June	Olneyville	6
2555	2014-06-17	237812	15:22:00	Pedestrian	3	NA	FALSE	FALSE	1	ELMWOOD AVE	ADELAIDE AVE	2014-06-17	Two-Way, Divided, Positive Median Barrier	Dry	Daylight	Clear	Other	Yes	No Controls	3	3	Pain Reported	NA	41.7959	-71.42512	FALSE	FALSE	Elmwood Ave and Adelaide Ave, Providence, RI, USA	Med High	Raw	NA	FALSE	41.7959	-71.42512	2014	June	Elmwood	8
2554	2014-06-18	237938	07:42:00	Bicycle	NA	1	FALSE	FALSE	1	HARTFORD AVE	KING PHILIP ST	2014-06-18	Two-Way, Divided, Unprotected (painted>4feet) Medium	Dry	Daylight	Clear	Angle (Front - to - Side) Right Angle (Includes Broadside)	No	Stop Signs	3	1	Pain Reported	2	41.81955	-71.4656	FALSE	FALSE	Hartford Ave and King Philip Street, Providence, RI, USA	Med High	Raw	NA	FALSE	41.81955	-71.4656	2014	June	Hartford	7
2551	2014-06-20	238261	13:02:00	Pedestrian	1	NA	FALSE	FALSE	1	Broad st	SERVICE ROAD 7	2014-06-20	Two-Way , Not Divided	Dry	Daylight	Clear	Other	Yes	Traffic Control Signal	2	0	No Injury	2	41.81735	-71.41698	FALSE	FALSE	Broad Street and Service Road 7, Providence, RI, USA	Med	Raw	NA	FALSE	41.81735	-71.41698	2014	June	Upper South Providence	11
2552	2014-06-20	238297	18:43:00	Pedestrian	1	NA	FALSE	FALSE	1	ELMWOOD AVE	CONGRESS AVE	2014-06-20	Two-Way , Not Divided	Dry	Daylight	Clear	Not a Collision Between Two Motor Vehicles in Transport	No	Stop Signs	3	1	Pain Reported	NA	41.79849	-71.42627	FALSE	FALSE	Elmwood Ave and Congress Ave, Providence, RI, USA	Med High	Raw	NA	FALSE	41.79849	-71.42627	2014	June	West End	9
2553	2014-06-20	238617	07:48:00	Bicycle	1	NA	FALSE	FALSE	1	94 Colfax st	BURNSIDE ST	2014-06-23	Two-Way , Not Divided	Dry	Daylight	Clear	Not a Collision Between Two Motor Vehicles in Transport	No	No Controls	7	1	Incapacitating	NA	41.79978	-71.41095	TRUE	FALSE	94 Colfax Street, Providence, RI, USA	High	Raw	NA	FALSE	41.79978	-71.41095	2014	June	Lower South Providence	10
2550	2014-06-21	238379	16:34:00	Pedestrian	1	NA	FALSE	FALSE	1	936 ATWELLS AVE	NA	2014-06-21	Unknown	Dry	Daylight	Clear	Not a Collision Between Two Motor Vehicles in Transport	No	No Controls	3	1	Pain Reported	NA	41.82506	-71.44853	TRUE	TRUE	936 Atwells Ave, Providence, RI, USA	High	Raw	NA	FALSE	41.82506	-71.44853	2014	June	Olneyville	6
2549	2014-06-23	238659	10:00:00	Bicycle	NA	1	FALSE	FALSE	1	FRIENDSHIP ST	DORRANCE ST	2014-06-23	Two-Way , Not Divided	Dry	Daylight	Clear	Not a Collision Between Two Motor Vehicles in Transport	No	No Controls	2	1	Pain Reported	NA	41.82196	-71.4095	FALSE	FALSE	Friendship Street and Dorrance Street, Providence, RI, USA	Med High	Raw	NA	FALSE	41.82196	-71.4095	2014	June	Downtown	1
2547	2014-06-24	238930	17:52:00	Pedestrian	1	NA	FALSE	FALSE	1	939 Manton Ave	FRUIT HILL AVE	2014-06-24	Two-Way , Not Divided	Dry	Daylight	Clear	Not a Collision Between Two Motor Vehicles in Transport	No	No Controls	2	1	Fatal	2	41.83383	-71.46805	TRUE	FALSE	939 Manton Ave, Providence, RI, USA	High	Raw	NA	FALSE	41.83383	-71.46805	2014	June	Manton	6
2548	2014-06-24	239019	14:21:00	Bicycle	NA	1	FALSE	FALSE	1	REDWING ST	BUCKLIN ST	2014-06-25	One-Way Trafficway	Dry	Daylight	Clear	Not a Collision Between Two Motor Vehicles in Transport	No	No Controls	2	1	Pain Reported	NA	41.79927	-71.4273	FALSE	FALSE	Redwing Street and Bucklin Street, Providence, RI, USA	Med High	Raw	NA	FALSE	41.79927	-71.4273	2014	June	West End	9
2546	2014-06-25	239150	09:00:00	Bicycle	NA	1	FALSE	FALSE	1	ADMIRAL ST	HAWKINS ST	2014-06-26	Two-Way , Not Divided	Dry	Daylight	Clear	Not a Collision Between Two Motor Vehicles in Transport	No	No Controls	3	1	Pain Reported	NA	41.84592	-71.42839	FALSE	FALSE	Admiral Street and Hawkins Street, Providence, RI, USA	Med High	Raw	NA	FALSE	41.84592	-71.42839	2014	June	Wanskuck	4
2544	2014-06-28	239514	20:35:00	Pedestrian	1	NA	FALSE	FALSE	1	WESTMINSTER ST	CRANSTON ST	2014-06-28	Two-Way, Divided, Positive Median Barrier	Dry	Dusk	Clear	Unknown	Yes	No Controls	1	1	Pain Reported	NA	41.81792	-71.42082	FALSE	FALSE	Westminster Street and Cranston Street, Providence, RI, USA	Med High	Raw	distance greater than 100m	TRUE	41.81792	-71.42082	2014	June	Federal Hill	11
2545	2014-06-28	239521	21:15:00	Bicycle	NA	1	FALSE	FALSE	2	PARADE ST	OAK ST	2014-06-28	Two-Way, Divided, Unprotected (painted>4feet) Medium	Dry	Dark - Lighted	Clear	Unknown	Yes	No Controls	7	1	Pain Reported	NA	41.81537	-71.43277	FALSE	FALSE	Parade Street and Oak Street, Providence, RI, USA	Med High	Raw	NA	FALSE	41.81537	-71.43277	2014	June	West End	13
2543	2014-06-29	239555	01:47:00	Pedestrian	1	NA	FALSE	FALSE	1	ATWELLS AVE	WEEDEN ST	2014-06-29	Two-Way, Divided, Unprotected (painted>4feet) Medium	Dry	Dark - Lighted	Clear	Not a Collision Between Two Motor Vehicles in Transport	Yes	Traffic Control Signal	4	1	Pain Reported	NA	41.8234	-71.42431	FALSE	FALSE	Atwells Ave and Weeden Street, Providence, RI, USA	Med High	Raw	NA	FALSE	41.8234	-71.42431	2014	June	Federal Hill	13
2541	2014-06-30	239729	00:03:00	Pedestrian	1	NA	FALSE	FALSE	1	HARRIS AVE	SIMS AVE	2014-06-30	Two-Way , Not Divided	Dry	Dark - Lighted	Clear	Not a Collision Between Two Motor Vehicles in Transport	No	No Controls	3	2	Non-Incapacitating	NA	41.82519	-71.43257	FALSE	FALSE	Harris Ave and Sims Ave, Providence, RI, USA	Med High	Raw	NA	FALSE	41.82519	-71.43257	2014	June	Valley	13
2542	2014-06-30	240022	23:52:00	Pedestrian	1	NA	FALSE	FALSE	1	WESTMINSTER ST	BARTON ST	2014-07-01	Two-Way, Divided, Unprotected (painted>4feet) Medium	Dry	Dark - Lighted	Clear	Not a Collision Between Two Motor Vehicles in Transport	Yes	No Controls	1	1	Non-Incapacitating	NA	41.81592	-71.43653	FALSE	FALSE	Westminster Street and Barton Street, Providence, RI, USA	Med High	Raw	NA	FALSE	41.81592	-71.43653	2014	June	West End	13
2540	2014-07-01	240180	10:30:00	Pedestrian	1	NA	FALSE	FALSE	1	541 Smith St	Fredeick St	2014-07-02	Two-Way , Not Divided	Dry	Daylight	Clear	Not a Collision Between Two Motor Vehicles in Transport	No	No Controls	4	1	Pain Reported	NA	41.83613	-71.42872	TRUE	FALSE	541 Smith Street, Providence, RI, USA	High	Raw	distance greater than 100m	TRUE	41.83613	-71.42872	2014	July	Smith Hill	12
2538	2014-07-02	240185	11:51:00	Pedestrian	1	NA	FALSE	FALSE	1	Public Street	BROAD ST	2014-07-02	Two-Way , Not Divided	Dry	Daylight	Clear	Not a Collision Between Two Motor Vehicles in Transport	No	Traffic Control Signal	2	1	Pain Reported	NA	41.80441	-71.41937	FALSE	FALSE	Public Street and Broad Street, Providence, RI, USA	Med High	Raw	NA	FALSE	41.80441	-71.41937	2014	July	Elmwood	9
2539	2014-07-02	240363	18:35:00	Pedestrian	1	NA	FALSE	FALSE	1	319 Lowell Ave	NYE ST	2014-07-02	Two-Way , Not Divided	Dry	Daylight	Clear	Not a Collision Between Two Motor Vehicles in Transport	No	No Controls	4	1	Pain Reported	2	41.81858	-71.46092	TRUE	FALSE	319 Lowell Ave, Providence, RI, USA	High	Raw	NA	FALSE	41.81858	-71.46092	2014	July	Hartford	7
2537	2014-07-03	240508	14:43:00	Bicycle	NA	1	FALSE	FALSE	1	1055 WESTMINSTER ST	HOOD ST	2014-07-03	Two-Way , Not Divided	Dry	Daylight	Clear	Not a Collision Between Two Motor Vehicles in Transport	No	No Controls	3	1	Pain Reported	NA	41.81715	-71.42596	TRUE	FALSE	1055 Westminster Street, Providence, RI, USA	High	Raw	NA	FALSE	41.81715	-71.42596	2014	July	West End	13
2535	2014-07-06	240832	00:42:00	Bicycle	NA	1	FALSE	FALSE	1	108 Vinton St.	GROVE ST	2014-07-06	One-Way Trafficway	Dry	Dark - Lighted	Clear	Not a Collision Between Two Motor Vehicles in Transport	No	No Controls	4	1	Pain Reported	NA	41.82113	-71.42879	TRUE	FALSE	108 Vinton St., Providence, RI, USA	High	Raw	NA	FALSE	41.82113	-71.42879	2014	July	Federal Hill	13
2536	2014-07-06	240882	02:03:00	Pedestrian	1	NA	FALSE	FALSE	1	Fountain St	Clemence St	2014-07-06	One-Way Trafficway	Dry	Dark - Lighted	Clear	Not a Collision Between Two Motor Vehicles in Transport	Yes	No Controls	5	1	Incapacitating	NA	41.82406	-71.41535	FALSE	FALSE	Fountain Street and Clemence Street, Providence, RI, USA	Med High	Raw	NA	FALSE	41.82406	-71.41535	2014	July	Downtown	1
2534	2014-07-07	241528	10:05:00	Bicycle	NA	1	FALSE	FALSE	1	CHARLES ST	BRANCH AVE	2014-07-10	Two-Way , Not Divided	Dry	Daylight	Clear	Angle (Front - to - Side) Same Direction	Yes	Traffic Control Signal	1	0	No Injury	NA	41.85026	-71.41998	FALSE	FALSE	Charles Street and Branch Ave, Providence, RI, USA	Med	Raw	NA	FALSE	41.85026	-71.41998	2014	July	Charles	4
2533	2014-07-08	241405	23:13:00	Bicycle	NA	1	FALSE	FALSE	1	BROAD ST	STANWOOD ST	2014-07-09	Two-Way , Not Divided	Dry	Dark - Lighted	Clear	Not a Collision Between Two Motor Vehicles in Transport	No	No Controls	2	1	Pain Reported	NA	41.80382	-71.41917	FALSE	FALSE	Broad Street and Stanwood Street, Providence, RI, USA	Med	Raw	NA	FALSE	41.80382	-71.41917	2014	July	Elmwood	9
2532	2014-07-09	241527	21:42:00	Bicycle	NA	1	FALSE	FALSE	1	N MAIN ST	OLNEY ST	2014-07-10	One-Way Trafficway	Dry	Dark - Lighted	Clear	Angle (Front - to - Side) Right Angle (Includes Broadside)	No	Stop Signs	2	1	Pain Reported	NA	41.83639	-71.40965	FALSE	FALSE	N Main Street and Olney Street, Providence, RI, USA	Med	Raw	distance greater than 100m	TRUE	41.83639	-71.40965	2014	July	College Hill	3
2531	2014-07-10	241700	19:02:00	Pedestrian	1	NA	FALSE	FALSE	1	Morning Star Row	PINE ST	2014-07-11	Two-Way , Not Divided	Dry	Daylight	Clear	Other	No	No Controls	6	1	Incapacitating	2	41.81158	-71.42005	FALSE	FALSE	Morning Star Row and Pine Street, Providence, RI, USA	Med	Raw	NA	FALSE	41.81158	-71.42005	2014	July	Upper South Providence	11
2530	2014-07-12	241995	11:47:00	Bicycle	NA	1	FALSE	FALSE	1	CRANSTON STREET	DEXTER STREET	2014-07-12	Two-Way , Not Divided	Dry	Daylight	Clear	Other	No	Traffic Control Signal	2	1	Non-Incapacitating	2	41.83208	-71.41765	FALSE	FALSE	Cranston Street and Dexter Street, Providence, RI, USA	Med High	Geocoded	distance greater than 100m	TRUE	41.8126029	-71.429588	2014	July	West End	11
2528	2014-07-14	242258	01:18:00	Pedestrian	1	NA	FALSE	FALSE	1	80 Putnam St	NA	2014-07-14	Two-Way , Not Divided	Dry	Dark - Lighted	Clear	Not a Collision Between Two Motor Vehicles in Transport	No	No Controls	2	1	Pain Reported	NA	41.82271	-71.44404	TRUE	TRUE	80 Putnam Street, Providence, RI, USA	High	Raw	NA	FALSE	41.82271	-71.44404	2014	July	Olneyville	15
2529	2014-07-14	242371	18:15:00	Pedestrian	1	NA	FALSE	FALSE	1	Dean St	BROADWAY	2014-07-14	Two-Way , Not Divided	Wet	Daylight	Cloudy	Not a Collision Between Two Motor Vehicles in Transport	No	Traffic Control Signal	3	1	Pain Reported	2	41.82142	-71.42254	FALSE	FALSE	Dean Street and Broadway, Providence, RI, USA	Med High	Raw	NA	FALSE	41.82142	-71.42254	2014	July	Federal Hill	13
2527	2014-07-15	242604	17:11:00	Pedestrian	1	NA	FALSE	FALSE	1	ATWELLS AVE	CUTLER ST	2014-07-15	Two-Way , Not Divided	Dry	Daylight	Clear	Not a Collision Between Two Motor Vehicles in Transport	Yes	No Controls	3	1	Pain Reported	2	41.82468	-71.44157	FALSE	FALSE	Atwells Ave and Cutler Street, Providence, RI, USA	Med High	Raw	NA	FALSE	41.82468	-71.44157	2014	July	Olneyville	15
2526	2014-07-16	242666	15:09:00	Pedestrian	1	NA	FALSE	FALSE	1	1050 CHALKSTONE AVE	NA	2014-07-16	Two-Way , Not Divided	Wet	Daylight	Clear	Not a Collision Between Two Motor Vehicles in Transport	No	No Controls	4	1	Pain Reported	2	41.83231	-71.4427	TRUE	TRUE	1050 Chalkstone Ave, Providence, RI, USA	High	Raw	NA	FALSE	41.83231	-71.4427	2014	July	Valley	6
2525	2014-07-18	243339	23:01:00	Pedestrian	1	NA	FALSE	FALSE	1	159 Bridgham St	Westminster St	2014-07-18	Two-Way , Not Divided	Dry	Dark - Lighted	Clear	Unknown	Yes	No Controls	2	1	Pain Reported	2	41.81594	-71.42794	TRUE	FALSE	159 Bridgham Street, Providence, RI, USA	High	Raw	NA	FALSE	41.81594	-71.42794	2014	July	West End	13
2522	2014-07-21	243719	21:20:00	Bicycle	NA	1	FALSE	FALSE	1	Westminster St	EXCHANGE ST	2014-07-22	One-Way Trafficway	Dry	Dark - Lighted	Clear	Other	No	No Controls	3	1	Pain Reported	1	41.82491	-71.40997	FALSE	FALSE	Westminster Street and Exchange Street, Providence, RI, USA	Med High	Raw	NA	FALSE	41.82491	-71.40997	2014	July	Downtown	1
2523	2014-07-21	243746	11:30:00	Bicycle	NA	1	FALSE	FALSE	1	WESTMINSTER ST	SERVICE ROAD 7	2014-07-22	Two-Way , Not Divided	Dry	Daylight	Clear	Other	No	Traffic Control Signal	2	1	Pain Reported	NA	41.81881	-71.41883	FALSE	FALSE	Westminster Street and Service Road 7, Providence, RI, USA	Med High	Raw	NA	FALSE	41.81881	-71.41883	2014	July	Federal Hill	11
2524	2014-07-21	243785	14:04:00	Pedestrian	1	NA	FALSE	FALSE	1	BRANCH AVE	BURLEIGH ST	2014-07-22	Two-Way , Not Divided	Dry	Daylight	Clear	Angle (Front - to - Side) Right Angle (Includes Broadside)	No	No Controls	5	1	Pain Reported	NA	41.85462	-71.43364	FALSE	FALSE	Branch Ave and Burleigh Street, Providence, RI, USA	Med High	Raw	NA	FALSE	41.85462	-71.43364	2014	July	Wanskuck	4
2520	2014-07-25	244187	10:33:00	Pedestrian	1	NA	FALSE	FALSE	1	70 KENNEDY PLZ	NA	2014-07-25	One-Way Trafficway	Dry	Daylight	Clear	Not a Collision Between Two Motor Vehicles in Transport	Yes	No Controls	1	1	Pain Reported	NA	41.8245	-71.41188	TRUE	TRUE	70 Kennedy Plz, Providence, RI, USA	High	Raw	NA	FALSE	41.8245	-71.41188	2014	July	Downtown	1
2521	2014-07-25	250019	11:18:00	Bicycle	NA	1	FALSE	FALSE	1	N MAIN ST	MATHILDA STREET	2014-08-28	Two-Way , Not Divided	Dry	Daylight	Clear	Not a Collision Between Two Motor Vehicles in Transport	No	No Controls	2	1	Pain Reported	NA	41.85399	-71.40076	FALSE	FALSE	N Main Street and Mathilda Street, Providence, RI, USA	Med	Raw	NA	FALSE	41.85399	-71.40076	2014	July	Hope	3
2519	2014-07-27	244545	14:24:00	Pedestrian	1	NA	FALSE	FALSE	1	148 DOVER STREET	NA	2014-07-27	Two-Way , Not Divided	Dry	Daylight	Clear	Other	No	No Controls	4	1	Non-Incapacitating	2	41.83691	-71.41438	TRUE	TRUE	148 Dover Street, Providence, RI, USA	High	Geocoded	distance greater than 100m	TRUE	41.8293753	-71.45056	2014	July	Mount Pleasant	6
2518	2014-07-28	244818	12:21:00	Bicycle	NA	NA	FALSE	FALSE	2	BROAD ST	POTTERS AVE	2014-07-29	Two-Way , Not Divided	Dry	Daylight	Clear	Head-On (Front - to - Front)	No	Traffic Control Signal	3	1	Pain Reported	2	41.7977	-71.41426	FALSE	FALSE	Broad Street and Potters Ave, Providence, RI, USA	Med	Geocoded	distance greater than 100m	TRUE	41.802993	-71.4189101	2014	July	Elmwood	11
2517	2014-07-30	245268	23:39:00	Bicycle	NA	1	FALSE	FALSE	1	BROADWAY	TOBEY ST	2014-07-31	Two-Way , Not Divided	Dry	Dark - Lighted	Clear	Not a Collision Between Two Motor Vehicles in Transport	Yes	Traffic Control Signal	3	1	Pain Reported	2	41.81848	-71.43503	FALSE	FALSE	Broadway and Tobey Street, Providence, RI, USA	Med	Raw	NA	FALSE	41.81848	-71.43503	2014	July	Federal Hill	13
2516	2014-08-01	245642	20:49:00	Pedestrian	1	NA	FALSE	FALSE	1	Douglas Ave	Candace St	2014-08-02	Two-Way , Not Divided	Dry	Dark - Lighted	Clear	Not a Collision Between Two Motor Vehicles in Transport	Yes	No Controls	1	1	Pain Reported	NA	41.83755	-71.42317	FALSE	FALSE	Douglas Ave and Candace Street, Providence, RI, USA	Med High	Raw	NA	FALSE	41.83755	-71.42317	2014	August	Smith Hill	12
2514	2014-08-03	245740	15:24:00	Pedestrian	1	NA	FALSE	FALSE	1	SAWYER ST	STAMFORD AVE	2014-08-03	Two-Way, Divided, Unprotected (painted>4feet) Medium	Dry	Daylight	Clear	Not a Collision Between Two Motor Vehicles in Transport	No	No Controls	3	1	Pain Reported	2	41.77852	-71.41973	FALSE	FALSE	Sawyer Street and Stamford Ave, Providence, RI, USA	Med High	Raw	NA	FALSE	41.77852	-71.41973	2014	August	South Elmwood	8
2515	2014-08-03	245748	15:36:00	Pedestrian	1	NA	FALSE	FALSE	1	PUTNAM ST	HALE ST	2014-08-03	Two-Way , Not Divided	Dry	Daylight	Clear	Rear - to - Side	Yes	No Controls	1	1	Pain Reported	NA	41.82437	-71.4438	FALSE	FALSE	Putnam Street and Hale Street, Providence, RI, USA	Med High	Raw	NA	FALSE	41.82437	-71.4438	2014	August	Olneyville	6
2513	2014-08-04	246104	11:35:00	Bicycle	NA	1	FALSE	FALSE	1	1955 WESTMINISTER STREET	NA	2014-08-04	Two-Way , Not Divided	Dry	Daylight	Clear	Unknown	No	No Controls	3	1	Pain Reported	2	41.82955	-71.41802	TRUE	TRUE	1955 Westminister Street, Providence, RI, USA	High	Geocoded	distance greater than 100m	TRUE	41.8170578	-71.4427841	2014	August	Olneyville	15
2512	2014-08-05	246030	04:52:00	Bicycle	NA	1	FALSE	FALSE	1	Benefit Street	N MAIN ST	2014-08-05	One-Way Trafficway	Dry	Dawn	Clear	Not a Collision Between Two Motor Vehicles in Transport	No	Other	2	1	Pain Reported	NA	41.83471	-71.40983	FALSE	FALSE	Benefit Street and N Main Street, Providence, RI, USA	Med	Raw	distance greater than 100m	TRUE	41.83471	-71.40983	2014	August	College Hill	3
2507	2014-08-06	246549	15:43:00	Pedestrian	1	NA	FALSE	FALSE	1	160 Ledge St	HAMPTON ST	2014-08-06	Two-Way , Not Divided	Dry	Daylight	Clear	Not a Collision Between Two Motor Vehicles in Transport	Yes	No Controls	1	1	Pain Reported	2	41.85353	-71.41449	TRUE	FALSE	160 Ledge Street, Providence, RI, USA	High	Raw	NA	FALSE	41.85353	-71.41449	2014	August	Charles	4
2508	2014-08-06	246576	18:34:00	Pedestrian	1	NA	FALSE	FALSE	1	LLOYD AVE	HOPE ST	2014-08-06	Two-Way , Not Divided	Dry	Daylight	Clear	Not a Collision Between Two Motor Vehicles in Transport	No	Pavement Markings	4	0	No Injury	2	41.83155	-71.39975	FALSE	FALSE	Lloyd Ave and Hope Street, Providence, RI, USA	Med High	Raw	NA	FALSE	41.83155	-71.39975	2014	August	College Hill	2
2509	2014-08-06	246597	18:39:00	Pedestrian	1	NA	FALSE	FALSE	1	Memorial Blvd	EXCHANGE ST	2014-08-06	Two-Way, Divided, Positive Median Barrier	Dry	Daylight	Clear	Not a Collision Between Two Motor Vehicles in Transport	No	Traffic Control Signal	2	1	Pain Reported	4	41.8269	-71.41213	FALSE	FALSE	Memorial Blvd and Exchange Street, Providence, RI, USA	Med High	Raw	NA	FALSE	41.8269	-71.41213	2014	August	Downtown	1
2510	2014-08-06	246634	18:11:00	Bicycle	NA	1	FALSE	FALSE	1	BRANCH AVE	DRYDEN LN	2014-08-07	Two-Way , Not Divided	Dry	Daylight	Clear	Sidwswipe, Opposite Direction	No	No Controls	3	0	Unknown	NA	41.84257	-71.40832	FALSE	FALSE	Branch Ave and Dryden Ln, Providence, RI, USA	Med High	Raw	NA	FALSE	41.84257	-71.40832	2014	August	Mount Hope	3
2511	2014-08-06	248384	12:35:00	Bicycle	NA	1	FALSE	FALSE	1	S MAIN ST	S MAIN ST	2014-08-13	One-Way Trafficway	Dry	Daylight	Clear	Not a Collision Between Two Motor Vehicles in Transport	No	No Controls	2	1	Non-Incapacitating	NA	41.8237	-71.40636	FALSE	FALSE	S Main Street and S Main Street, Providence, RI, USA	Med	Raw	distance greater than 100m	TRUE	41.8237	-71.40636	2014	August	Downtown	2
2506	2014-08-07	249311	15:53:00	Bicycle	NA	1	FALSE	FALSE	1	LENOX AVE	NIAGARA ST	2014-08-07	Two-Way , Not Divided	Dry	Daylight	Clear	Not a Collision Between Two Motor Vehicles in Transport	No	No Controls	2	1	Pain Reported	2	41.79726	-71.41813	FALSE	FALSE	Lenox Ave and Niagara Street, Providence, RI, USA	Med High	Raw	NA	FALSE	41.79726	-71.41813	2014	August	Elmwood	9
2505	2014-08-09	247963	15:25:00	Pedestrian	1	NA	FALSE	FALSE	1	MEMORIAL BLVD	EXCHANGE TER	2014-08-12	Two-Way , Not Divided	Dry	Daylight	Clear	Not a Collision Between Two Motor Vehicles in Transport	No	Traffic Control Signal	3	1	Pain Reported	NA	41.82665	-71.41063	FALSE	FALSE	Memorial Blvd and Exchange Ter, Providence, RI, USA	Med High	Raw	NA	FALSE	41.82665	-71.41063	2014	August	Downtown	1
2503	2014-08-11	247437	10:08:00	Bicycle	NA	1	FALSE	FALSE	1	GILMORE STREET	LESTER STREET	2014-08-11	Two-Way , Not Divided	Dry	Daylight	Clear	Other	No	Stop Signs	2	0	No Injury	2	41.83886	-71.41697	FALSE	FALSE	Gilmore Street and Lester Street, Providence, RI, USA	Med High	Geocoded	distance greater than 100m	TRUE	41.813146	-71.4272253	2014	August	West End	11
2504	2014-08-11	247562	19:42:00	Bicycle	NA	1	FALSE	FALSE	1	BUCKLIN ST	POTTERS AVE	2014-08-11	Two-Way , Not Divided	Dry	Daylight	Clear	Not a Collision Between Two Motor Vehicles in Transport	No	Traffic Control Signal	4	1	Pain Reported	2	41.80175	-71.42765	FALSE	FALSE	Bucklin Street and Potters Ave, Providence, RI, USA	Med High	Raw	NA	FALSE	41.80175	-71.42765	2014	August	West End	8
2502	2014-08-14	248835	20:48:00	Bicycle	NA	1	FALSE	FALSE	1	WASHINGTON ST	ABORN ST	2014-08-14	Two-Way , Not Divided	Dry	Dark - Lighted	Clear	Not a Collision Between Two Motor Vehicles in Transport	No	No Controls	3	1	Pain Reported	NA	41.82221	-71.41591	FALSE	FALSE	Washington Street and Aborn Street, Providence, RI, USA	Med High	Raw	NA	FALSE	41.82221	-71.41591	2014	August	Downtown	1
2501	2014-08-15	248994	06:09:00	Bicycle	NA	1	FALSE	FALSE	1	910 Atwells Ave	COVELL ST	2014-08-15	Two-Way, Divided, Positive Median Barrier	Dry	Daylight	Clear	Head-On (Front - to - Front)	No	No Controls	5	1	Incapacitating	NA	41.82501	-71.44752	TRUE	FALSE	910 Atwells Ave, Providence, RI, USA	High	Raw	NA	FALSE	41.82501	-71.44752	2014	August	Olneyville	6