row_number	crash_date	crash_report_id	crash_time	collision_type	count_pedestrian	count_bicycle	scooter	wheel_chair	number_of_vehicles	street_or_highway	nearest_intersection	report_date	type_of_roadway	road_surface_condition	light_condition	weather_condition	manner_of_impact	hit_and_run	traffic_control	person_count	injury_count	most_serious_injury	number_of_lanes	lat_raw	lon_raw	has_st_number	is_intersection_null	address_sent_to_geocoder	api_coord_conf	best_coordinate_set	reason_for_qa	manually_qaed_record	final_lat	final_lon	year	month	pvd_nhood	pvd_wards
2500	2014-08-16	249074	16:28:00	Pedestrian	1	NA	FALSE	FALSE	1	MARINO PARK	HARTFORD AVE	2014-08-16	Two-Way , Not Divided	Dry	Daylight	Clear	Not a Collision Between Two Motor Vehicles in Transport	No	No Controls	3	1	Pain Reported	1	41.81724	-71.44963	FALSE	FALSE	Marino Park and Hartford Ave, Providence, RI, USA	Med	Raw	distance greater than 100m	TRUE	41.81724	-71.44963	2014	August	Hartford	7
2498	2014-08-18	249267	11:34:00	Pedestrian	1	NA	FALSE	FALSE	1	SOCIAL ST	RUSSO ST	2014-08-18	Two-Way , Not Divided	Dry	Daylight	Clear	Not a Collision Between Two Motor Vehicles in Transport	Yes	No Controls	1	1	Pain Reported	NA	41.85395	-71.42059	FALSE	FALSE	Social Street and Russo Street, Providence, RI, USA	Med High	Raw	NA	FALSE	41.85395	-71.42059	2014	August	Charles	4
2499	2014-08-18	249282	16:56:00	Bicycle	NA	1	FALSE	FALSE	1	REDWING ST	ELMWOOD AVE	2014-08-18	One-Way Trafficway	Dry	Daylight	Clear	Not a Collision Between Two Motor Vehicles in Transport	No	Stop Signs	3	0	No Injury	NA	41.79938	-71.42656	FALSE	FALSE	Redwing Street and Elmwood Ave, Providence, RI, USA	Med High	Raw	NA	FALSE	41.79938	-71.42656	2014	August	West End	9
2497	2014-08-20	249365	09:24:00	Bicycle	NA	1	FALSE	FALSE	1	BROAD ST	PORTLAND ST	2014-08-20	Two-Way , Not Divided	Dry	Daylight	Clear	Other	No	No Controls	2	2	Pain Reported	NA	41.81415	-71.4213	FALSE	FALSE	Broad Street and Portland Street, Providence, RI, USA	Med	Raw	NA	FALSE	41.81415	-71.4213	2014	August	West End	11
2496	2014-08-21	249476	15:21:00	Pedestrian	1	NA	FALSE	FALSE	1	Francis St	MEMORIAL BLVD	2014-08-21	Two-Way , Not Divided	Dry	Daylight	Cloudy	Other	Yes	Traffic Control Signal	3	1	Pain Reported	5	41.82602	-71.4154	FALSE	FALSE	Francis Street and Memorial Blvd, Providence, RI, USA	Med	Raw	NA	FALSE	41.82602	-71.4154	2014	August	Downtown	12
2495	2014-08-22	249650	21:54:00	Pedestrian	2	NA	FALSE	FALSE	1	CRANSTON ST	HANOVER ST	2014-08-23	Two-Way , Not Divided	Dry	Dark - Lighted	Clear	Not a Collision Between Two Motor Vehicles in Transport	Yes	No Controls	3	2	Pain Reported	2	41.80927	-71.43373	FALSE	FALSE	Cranston Street and Hanover Street, Providence, RI, USA	Med High	Raw	NA	FALSE	41.80927	-71.43373	2014	August	West End	8
2494	2014-08-23	249615	08:40:00	Bicycle	NA	1	FALSE	FALSE	1	ELMWOOD AVENUE	EARL STREET	2014-08-23	Two-Way , Not Divided	Dry	Daylight	Clear	Unknown	No	Stop Signs	3	1	Pain Reported	4	41.83616	-71.41597	FALSE	FALSE	Elmwood Avenue and Earl Street, Providence, RI, USA	Med High	Geocoded	distance greater than 100m	TRUE	41.7981132	-71.4262189	2014	August	West End	9
2493	2014-08-24	249685	23:15:00	Bicycle	NA	1	FALSE	FALSE	1	PRAIRIE AVE	POTTERS AVE	2014-08-24	Two-Way , Not Divided	Dry	Dark - Lighted	Clear	Not a Collision Between Two Motor Vehicles in Transport	No	Stop Signs	2	1	Pain Reported	NA	41.80388	-71.41411	FALSE	FALSE	Prairie Ave and Potters Ave, Providence, RI, USA	Med High	Raw	NA	FALSE	41.80388	-71.41411	2014	August	Lower South Providence	11
2492	2014-08-25	249743	09:25:00	Pedestrian	1	NA	FALSE	FALSE	1	206 ELMWOOD AVE	ELMWOOD AVE	2014-08-25	Two-Way , Not Divided	Dry	Daylight	Clear	Not a Collision Between Two Motor Vehicles in Transport	Yes	No Controls	3	1	Non-Incapacitating	NA	41.80779	-71.42478	TRUE	FALSE	206 Elmwood Ave, Providence, RI, USA	High	Raw	NA	FALSE	41.80779	-71.42478	2014	August	West End	11
2490	2014-08-26	249914	09:20:00	Pedestrian	1	NA	FALSE	FALSE	1	65 GILLEN ST	NA	2014-08-26	Unknown	Dry	Daylight	Clear	Not a Collision Between Two Motor Vehicles in Transport	No	No Controls	2	0	No Injury	NA	41.85282	-71.41938	TRUE	TRUE	65 Gillen Street, Providence, RI, USA	High	Geocoded	distance greater than 100m	TRUE	41.8532591	-71.4178535	2014	August	Charles	4
2491	2014-08-26	249978	20:09:00	Bicycle	NA	1	FALSE	FALSE	1	Broadway	KNIGHT ST	2014-08-27	Two-Way , Not Divided	Dry	Dark - Lighted	Cloudy	Other	No	No Controls	2	1	Pain Reported	2	41.8197	-71.42978	FALSE	FALSE	Broadway and Knight Street, Providence, RI, USA	Med	Raw	NA	FALSE	41.8197	-71.42978	2014	August	Federal Hill	13
2487	2014-08-28	250012	08:00:00	Bicycle	NA	1	FALSE	FALSE	1	80 WASHINGTON STREET	I 95 S	2014-08-28	Two-Way , Not Divided	Dry	Daylight	Clear	Other	No	No Controls	2	1	Non-Incapacitating	2	41.83618	-71.41545	TRUE	FALSE	80 Washington Street, Providence, RI, USA	High	Geocoded	distance greater than 100m	TRUE	41.823351099999996	-71.4138689	2014	August	Downtown	1
2488	2014-08-28	250029	16:27:00	Bicycle	NA	1	FALSE	FALSE	1	JASTRAM ST	EATON ST	2014-08-28	Two-Way, Divided, Unprotected (painted>4feet) Medium	Dry	Daylight	Clear	Angle (Front - to - Side) Right Angle (Includes Broadside)	Yes	Stop Signs	3	1	Pain Reported	NA	41.84341	-71.44338	FALSE	FALSE	Jastram Street and Eaton Street, Providence, RI, USA	Med High	Raw	NA	FALSE	41.84341	-71.44338	2014	August	Elmhurst	14
2489	2014-08-28	250034	15:26:00	Bicycle	NA	1	FALSE	FALSE	1	MELROSE ST	CADILLAC DR	2014-08-28	Two-Way , Not Divided	Dry	Daylight	Clear	Sideswipe, Same Direction	No	No Controls	2	1	Pain Reported	NA	41.79036	-71.41842	FALSE	FALSE	Melrose Street and Cadillac Dr, Providence, RI, USA	Med High	Raw	NA	FALSE	41.79036	-71.41842	2014	August	Elmwood	9
2486	2014-08-29	250096	14:30:00	Bicycle	NA	1	FALSE	FALSE	1	BROAD ST	ALDRICH ST	2014-08-29	Two-Way , Not Divided	Dry	Daylight	Clear	Not a Collision Between Two Motor Vehicles in Transport	Yes	Stop Signs	1	1	Pain Reported	NA	41.79362	-71.40898	FALSE	FALSE	Broad Street and Aldrich Street, Providence, RI, USA	Med	Raw	NA	FALSE	41.79362	-71.40898	2014	August	South Elmwood	9
2485	2014-08-31	250177	01:37:00	Pedestrian	1	NA	FALSE	FALSE	1	331 Douglas Ave	Pumgansett Ave	2014-08-31	Two-Way , Not Divided	Dry	Dark - Lighted	Clear	Not a Collision Between Two Motor Vehicles in Transport	Yes	No Controls	2	1	Fatal	NA	41.83987	-71.42639	TRUE	FALSE	331 Douglas Ave, Providence, RI, USA	High	Raw	NA	FALSE	41.83987	-71.42639	2014	August	Smith Hill	12
2484	2014-09-02	250389	11:01:00	Pedestrian	1	NA	FALSE	FALSE	1	CORLISS ST	INDUSTRIAL DR	2014-09-02	Unknown	Dry	Daylight	Clear	Other	No	No Controls	3	1	Pain Reported	NA	41.84147	-71.41231	FALSE	FALSE	Corliss Street and Industrial Dr, Providence, RI, USA	Med High	Raw	NA	FALSE	41.84147	-71.41231	2014	September	Mount Hope	4
2478	2014-09-04	250586	09:05:00	Pedestrian	1	NA	FALSE	FALSE	1	Memorial Blvd	EXCHANGE ST	2014-09-04	Two-Way, Divided, Positive Median Barrier	Dry	Daylight	Clear	Sideswipe, Same Direction	Yes	Traffic Control Signal	1	1	Pain Reported	NA	41.8268	-71.41212	FALSE	FALSE	Memorial Blvd and Exchange Street, Providence, RI, USA	Med High	Raw	NA	FALSE	41.8268	-71.41212	2014	September	Downtown	1
2479	2014-09-04	250607	10:09:00	Bicycle	NA	1	FALSE	FALSE	1	BROAD STREET	PUBLIC STREET	2014-09-04	Two-Way , Not Divided	Dry	Daylight	Clear	Other	No	Traffic Control Signal	3	1	Non-Incapacitating	2	41.83349	-71.41682	FALSE	FALSE	Broad Street and Public Street, Providence, RI, USA	Med	Geocoded	distance greater than 100m	TRUE	41.804449	-71.4193596	2014	September	Elmwood	11
2480	2014-09-04	250645	16:20:00	Other	NA	NA	FALSE	TRUE	1	BROAD ST	CLAVERICK ST	2014-09-04	One-Way Trafficway	Dry	Daylight	Clear	Rear End(Front-to-Rear)	Yes	Other	3	0	No Injury	NA	41.81938	-71.41493	FALSE	FALSE	Broad Street and Claverick Street, Providence, RI, USA	Med	Raw	NA	FALSE	41.81938	-71.41493	2014	September	Downtown	1
2481	2014-09-04	250649	16:42:00	Bicycle	NA	1	FALSE	FALSE	1	100 Atwells Ave	EXIT 21  (RT )	2014-09-04	Two-Way , Not Divided	Dry	Daylight	Clear	Not a Collision Between Two Motor Vehicles in Transport	No	No Controls	2	0	No Injury	2	41.82319	-71.42117	TRUE	FALSE	100 Atwells Ave, Providence, RI, USA	High	Raw	NA	FALSE	41.82319	-71.42117	2014	September	Federal Hill	13
2482	2014-09-04	250651	16:20:00	Bicycle	NA	1	FALSE	FALSE	1	SMITH ST	CHALKSTONE AVE	2014-09-04	Two-Way , Not Divided	Dry	Daylight	Clear	Angle (Front - to - Side) Right Angle (Includes Broadside)	Yes	No Controls	1	1	Non-Incapacitating	NA	41.83521	-71.42564	FALSE	FALSE	Smith Street and Chalkstone Ave, Providence, RI, USA	Med High	Raw	NA	FALSE	41.83521	-71.42564	2014	September	Smith Hill	12
2483	2014-09-04	250668	17:26:00	Bicycle	NA	1	FALSE	FALSE	1	Broad St	PENNSYLVANIA AVE	2014-09-04	One-Way Trafficway	Dry	Daylight	Clear	Not a Collision Between Two Motor Vehicles in Transport	No	No Controls	2	0	No Injury	1	41.79744	-71.41373	FALSE	FALSE	Broad Street and Pennsylvania Ave, Providence, RI, USA	Med	Raw	NA	FALSE	41.79744	-71.41373	2014	September	Elmwood	9
2477	2014-09-06	250925	17:24:00	Pedestrian	1	NA	FALSE	FALSE	1	420 Charles St	LOMBARDI ST	2014-09-06	Two-Way , Not Divided	Dry	Daylight	Clear	Not a Collision Between Two Motor Vehicles in Transport	No	Pavement Markings	4	1	Pain Reported	2	41.84674	-71.41931	TRUE	FALSE	420 Charles Street, Providence, RI, USA	High	Geocoded	distance greater than 100m	TRUE	41.8443389	-71.4188117	2014	September	Charles	4
2476	2014-09-07	250958	02:33:00	Pedestrian	1	NA	FALSE	FALSE	1	WEYBOSSET ST	EDDY ST	2014-09-07	Two-Way , Not Divided	Wet	Dark - Lighted	Rain	Not a Collision Between Two Motor Vehicles in Transport	Yes	Pavement Markings	2	1	Pain Reported	NA	41.8227	-71.41138	FALSE	FALSE	Weybosset Street and Eddy Street, Providence, RI, USA	Med High	Raw	NA	FALSE	41.8227	-71.41138	2014	September	Downtown	1
2473	2014-09-10	251325	12:28:00	Pedestrian	1	NA	FALSE	FALSE	1	SARATOGA ST	BROAD ST	2014-09-10	Two-Way , Not Divided	Dry	Daylight	Clear	Not a Collision Between Two Motor Vehicles in Transport	Yes	Stop Signs	2	1	Pain Reported	NA	41.80411	-71.41926	FALSE	FALSE	Saratoga Street and Broad Street, Providence, RI, USA	Med High	Raw	NA	FALSE	41.80411	-71.41926	2014	September	Elmwood	9
2474	2014-09-10	251377	16:48:00	Bicycle	NA	1	FALSE	FALSE	1	Broadway	VINTON ST	2014-09-10	Two-Way , Not Divided	Dry	Daylight	Clear	Not a Collision Between Two Motor Vehicles in Transport	No	No Controls	2	1	Pain Reported	2	41.82007	-71.42819	FALSE	FALSE	Broadway and Vinton Street, Providence, RI, USA	Med	Raw	NA	FALSE	41.82007	-71.42819	2014	September	Federal Hill	13
2475	2014-09-10	251511	16:06:00	Bicycle	NA	1	FALSE	FALSE	1	Hope St	12TH ST	2014-09-10	Two-Way , Not Divided	Dry	Daylight	Clear	Not a Collision Between Two Motor Vehicles in Transport	No	No Controls	2	1	Pain Reported	2	41.85546	-71.39184	FALSE	FALSE	Hope Street and 12th Street, Providence, RI, USA	Med High	Raw	NA	FALSE	41.85546	-71.39184	2014	September	Hope	3
2471	2014-09-14	251864	02:11:00	Bicycle	NA	1	FALSE	FALSE	1	Washington St	EDDY ST	2014-09-14	Two-Way , Not Divided	Dry	Dark - Lighted	Cloudy	Angle (Front - to - Side) Right Angle (Includes Broadside)	No	No Controls	5	0	No Injury	2	41.82401	-71.4134	FALSE	FALSE	Washington Street and Eddy Street, Providence, RI, USA	Med	Raw	NA	FALSE	41.82401	-71.4134	2014	September	Downtown	1
2472	2014-09-14	252068	20:48:00	Bicycle	NA	1	FALSE	FALSE	1	EDDY ST	THURBERS AVE	2014-09-16	Two-Way , Not Divided	Dry	Dark - Lighted	Clear	Angle (Front - to - Side) Same Direction	Yes	No Controls	1	0	No Injury	NA	41.79992	-71.40583	FALSE	FALSE	Eddy Street and Thurbers Ave, Providence, RI, USA	Med High	Raw	NA	FALSE	41.79992	-71.40583	2014	September	Lower South Providence	10
2469	2014-09-16	252120	15:05:00	Bicycle	NA	1	FALSE	FALSE	1	SERVICE ROAD 3	WESTMINSTER ST	2014-09-16	Two-Way , Not Divided	Dry	Daylight	Clear	Angle (Front - to - Side) Same Direction	No	No Controls	4	1	Non-Incapacitating	2	41.81632	-71.44059	FALSE	FALSE	Service Road 3 and Westminster Street, Providence, RI, USA	Med High	Raw	distance greater than 100m	TRUE	41.81632	-71.44059	2014	September	Olneyville	15
2470	2014-09-16	252226	22:08:00	Pedestrian	1	NA	FALSE	FALSE	1	Admiral St	TAPPAN ST	2014-09-17	Two-Way , Not Divided	Dry	Dark - Lighted	Cloudy	Other	Yes	No Controls	3	1	Pain Reported	2	41.84559	-71.42695	FALSE	FALSE	Admiral Street and Tappan Street, Providence, RI, USA	Med High	Raw	NA	FALSE	41.84559	-71.42695	2014	September	Wanskuck	4
2467	2014-09-17	252247	10:46:00	Pedestrian	1	NA	FALSE	FALSE	1	DORRANCE ST	CLIFFORD ST	2014-09-17	Two-Way , Not Divided	Dry	Daylight	Clear	Not a Collision Between Two Motor Vehicles in Transport	No	No Controls	3	1	Pain Reported	NA	41.82158	-71.40886	FALSE	FALSE	Dorrance Street and Clifford Street, Providence, RI, USA	Med High	Raw	NA	FALSE	41.82158	-71.40886	2014	September	Downtown	1
2468	2014-09-17	252295	16:05:00	Bicycle	NA	1	FALSE	FALSE	1	57 Gallatin St	EMERSON ST	2014-09-17	Two-Way , Not Divided	Dry	Daylight	Clear	Not a Collision Between Two Motor Vehicles in Transport	No	No Controls	2	1	Pain Reported	2	41.79638	-71.41619	TRUE	FALSE	57 Gallatin Street, Providence, RI, USA	High	Raw	NA	FALSE	41.79638	-71.41619	2014	September	Elmwood	9
2466	2014-09-19	252502	13:21:00	Pedestrian	3	NA	FALSE	FALSE	1	BURNETT STREET	BUCKLIN STREET	2014-09-19	Two-Way , Not Divided	Dry	Daylight	Clear	Other	No	Stop Signs	5	3	Non-Incapacitating	2	41.83201	-71.41745	FALSE	FALSE	Burnett Street and Bucklin Street, Providence, RI, USA	Med High	Geocoded	distance greater than 100m	TRUE	41.8029383	-71.4276784	2014	September	West End	9
2465	2014-09-20	252608	18:38:00	Bicycle	NA	NA	FALSE	FALSE	2	WATERMAN ST	THAYER ST	2014-09-20	One-Way Trafficway	Dry	Daylight	Clear	Sideswipe, Same Direction	No	No Controls	4	1	Pain Reported	1	41.82727	-71.4006	FALSE	FALSE	Waterman Street and Thayer Street, Providence, RI, USA	Med High	Raw	NA	FALSE	41.82727	-71.4006	2014	September	College Hill	2
2464	2014-09-22	252798	15:45:00	Pedestrian	1	NA	FALSE	FALSE	1	Bridgham St	WESTMINSTER ST	2014-09-22	Two-Way , Not Divided	Dry	Daylight	Clear	Not a Collision Between Two Motor Vehicles in Transport	Yes	Pavement Markings	2	1	Incapacitating	2	41.81686	-71.42838	FALSE	FALSE	Bridgham Street and Westminster Street, Providence, RI, USA	Med High	Raw	NA	FALSE	41.81686	-71.42838	2014	September	West End	13
2460	2014-09-23	252975	17:41:00	Pedestrian	3	NA	FALSE	FALSE	1	North Main St	WHITE ST	2014-09-23	Two-Way , Not Divided	Dry	Daylight	Clear	Not a Collision Between Two Motor Vehicles in Transport	No	Pavement Markings	5	1	Pain Reported	5	41.85548	-71.40015	FALSE	FALSE	North Main Street and White Street, Providence, RI, USA	Med	Raw	NA	FALSE	41.85548	-71.40015	2014	September	Hope	3
2461	2014-09-23	252985	22:14:00	Pedestrian	1	NA	FALSE	FALSE	1	N MAIN ST	N MAIN ST	2014-09-23	One-Way Trafficway	Dry	Dark - Lighted	Clear	Head-On (Front - to - Front)	Yes	No Controls	1	1	Pain Reported	NA	41.84488	-71.40615	FALSE	FALSE	N Main Street and N Main Street, Providence, RI, USA	Med	Raw	distance greater than 100m	TRUE	41.84488	-71.40615	2014	September	Mount Hope	3
2462	2014-09-23	253016	20:35:00	Bicycle	NA	1	FALSE	FALSE	1	Smith St	ORMS ST	2014-09-24	Two-Way , Not Divided	Dry	Daylight	Clear	Not a Collision Between Two Motor Vehicles in Transport	No	Traffic Control Signal	2	1	Pain Reported	NA	41.83372	-71.42187	FALSE	FALSE	Smith Street and Orms Street, Providence, RI, USA	Med High	Raw	NA	FALSE	41.83372	-71.42187	2014	September	Smith Hill	12
2463	2014-09-23	253043	08:37:00	Pedestrian	1	NA	FALSE	FALSE	1	WESTMINSTER ST	CAHIR ST	2014-09-24	Two-Way , Not Divided	Dry	Daylight	Clear	Other	No	Traffic Control Signal	3	1	Pain Reported	NA	41.81822	-71.42018	FALSE	FALSE	Westminster Street and Cahir Street, Providence, RI, USA	Med High	Raw	NA	FALSE	41.81822	-71.42018	2014	September	Federal Hill	13
2459	2014-09-24	253224	14:00:00	Pedestrian	1	NA	FALSE	FALSE	1	Pine St	PAGE ST	2014-09-25	One-Way Trafficway	Dry	Daylight	Clear	Other	No	No Controls	2	1	Pain Reported	NA	41.82114	-71.41129	FALSE	FALSE	Pine Street and Page Street, Providence, RI, USA	Med	Raw	NA	FALSE	41.82114	-71.41129	2014	September	Downtown	1
2457	2014-09-25	253196	09:25:00	Pedestrian	1	NA	FALSE	FALSE	1	141 WEYBOSSET STREET	DORRANCE STREET	2014-09-25	Two-Way , Not Divided	Dry	Daylight	Cloudy	Other	Yes	No Controls	4	1	Non-Incapacitating	2	41.83349	-71.41682	TRUE	FALSE	141 Weybosset Street, Providence, RI, USA	High	Geocoded	distance greater than 100m	TRUE	41.8228207	-71.4115579	2014	September	Downtown	1
2458	2014-09-25	253214	12:23:00	Pedestrian	1	NA	FALSE	FALSE	1	6TH AVENUE	COLLEGE ROAD	2014-09-25	Two-Way , Not Divided	Dry	Daylight	Cloudy	Other	Yes	No Controls	1	0	Unknown	2	41.83578	-71.4154	FALSE	FALSE	6th Avenue and College Road, Providence, RI, USA	Med	Geocoded	distance greater than 100m	TRUE	41.8407916	-71.4670156	2014	September	NA	NA
2454	2014-09-27	253384	13:35:00	Bicycle	NA	1	FALSE	FALSE	1	CHALKSTONE AVE	CLEMATIS ST	2014-09-27	Two-Way , Not Divided	Dry	Daylight	Clear	Not a Collision Between Two Motor Vehicles in Transport	No	No Controls	5	1	Non-Incapacitating	2	41.83263	-71.44591	FALSE	FALSE	Chalkstone Ave and Clematis Street, Providence, RI, USA	Med High	Raw	NA	FALSE	41.83263	-71.44591	2014	September	Mount Pleasant	5
2455	2014-09-27	253441	14:00:00	Bicycle	NA	1	FALSE	FALSE	1	Broadway	GREENMAN LN	2014-09-28	One-Way Trafficway	Dry	Daylight	Clear	Angle (Front - to - Side) Opposite Direction	No	Traffic Control Signal	3	1	Pain Reported	NA	41.82232	-71.41867	FALSE	FALSE	Broadway and Greenman Ln, Providence, RI, USA	Med	Raw	distance greater than 100m	TRUE	41.82232	-71.41867	2014	September	Downtown	1
2456	2014-09-27	253447	14:05:00	Bicycle	NA	1	FALSE	FALSE	1	BROAD ST	SUMTER ST	2014-09-28	Two-Way , Not Divided	Dry	Daylight	Clear	Not a Collision Between Two Motor Vehicles in Transport	No	No Controls	2	1	Pain Reported	NA	41.79772	-71.41409	FALSE	FALSE	Broad Street and Sumter Street, Providence, RI, USA	Med	Raw	NA	FALSE	41.79772	-71.41409	2014	September	Elmwood	9
2453	2014-09-29	254047	16:01:00	Pedestrian	1	NA	FALSE	FALSE	1	TOBEY ST	RING ST	2014-10-04	Unknown	Dry	Daylight	Clear	Not a Collision Between Two Motor Vehicles in Transport	No	No Controls	3	1	Pain Reported	2	41.81992	-71.43566	FALSE	FALSE	Tobey Street and Ring Street, Providence, RI, USA	Med High	Raw	NA	FALSE	41.81992	-71.43566	2014	September	Federal Hill	13
2452	2014-09-30	253593	09:35:00	Bicycle	NA	1	FALSE	FALSE	1	Cranston St.	POTTERS AVE	2014-09-30	Two-Way , Not Divided	Wet	Daylight	Rain	Sideswipe, Same Direction	Yes	No Controls	2	1	Pain Reported	2	41.80505	-71.43778	FALSE	FALSE	Cranston St. and Potters Ave, Providence, RI, USA	Med High	Raw	NA	FALSE	41.80505	-71.43778	2014	September	West End	8
2450	2014-10-01	253764	18:45:00	Pedestrian	1	NA	FALSE	FALSE	1	HOPE ST	BOWEN ST	2014-10-01	Two-Way , Not Divided	Wet	Dark - Lighted	Rain	Other	Yes	No Controls	2	1	Pain Reported	2	41.83091	-71.39923	FALSE	FALSE	Hope Street and Bowen Street, Providence, RI, USA	Med High	Raw	NA	FALSE	41.83091	-71.39923	2014	October	College Hill	2
2451	2014-10-01	253977	00:41:00	Pedestrian	1	NA	FALSE	FALSE	1	CRANSTON ST	HUNTINGTON AVE	2014-10-03	Two-Way , Not Divided	Dry	Daylight	Clear	Not a Collision Between Two Motor Vehicles in Transport	No	No Controls	3	1	Pain Reported	NA	41.80391	-71.43904	FALSE	FALSE	Cranston Street and Huntington Ave, Providence, RI, USA	Med High	Raw	NA	FALSE	41.80391	-71.43904	2014	October	West End	8
2449	2014-10-03	253872	10:00:00	Bicycle	NA	1	FALSE	FALSE	1	SOUTH WATER ST	BRIDGE ST	2014-10-03	One-Way Trafficway	Dry	Daylight	Clear	Angle (Front - to - Side) Right Angle (Includes Broadside)	No	Traffic Control Signal	2	1	Pain Reported	NA	41.81833	-71.40139	FALSE	FALSE	South Water Street and Bridge Street, Providence, RI, USA	Med	Raw	distance greater than 100m	TRUE	41.81833	-71.40139	2014	October	Fox Point	1
2447	2014-10-05	254097	14:34:00	Bicycle	NA	1	FALSE	FALSE	1	Manton Avenue	DELAINE ST	2014-10-05	Two-Way , Not Divided	Dry	Daylight	Clear	Angle (Front - to - Side) Opposite Direction	Yes	No Controls	1	1	Pain Reported	NA	41.81801	-71.44473	FALSE	FALSE	Manton Avenue and Delaine Street, Providence, RI, USA	Med High	Raw	NA	FALSE	41.81801	-71.44473	2014	October	Olneyville	15
2448	2014-10-05	254109	17:51:00	Bicycle	NA	1	FALSE	FALSE	1	CLADRASH'S AVE	MAPLE AVE	2014-10-05	Two-Way , Not Divided	Dry	Daylight	Clear	Not a Collision Between Two Motor Vehicles in Transport	No	No Controls	5	0	No Injury	2	41.78423	-71.4109	FALSE	FALSE	Cladrash's Ave and Maple Ave, Providence, RI, USA	Med	Raw	distance greater than 100m	TRUE	41.78423	-71.4109	2014	October	South Elmwood	9
2446	2014-10-06	254476	09:45:00	Pedestrian	1	NA	FALSE	FALSE	1	SABIN ST	SABIN ST	2014-10-09	One-Way Trafficway	Dry	Daylight	Clear	Not a Collision Between Two Motor Vehicles in Transport	Yes	Traffic Control Signal	1	1	Pain Reported	NA	41.82462	-71.41556	FALSE	FALSE	Sabin Street and Sabin Street, Providence, RI, USA	Med	Raw	NA	FALSE	41.82462	-71.41556	2014	October	Downtown	1
2445	2014-10-07	254213	07:45:00	Pedestrian	1	NA	FALSE	FALSE	1	HOPE STREET	ONLEY STREET	2014-10-07	Two-Way , Not Divided	Dry	Daylight	Clear	Other	No	Traffic Control Signal	2	0	No Injury	2	41.8331	-71.41676	FALSE	FALSE	Hope Street and Onley Street, Providence, RI, USA	Med High	Geocoded	distance greater than 100m	TRUE	41.8357179	-71.4015677	2014	October	College Hill	3
2443	2014-10-08	254362	09:39:00	Pedestrian	1	NA	FALSE	FALSE	1	CULVER ST	DUDLEY ST	2014-10-08	Two-Way , Not Divided	Dry	Daylight	Clear	Other	No	Stop Signs	5	1	Pain Reported	NA	41.81056	-71.40865	FALSE	FALSE	Culver Street and Dudley Street, Providence, RI, USA	Med High	Raw	NA	FALSE	41.81056	-71.40865	2014	October	Upper South Providence	11
2444	2014-10-08	254436	16:40:00	Bicycle	NA	1	FALSE	FALSE	1	CHARLES ST	MARIETTA ST	2014-10-08	Two-Way, Divided, Unprotected (painted>4feet) Medium	Dry	Daylight	Cloudy	Other	No	Stop Signs	2	1	Pain Reported	NA	41.85177	-71.42021	FALSE	FALSE	Charles Street and Marietta Street, Providence, RI, USA	Med	Raw	NA	FALSE	41.85177	-71.42021	2014	October	Charles	4
2441	2014-10-09	254482	08:11:00	Bicycle	NA	1	FALSE	FALSE	1	SMITH ST	HOLDEN ST	2014-10-09	Two-Way , Not Divided	Dry	Daylight	Clear	Angle (Front - to - Side) Right Angle (Includes Broadside)	No	No Controls	2	0	No Injury	2	41.83225	-71.41816	FALSE	FALSE	Smith Street and Holden Street, Providence, RI, USA	Med High	Raw	NA	FALSE	41.83225	-71.41816	2014	October	Smith Hill	12
2442	2014-10-09	254558	22:08:00	Bicycle	NA	1	FALSE	FALSE	1	CHALKSTONE AVE	CAMDEN AVE	2014-10-09	Two-Way , Not Divided	Dry	Dark - Lighted	Clear	Other	No	No Controls	2	1	Incapacitating	NA	41.83529	-71.42536	FALSE	FALSE	Chalkstone Ave and Camden Ave, Providence, RI, USA	Med High	Raw	NA	FALSE	41.83529	-71.42536	2014	October	Smith Hill	12
2440	2014-10-11	254767	01:57:00	Bicycle	NA	1	FALSE	FALSE	2	WASHINGTON ST	MATHEWSON ST	2014-10-12	Two-Way , Not Divided	Dry	Dark - Lighted	Cloudy	Sideswipe, Same Direction	Yes	No Controls	4	0	No Injury	NA	41.82296	-71.41492	FALSE	FALSE	Washington Street and Mathewson Street, Providence, RI, USA	Med High	Raw	NA	FALSE	41.82296	-71.41492	2014	October	Downtown	1
2439	2014-10-14	254979	07:53:00	Pedestrian	1	NA	FALSE	FALSE	1	BROAD STREET	SERVICE ROAD 7	2014-10-14	Two-Way , Not Divided	Dry	Daylight	Clear	Unknown	No	Traffic Control Signal	2	1	Pain Reported	2	41.82933	-71.41804	FALSE	FALSE	Broad Street and Service Road 7, Providence, RI, USA	Med	Geocoded	distance greater than 100m	TRUE	41.8173732	-71.4169529	2014	October	Upper South Providence	11
2436	2014-10-15	255078	11:49:00	Bicycle	NA	1	FALSE	FALSE	1	ALLENS AVE	ERNEST ST	2014-10-15	Two-Way , Not Divided	Dry	Daylight	Clear	Not a Collision Between Two Motor Vehicles in Transport	No	No Controls	3	1	Non-Incapacitating	NA	41.79481	-71.39793	FALSE	FALSE	Allens Ave and Ernest Street, Providence, RI, USA	Med High	Raw	NA	FALSE	41.79481	-71.39793	2014	October	Washington Park	10