row_number	crash_date	crash_report_id	crash_time	collision_type	count_pedestrian	count_bicycle	scooter	wheel_chair	number_of_vehicles	street_or_highway	nearest_intersection	report_date	type_of_roadway	road_surface_condition	light_condition	weather_condition	manner_of_impact	hit_and_run	traffic_control	person_count	injury_count	most_serious_injury	number_of_lanes	lat_raw	lon_raw	has_st_number	is_intersection_null	address_sent_to_geocoder	api_coord_conf	best_coordinate_set	reason_for_qa	manually_qaed_record	final_lat	final_lon	year	month	pvd_nhood	pvd_wards
2437	2014-10-15	255100	21:11:00	Pedestrian	1	NA	FALSE	FALSE	1	DEAN ST	PROMENADE ST	2014-10-15	Two-Way, Divided, Positive Median Barrier	Wet	Dark - Lighted	Rain	Not a Collision Between Two Motor Vehicles in Transport	No	Traffic Control Signal	4	1	Incapacitating	NA	41.82905	-71.42666	FALSE	FALSE	Dean Street and Promenade Street, Providence, RI, USA	Med	Raw	NA	FALSE	41.82905	-71.42666	2014	October	Smith Hill	13
2438	2014-10-15	255125	13:01:00	Pedestrian	1	NA	FALSE	FALSE	1	IVES ST	WICKENDEN ST	2014-10-16	Two-Way , Not Divided	Dry	Daylight	Clear	Other	Yes	Stop Signs	1	1	Incapacitating	NA	41.82027	-71.3918	FALSE	FALSE	Ives Street and Wickenden Street, Providence, RI, USA	Med High	Raw	NA	FALSE	41.82027	-71.3918	2014	October	Fox Point	1
2434	2014-10-16	255218	16:45:00	Pedestrian	1	NA	FALSE	FALSE	1	PRAIRIE AVE	OXFORD ST	2014-10-16	Two-Way , Not Divided	Wet	Dusk	Rain	Not a Collision Between Two Motor Vehicles in Transport	No	No Controls	2	1	Pain Reported	NA	41.80164	-71.41315	FALSE	FALSE	Prairie Ave and Oxford Street, Providence, RI, USA	Med High	Raw	NA	FALSE	41.80164	-71.41315	2014	October	Lower South Providence	11
2435	2014-10-16	255272	23:30:00	Pedestrian	1	NA	FALSE	FALSE	1	Elmwood Avenue	Princeton Avenue	2014-10-17	Two-Way , Not Divided	Wet	Dark - Lighted	Clear	Not a Collision Between Two Motor Vehicles in Transport	Yes	No Controls	3	1	Pain Reported	NA	41.8053	-71.42524	FALSE	FALSE	Elmwood Avenue and Princeton Avenue, Providence, RI, USA	Med High	Raw	NA	FALSE	41.8053	-71.42524	2014	October	West End	9
2433	2014-10-17	255450	21:50:00	Bicycle	NA	1	FALSE	FALSE	1	CAMBRIDGE ST	Academy Ave	2014-10-18	Two-Way , Not Divided	Dry	Dusk	Clear	Not a Collision Between Two Motor Vehicles in Transport	No	No Controls	4	1	Pain Reported	NA	41.82553	-71.44404	FALSE	FALSE	Cambridge Street and Academy Ave, Providence, RI, USA	Med High	Raw	NA	FALSE	41.82553	-71.44404	2014	October	Mount Pleasant	6
2431	2014-10-18	255373	00:58:00	Bicycle	NA	1	FALSE	FALSE	1	WATERMAN ST	IVES ST	2014-10-18	One-Way Trafficway	Dry	Dark - Lighted	Clear	Angle (Front - to - Side) Right Angle (Includes Broadside)	No	No Controls	3	1	Pain Reported	NA	41.82778	-71.39291	FALSE	FALSE	Waterman Street and Ives Street, Providence, RI, USA	Med High	Raw	NA	FALSE	41.82778	-71.39291	2014	October	Wayland	1
2432	2014-10-18	255906	13:44:00	Pedestrian	1	NA	FALSE	FALSE	1	150 STAMFORD AVE	PARKING LOT	2014-10-23	Unknown	Dry	Daylight	Clear	Not a Collision Between Two Motor Vehicles in Transport	No	No Controls	5	1	Pain Reported	NA	41.77731	-71.41966	TRUE	FALSE	150 Stamford Ave, Providence, RI, USA	High	Raw	NA	FALSE	41.77731	-71.41966	2014	October	South Elmwood	8
2430	2014-10-20	255625	12:03:00	Bicycle	NA	1	FALSE	FALSE	1	BRIDGHAM ST	CRANSTON ST	2014-10-20	Two-Way , Not Divided	Dry	Daylight	Clear	Not a Collision Between Two Motor Vehicles in Transport	Yes	Traffic Control Signal	1	1	Pain Reported	NA	41.81398	-71.42695	FALSE	FALSE	Bridgham Street and Cranston Street, Providence, RI, USA	Med High	Raw	NA	FALSE	41.81398	-71.42695	2014	October	West End	13
2428	2014-10-21	255787	08:17:00	Pedestrian	1	NA	FALSE	FALSE	1	CHARLES ST	GILLEN ST	2014-10-22	Two-Way , Not Divided	Dry	Daylight	Clear	Not a Collision Between Two Motor Vehicles in Transport	No	No Controls	4	0	No Injury	NA	41.85245	-71.42032	FALSE	FALSE	Charles Street and Gillen Street, Providence, RI, USA	Med	Raw	NA	FALSE	41.85245	-71.42032	2014	October	Charles	4
2429	2014-10-21	255809	18:17:00	Pedestrian	1	NA	FALSE	FALSE	1	BROADWAY	SUTTON ST	2014-10-22	Two-Way, Divided, Unprotected (painted>4feet) Medium	Dry	Dawn	Clear	Not a Collision Between Two Motor Vehicles in Transport	No	No Controls	4	1	Non-Incapacitating	2	41.82019	-71.42767	FALSE	FALSE	Broadway and Sutton Street, Providence, RI, USA	Med	Raw	distance greater than 100m	TRUE	41.82019	-71.42767	2014	October	Federal Hill	13
2426	2014-10-22	255852	21:00:00	Pedestrian	1	NA	FALSE	FALSE	1	DOUGLAS AVE	DOUGLAS AVE	2014-10-22	Two-Way , Not Divided	Wet	Dark - Not Lighted	Rain	Not a Collision Between Two Motor Vehicles in Transport	No	Stop Signs	3	1	Pain Reported	NA	41.84762	-71.43084	FALSE	FALSE	Douglas Ave and Douglas Ave, Providence, RI, USA	Med High	Raw	distance greater than 100m	TRUE	41.84762	-71.43084	2014	October	Wanskuck	14
2427	2014-10-22	255858	20:00:00	Pedestrian	1	NA	FALSE	FALSE	1	N MAIN ST	RANDALL ST	2014-10-22	Two-Way, Divided, Positive Median Barrier	Wet	Dark - Lighted	Rain	Not a Collision Between Two Motor Vehicles in Transport	No	No Controls	3	1	Incapacitating	4	41.83815	-71.40958	FALSE	FALSE	N Main Street and Randall Street, Providence, RI, USA	Med	Raw	NA	FALSE	41.83815	-71.40958	2014	October	Mount Hope	3
2425	2014-10-24	256195	19:05:00	Pedestrian	1	NA	FALSE	FALSE	1	PARK ST	SMITH ST	2014-10-25	Two-Way , Not Divided	Dry	Dusk	Clear	Not a Collision Between Two Motor Vehicles in Transport	Yes	No Controls	1	0	Unknown	NA	41.83185	-71.4169	FALSE	FALSE	Park Street and Smith Street, Providence, RI, USA	Med High	Raw	NA	FALSE	41.83185	-71.4169	2014	October	Downtown	12
2424	2014-10-25	256155	03:23:00	Bicycle	NA	1	FALSE	FALSE	1	GROVE ST	KNIGHT ST	2014-10-25	Two-Way , Not Divided	Dry	Dark - Lighted	Clear	Not a Collision Between Two Motor Vehicles in Transport	No	Stop Signs	5	1	Pain Reported	NA	41.82039	-71.43003	FALSE	FALSE	Grove Street and Knight Street, Providence, RI, USA	Med High	Raw	NA	FALSE	41.82039	-71.43003	2014	October	Federal Hill	13
2422	2014-10-27	256430	18:15:00	Bicycle	NA	1	FALSE	FALSE	1	PRESCOTT ST	WOLCOTT ST	2014-10-27	Two-Way, Divided, Unprotected (painted>4feet) Medium	Dry	Dark - Not Lighted	Clear	Head-On (Front - to - Front)	No	No Controls	3	1	Pain Reported	NA	41.82999	-71.43421	FALSE	FALSE	Prescott Street and Wolcott Street, Providence, RI, USA	Med High	Raw	NA	FALSE	41.82999	-71.43421	2014	October	Valley	12
2423	2014-10-27	256450	20:01:00	Pedestrian	1	NA	FALSE	FALSE	1	WASHINGTON ST	DORRANCE ST	2014-10-27	Two-Way , Not Divided	Dry	Dark - Lighted	Clear	Not a Collision Between Two Motor Vehicles in Transport	No	Traffic Control Signal	3	1	Pain Reported	2	41.82445	-71.41277	FALSE	FALSE	Washington Street and Dorrance Street, Providence, RI, USA	Med High	Raw	NA	FALSE	41.82445	-71.41277	2014	October	Downtown	1
2420	2014-10-29	256581	06:53:00	Pedestrian	1	NA	FALSE	FALSE	1	338 Hartford Ave	LAUREL HILL AVE	2014-10-29	Two-Way, Divided, Unprotected (painted>4feet) Medium	Wet	Daylight	Clear	Head-On (Front - to - Front)	No	No Controls	3	2	Pain Reported	2	41.81777	-71.45442	TRUE	FALSE	338 Hartford Ave, Providence, RI, USA	High	Raw	NA	FALSE	41.81777	-71.45442	2014	October	Hartford	7
2421	2014-10-29	256729	22:15:00	Bicycle	NA	1	FALSE	FALSE	1	119 Atwells Ave	BRADFORD ST	2014-10-29	Two-Way , Not Divided	Wet	Dark - Lighted	Rain	Not a Collision Between Two Motor Vehicles in Transport	Yes	No Controls	1	1	Non-Incapacitating	NA	41.82324	-71.42193	TRUE	FALSE	119 Atwells Ave, Providence, RI, USA	High	Raw	NA	FALSE	41.82324	-71.42193	2014	October	Federal Hill	13
2419	2014-11-01	257142	15:41:00	Pedestrian	1	NA	FALSE	FALSE	1	2 Tobey Street	PENN ST	2014-11-01	One-Way Trafficway	Wet	Daylight	Rain	Not a Collision Between Two Motor Vehicles in Transport	No	No Controls	3	1	Pain Reported	NA	41.82037	-71.43582	TRUE	FALSE	2 Tobey Street, Providence, RI, USA	High	Raw	NA	FALSE	41.82037	-71.43582	2014	November	Federal Hill	13
2418	2014-11-02	257269	01:52:00	Pedestrian	1	NA	FALSE	FALSE	1	MORRIS AVE	CYPRESS ST	2014-11-02	Two-Way , Not Divided	Dry	Dark - Lighted	Clear	Not a Collision Between Two Motor Vehicles in Transport	No	Stop Signs	2	1	Pain Reported	2	41.84058	-71.39733	FALSE	FALSE	Morris Ave and Cypress Street, Providence, RI, USA	Med High	Raw	NA	FALSE	41.84058	-71.39733	2014	November	Blackstone	3
2416	2014-11-07	258311	07:47:00	Bicycle	NA	1	FALSE	FALSE	1	MOUNT HOPE AVE	HOPE ST	2014-11-07	Two-Way, Divided, Unprotected (painted>4feet) Medium	Dry	Daylight	Clear	Angle (Front - to - Side) Right Angle (Includes Broadside)	No	No Controls	3	2	Pain Reported	NA	41.84036	-71.39931	FALSE	FALSE	Mount Hope Ave and Hope Street, Providence, RI, USA	Med High	Raw	NA	FALSE	41.84036	-71.39931	2014	November	Mount Hope	3
2417	2014-11-07	258452	13:06:00	Bicycle	NA	1	FALSE	FALSE	1	FRANCIS STREET	FINANCE WAY	2014-11-07	Two-Way , Not Divided	Dry	Daylight	Clear	Other	No	No Controls	5	1	Non-Incapacitating	4	41.82955	-71.41802	FALSE	FALSE	Francis Street and Finance Way, Providence, RI, USA	Med	Geocoded	distance greater than 100m	TRUE	41.8274547	-71.4154023	2014	November	Downtown	12
2415	2014-11-09	258945	12:28:00	Bicycle	NA	1	FALSE	FALSE	1	STEEPLE STREET	MEMORIAL BLVD.	2014-11-09	Two-Way , Not Divided	Dry	Daylight	Clear	Other	No	Traffic Control Signal	4	1	Non-Incapacitating	4	41.8317	-71.41732	FALSE	FALSE	Steeple Street and Memorial Blvd., Providence, RI, USA	Med	Neither	distance greater than 100m	TRUE	41.826711	-71.410765	2014	November	Downtown	1
2414	2014-11-10	260452	08:43:00	Pedestrian	1	NA	FALSE	FALSE	1	ANGELL ST	S ANGELL ST	2014-11-17	One-Way Trafficway	Dry	Daylight	Clear	Not a Collision Between Two Motor Vehicles in Transport	No	Traffic Control Signal	7	1	Non-Incapacitating	NA	41.83008	-71.38825	FALSE	FALSE	Angell Street and S Angell Street, Providence, RI, USA	Med High	Raw	NA	FALSE	41.83008	-71.38825	2014	November	Wayland	1
2412	2014-11-11	259757	16:03:00	Pedestrian	1	NA	FALSE	FALSE	1	HARTFORD AVE	HARTFORD AVE	2014-11-13	Two-Way, Divided, Unprotected (painted>4feet) Medium	Dry	Daylight	Clear	Other	Yes	No Controls	1	1	Pain Reported	NA	41.81755	-71.45283	FALSE	FALSE	Hartford Ave and Hartford Ave, Providence, RI, USA	Med	Raw	distance greater than 100m	TRUE	41.81755	-71.45283	2014	November	Hartford	7
2413	2014-11-11	259876	17:22:00	Bicycle	NA	1	FALSE	FALSE	1	BLACKSTONE BLVD	HOPE ST	2014-11-11	Two-Way, Divided, Unprotected (painted>4feet) Medium	Dry	Dark - Lighted	Clear	Angle (Front - to - Side) Right Angle (Includes Broadside)	No	No Controls	3	0	No Injury	NA	41.85622	-71.39145	FALSE	FALSE	Blackstone Blvd and Hope Street, Providence, RI, USA	Med High	Raw	NA	FALSE	41.85622	-71.39145	2014	November	Hope	3
2411	2014-11-12	259622	19:00:00	Pedestrian	1	NA	FALSE	FALSE	1	CHALKSTONE AVENUE	HOME AVENUE	2014-11-12	Two-Way , Not Divided	Dry	Dark - Lighted	Clear	Not a Collision Between Two Motor Vehicles in Transport	No	No Controls	2	1	Non-Incapacitating	2	41.81513	-71.41188	FALSE	FALSE	Chalkstone Avenue and Home Avenue, Providence, RI, USA	Med High	Geocoded	distance greater than 100m	TRUE	41.8325367	-71.4451081	2014	November	Mount Pleasant	5
2410	2014-11-13	259797	18:32:00	Pedestrian	1	NA	FALSE	FALSE	1	CLAVERICK ST	BROAD ST	2014-11-13	One-Way Trafficway	Dry	Dark - Not Lighted	Clear	Not a Collision Between Two Motor Vehicles in Transport	No	Traffic Control Signal	4	1	Pain Reported	NA	41.81936	-71.41492	FALSE	FALSE	Claverick Street and Broad Street, Providence, RI, USA	Med High	Raw	NA	FALSE	41.81936	-71.41492	2014	November	Downtown	1
2409	2014-11-14	259916	13:44:00	Pedestrian	1	NA	FALSE	FALSE	1	BRANCH AVE	DRYDEN LN	2014-11-14	Unknown	Dry	Daylight	Clear	Not a Collision Between Two Motor Vehicles in Transport	No	No Controls	2	1	Pain Reported	NA	41.84341	-71.40865	FALSE	FALSE	Branch Ave and Dryden Ln, Providence, RI, USA	Med High	Raw	NA	FALSE	41.84341	-71.40865	2014	November	Mount Hope	3
2408	2014-11-15	260188	17:33:00	Pedestrian	1	NA	FALSE	FALSE	1	Amherst Street	FLORENCE ST	2014-11-15	Two-Way , Not Divided	Dry	Dark - Lighted	Clear	Angle (Front - to - Side) Same Direction	No	Stop Signs	4	1	Pain Reported	NA	41.82327	-71.44575	FALSE	FALSE	Amherst Street and Florence Street, Providence, RI, USA	Med High	Raw	NA	FALSE	41.82327	-71.44575	2014	November	Olneyville	6
2405	2014-11-17	260487	14:15:00	Pedestrian	1	NA	FALSE	FALSE	1	100 HARTFORD AVE	EDNA ST	2014-11-17	Two-Way, Divided, Unprotected (painted>4feet) Medium	Wet	Daylight	Rain	Other	No	No Controls	5	1	Pain Reported	NA	41.81688	-71.44587	TRUE	FALSE	100 Hartford Ave, Providence, RI, USA	High	Raw	NA	FALSE	41.81688	-71.44587	2014	November	Olneyville	15
2406	2014-11-17	260499	17:34:00	Pedestrian	1	NA	FALSE	FALSE	1	CANDACE ST	ORMS ST	2014-11-17	Two-Way , Not Divided	Wet	Dark - Unknown Lighting	Rain	Angle (Front - to - Side) Right Angle (Includes Broadside)	No	Traffic Control Signal	2	1	Pain Reported	NA	41.8338	-71.4219	FALSE	FALSE	Candace Street and Orms Street, Providence, RI, USA	Med High	Raw	NA	FALSE	41.8338	-71.4219	2014	November	Smith Hill	12
2407	2014-11-17	260507	17:48:00	Pedestrian	1	NA	FALSE	FALSE	1	122 BATH ST	ORMS ST	2014-11-17	Two-Way , Not Divided	Wet	Dark - Lighted	Rain	Not a Collision Between Two Motor Vehicles in Transport	No	No Controls	3	1	Pain Reported	NA	41.83354	-71.42555	TRUE	FALSE	122 Bath Street, Providence, RI, USA	High	Raw	NA	FALSE	41.83354	-71.42555	2014	November	Smith Hill	12
2404	2014-11-18	260619	17:03:00	Pedestrian	1	NA	FALSE	FALSE	1	CHALKSTONE AVENUE	CANTON STREET	2014-11-18	Two-Way , Not Divided	Dry	Dark - Lighted	Clear	Not a Collision Between Two Motor Vehicles in Transport	Yes	No Controls	2	0	Unknown	2	41.82937	-71.41803	FALSE	FALSE	Chalkstone Avenue and Canton Street, Providence, RI, USA	Med High	Geocoded	distance greater than 100m	TRUE	41.8323096	-71.4425118	2014	November	Valley	5
2403	2014-11-21	261044	00:31:00	Bicycle	NA	1	FALSE	FALSE	1	WASHINGTON ST	EMPIRE ST	2014-11-21	Two-Way , Not Divided	Dry	Dark - Lighted	Clear	Not a Collision Between Two Motor Vehicles in Transport	No	Traffic Control Signal	2	1	Incapacitating	NA	41.82182	-71.41645	FALSE	FALSE	Washington Street and Empire Street, Providence, RI, USA	Med	Raw	NA	FALSE	41.82182	-71.41645	2014	November	Downtown	1
2402	2014-11-22	261424	13:07:00	Pedestrian	1	NA	FALSE	FALSE	1	871 ELMWOOD AVE	ROGER WILLIAMS CT	2014-11-22	Two-Way , Not Divided	Dry	Daylight	Clear	Other	Yes	No Controls	3	1	Pain Reported	NA	41.78885	-71.4212	TRUE	FALSE	871 Elmwood Ave, Providence, RI, USA	High	Raw	NA	FALSE	41.78885	-71.4212	2014	November	Elmwood	8
2399	2014-11-24	261631	17:08:00	Pedestrian	1	NA	FALSE	FALSE	1	WEYBOSSET ST	SNOW ST	2014-11-24	Two-Way, Divided, Unprotected (painted>4feet) Medium	Wet	Dark - Lighted	Cloudy	Not a Collision Between Two Motor Vehicles in Transport	No	Other	3	0	No Injury	NA	41.82068	-71.41328	FALSE	FALSE	Weybosset Street and Snow Street, Providence, RI, USA	Med High	Raw	NA	FALSE	41.82068	-71.41328	2014	November	Downtown	1
2400	2014-11-24	261597	13:54:00	Pedestrian	1	NA	FALSE	FALSE	1	HOPE ST	WICKENDEN ST	2014-11-24	Two-Way , Not Divided	Wet	Daylight	Rain	Other	No	No Controls	2	1	Pain Reported	NA	41.81982	-71.39543	FALSE	FALSE	Hope Street and Wickenden Street, Providence, RI, USA	Med High	Raw	NA	FALSE	41.81982	-71.39543	2014	November	Fox Point	1
2401	2014-11-24	261608	12:57:00	Bicycle	NA	1	FALSE	FALSE	1	WATERMAN ST	PROSPECT ST	2014-11-24	Two-Way , Not Divided	Wet	Daylight	Rain	Angle (Front - to - Side) Right Angle (Includes Broadside)	No	Stop Signs	2	0	No Injury	NA	41.82691	-71.40472	FALSE	FALSE	Waterman Street and Prospect Street, Providence, RI, USA	Med High	Raw	NA	FALSE	41.82691	-71.40472	2014	November	College Hill	2
2397	2014-11-26	262032	16:24:00	Pedestrian	1	NA	FALSE	FALSE	1	WAVERLY ST	CRANSTON ST	2014-11-26	Two-Way , Not Divided	Wet	Dark - Not Lighted	Sleet, Hail (Freezing Rain or Drizzle)	Other	Yes	No Controls	1	1	Pain Reported	NA	41.80834	-71.43458	FALSE	FALSE	Waverly Street and Cranston Street, Providence, RI, USA	Med High	Raw	NA	FALSE	41.80834	-71.43458	2014	November	West End	8
2398	2014-11-26	262445	09:39:00	Pedestrian	1	NA	FALSE	FALSE	1	PLAINFIELD ST	DIKE ST	2014-11-30	Two-Way , Not Divided	Dry	Daylight	Clear	Other	Yes	No Controls	3	1	Pain Reported	NA	41.81643	-71.44431	FALSE	FALSE	Plainfield Street and Dike Street, Providence, RI, USA	Med High	Raw	NA	FALSE	41.81643	-71.44431	2014	November	Olneyville	15
2396	2014-11-28	262259	18:30:00	Pedestrian	2	NA	FALSE	FALSE	1	POCASSET AVE	PLAINFIELD ST	2014-11-28	Two-Way , Not Divided	Dry	Dark - Lighted	Clear	Other	Yes	No Controls	2	1	Pain Reported	NA	41.8137	-71.44794	FALSE	FALSE	Pocasset Ave and Plainfield Street, Providence, RI, USA	Med High	Raw	NA	FALSE	41.8137	-71.44794	2014	November	Silver Lake	15
2395	2014-11-30	262408	02:53:00	Pedestrian	1	NA	FALSE	FALSE	1	PINE ST	RICHMOND ST	2014-11-30	One-Way Trafficway	Dry	Dark - Lighted	Clear	Unknown	Yes	No Controls	6	1	Non-Incapacitating	NA	41.82027	-71.41213	FALSE	FALSE	Pine Street and Richmond Street, Providence, RI, USA	Med	Raw	NA	FALSE	41.82027	-71.41213	2014	November	Downtown	1
2394	2014-12-01	262587	12:00:00	Bicycle	NA	1	FALSE	FALSE	2	ORMS ST	CHARLES ST	2014-12-01	Two-Way , Not Divided	Dry	Daylight	Clear	Head-On (Front - to - Front)	No	Pavement Markings	6	3	Incapacitating	NA	41.83489	-71.41223	FALSE	FALSE	Orms Street and Charles Street, Providence, RI, USA	Med High	Raw	NA	FALSE	41.83489	-71.41223	2014	December	Downtown	3
2393	2014-12-04	263058	13:30:00	Pedestrian	1	NA	FALSE	FALSE	1	Washington St	GREENE ST	2014-12-04	Two-Way , Not Divided	Dry	Daylight	Clear	Other	No	Traffic Control Signal	2	1	Non-Incapacitating	NA	41.82126	-71.4172	FALSE	FALSE	Washington Street and Greene Street, Providence, RI, USA	Med	Raw	NA	FALSE	41.82126	-71.4172	2014	December	Downtown	1
2392	2014-12-05	263431	07:53:00	Pedestrian	1	NA	FALSE	FALSE	1	ORMS ST	SMITH ST	2014-12-06	Two-Way, Divided, Unprotected (painted>4feet) Medium	Dry	Daylight	Clear	Head-On (Front - to - Front)	No	Traffic Control Signal	2	2	Pain Reported	NA	41.83377	-71.42198	FALSE	FALSE	Orms Street and Smith Street, Providence, RI, USA	Med High	Raw	NA	FALSE	41.83377	-71.42198	2014	December	Smith Hill	12
2391	2014-12-09	264368	16:57:00	Bicycle	NA	1	FALSE	FALSE	1	Broadway	KNIGHT ST	2014-12-09	Two-Way , Not Divided	Wet	Dark - Lighted	Rain	Not a Collision Between Two Motor Vehicles in Transport	No	No Controls	3	1	Pain Reported	2	41.8197	-71.42975	FALSE	FALSE	Broadway and Knight Street, Providence, RI, USA	Med	Raw	NA	FALSE	41.8197	-71.42975	2014	December	Federal Hill	13
2387	2014-12-10	264553	08:09:00	Pedestrian	1	NA	FALSE	FALSE	1	STATE ST	ORMS ST EXIT 23	2014-12-10	Two-Way , Not Divided	Wet	Daylight	Cloudy	Angle (Front - to - Side) Same Direction	No	Pavement Markings	3	1	Pain Reported	NA	41.83475	-71.41433	FALSE	FALSE	State Street and Orms St Exit 23, Providence, RI, USA	Med	Raw	NA	FALSE	41.83475	-71.41433	2014	December	Downtown	12
2388	2014-12-10	264694	17:18:00	Pedestrian	1	NA	FALSE	FALSE	1	HOPE ST	ANGELL ST	2014-12-10	Two-Way , Not Divided	Wet	Dark - Lighted	Rain	Not a Collision Between Two Motor Vehicles in Transport	No	Pavement Markings	2	1	Pain Reported	NA	41.82881	-71.39779	FALSE	FALSE	Hope Street and Angell Street, Providence, RI, USA	Med High	Raw	NA	FALSE	41.82881	-71.39779	2014	December	College Hill	2
2389	2014-12-10	264746	15:47:00	Pedestrian	2	NA	FALSE	FALSE	1	Hayward St	PEARL ST	2014-12-10	Two-Way , Not Divided	Wet	Dusk	Rain	Not a Collision Between Two Motor Vehicles in Transport	Yes	Stop Signs	2	2	Pain Reported	2	41.8142	-71.41992	FALSE	FALSE	Hayward Street and Pearl Street, Providence, RI, USA	Med High	Raw	NA	FALSE	41.8142	-71.41992	2014	December	Upper South Providence	11
2390	2014-12-10	264780	21:21:00	Pedestrian	1	NA	FALSE	FALSE	1	WATERMAN ST	HOPE ST	2014-12-10	Two-Way , Not Divided	Wet	Dark - Lighted	Rain	Not a Collision Between Two Motor Vehicles in Transport	No	Traffic Control Signal	2	1	Pain Reported	2	41.82758	-71.39723	FALSE	FALSE	Waterman Street and Hope Street, Providence, RI, USA	Med High	Raw	NA	FALSE	41.82758	-71.39723	2014	December	College Hill	1
2386	2014-12-12	265143	18:48:00	Pedestrian	1	NA	FALSE	FALSE	1	MEMORIAL BOULEVARD	COLLEGE ST	2014-12-12	Two-Way , Not Divided	Dry	Dark - Lighted	Clear	Not a Collision Between Two Motor Vehicles in Transport	No	Traffic Control Signal	4	1	Pain Reported	NA	41.82529	-71.40895	FALSE	FALSE	Memorial Boulevard and College Street, Providence, RI, USA	Med High	Raw	NA	FALSE	41.82529	-71.40895	2014	December	Downtown	1
2385	2014-12-13	265254	15:17:00	Bicycle	NA	1	FALSE	FALSE	1	BROADWAY	KNIGHT ST	2014-12-13	Two-Way , Not Divided	Dry	Daylight	Clear	Not a Collision Between Two Motor Vehicles in Transport	No	Traffic Control Signal	3	0	No Injury	2	41.8198	-71.42936	FALSE	FALSE	Broadway and Knight Street, Providence, RI, USA	Med	Raw	NA	FALSE	41.8198	-71.42936	2014	December	Federal Hill	13
2384	2014-12-14	265317	01:33:00	Pedestrian	1	NA	FALSE	FALSE	1	ELMWOOD AVE	RESERVOIR AVE	2014-12-14	Two-Way, Divided, Positive Median Barrier	Dry	Dark - Lighted	Clear	Head-On (Front - to - Front)	Yes	Traffic Control Signal	3	1	Fatal	NA	41.79785	-71.42611	FALSE	FALSE	Elmwood Ave and Reservoir Ave, Providence, RI, USA	Med High	Raw	NA	FALSE	41.79785	-71.42611	2014	December	West End	9
2383	2014-12-15	265481	19:48:00	Pedestrian	1	NA	FALSE	FALSE	1	POINT ST	RICHMOND ST	2014-12-15	Two-Way, Divided, Unprotected (painted>4feet) Medium	Dry	Dark - Lighted	Clear	Not a Collision Between Two Motor Vehicles in Transport	No	Traffic Control Signal	2	1	Pain Reported	NA	41.81655	-71.40729	FALSE	FALSE	Point Street and Richmond Street, Providence, RI, USA	Med High	Raw	NA	FALSE	41.81655	-71.40729	2014	December	Downtown	1
2381	2014-12-16	265560	08:25:00	Pedestrian	1	NA	FALSE	FALSE	1	DOUGLAS AVE	DOUGLAS AVE	2014-12-16	Two-Way , Not Divided	Dry	Daylight	Clear	Not a Collision Between Two Motor Vehicles in Transport	No	No Controls	2	1	Pain Reported	NA	41.84762	-71.43084	FALSE	FALSE	Douglas Ave and Douglas Ave, Providence, RI, USA	Med High	Raw	distance greater than 100m	TRUE	41.84762	-71.43084	2014	December	Wanskuck	14
2382	2014-12-16	265641	20:04:00	Pedestrian	1	NA	FALSE	FALSE	1	Francis St	AMERICAN EXPRESS PLZ	2014-12-16	Two-Way , Not Divided	Dry	Dark - Lighted	Clear	Not a Collision Between Two Motor Vehicles in Transport	No	Traffic Control Signal	7	1	Incapacitating	NA	41.82753	-71.41539	FALSE	FALSE	Francis Street and American Express Plz, Providence, RI, USA	Med	Raw	distance greater than 100m	TRUE	41.82753	-71.41539	2014	December	Downtown	12
2380	2014-12-17	265755	16:47:00	Pedestrian	1	NA	FALSE	FALSE	1	ATWELLS AVE	ACADEMY AVE	2014-12-17	Two-Way , Not Divided	Dry	Dark - Lighted	Clear	Not a Collision Between Two Motor Vehicles in Transport	No	Traffic Control Signal	2	1	Pain Reported	NA	41.82478	-71.4434	FALSE	FALSE	Atwells Ave and Academy Ave, Providence, RI, USA	Med High	Raw	NA	FALSE	41.82478	-71.4434	2014	December	Olneyville	15
2377	2014-12-20	266142	12:40:00	Pedestrian	1	NA	FALSE	FALSE	1	100 FRANCIS STREET	NA	2014-12-20	Two-Way , Not Divided	Dry	Daylight	Clear	Other	No	No Controls	5	1	Non-Incapacitating	4	41.82955	-71.41802	TRUE	TRUE	100 Francis Street, Providence, RI, USA	High	Geocoded	distance greater than 100m	TRUE	41.8260966	-71.415882	2014	December	Downtown	12
2378	2014-12-20	266150	16:28:00	Bicycle	NA	1	FALSE	FALSE	1	Valley St	DELAINE ST	2014-12-20	Two-Way , Not Divided	Wet	Daylight	Clear	Angle (Front - to - Side) Right Angle (Includes Broadside)	No	Flashing Traffic Control Signal	3	0	No Injury	NA	41.81951	-71.4405	FALSE	FALSE	Valley Street and Delaine Street, Providence, RI, USA	Med High	Raw	NA	FALSE	41.81951	-71.4405	2014	December	Olneyville	15
2379	2014-12-20	266280	17:35:00	Pedestrian	1	NA	FALSE	FALSE	1	CRANSTON ST	HOLLIS ST	2014-12-21	Two-Way , Not Divided	Snow	Dark - Lighted	Snow	Not a Collision Between Two Motor Vehicles in Transport	No	No Controls	2	1	Pain Reported	2	41.81099	-71.43206	FALSE	FALSE	Cranston Street and Hollis Street, Providence, RI, USA	Med High	Raw	NA	FALSE	41.81099	-71.43206	2014	December	West End	8