row_number	crash_date	crash_report_id	crash_time	collision_type	count_pedestrian	count_bicycle	scooter	wheel_chair	number_of_vehicles	street_or_highway	nearest_intersection	report_date	type_of_roadway	road_surface_condition	light_condition	weather_condition	manner_of_impact	hit_and_run	traffic_control	person_count	injury_count	most_serious_injury	number_of_lanes	lat_raw	lon_raw	has_st_number	is_intersection_null	address_sent_to_geocoder	api_coord_conf	best_coordinate_set	reason_for_qa	manually_qaed_record	final_lat	final_lon	year	month	pvd_nhood	pvd_wards
2314	2015-04-26	288816	15:17:00	Pedestrian	1	NA	FALSE	FALSE	1	555 CHALKSTONE AVE	NA	2015-04-26	Unknown	Dry	Daylight	Clear	Not a Collision Between Two Motor Vehicles in Transport	Yes	No Controls	3	1	Pain Reported	NA	41.83553	-71.42446	TRUE	TRUE	555 Chalkstone Ave, Providence, RI, USA	High	Raw	NA	FALSE	41.83553	-71.42446	2015	April	Smith Hill	12
2313	2015-04-27	288925	14:42:00	Pedestrian	1	NA	FALSE	FALSE	1	ASHBURTON ST	NA	2015-04-27	One-Way Trafficway	Dry	Daylight	Clear	Not a Collision Between Two Motor Vehicles in Transport	No	No Controls	5	1	Pain Reported	NA	41.83657	-71.41397	FALSE	TRUE	Ashburton Street, Providence, RI, USA	Inaccurate	Raw	distance greater than 100m	TRUE	41.83657	-71.41397	2015	April	Mount Hope	3
2311	2015-04-28	289008	08:44:00	Pedestrian	1	NA	FALSE	FALSE	1	BROADWAY	KNIGHT ST	2015-04-28	Two-Way , Not Divided	Dry	Daylight	Cloudy	Not a Collision Between Two Motor Vehicles in Transport	No	Traffic Control Signal	6	1	Pain Reported	NA	41.81982	-71.42926	FALSE	FALSE	Broadway and Knight Street, Providence, RI, USA	Med	Raw	NA	FALSE	41.81982	-71.42926	2015	April	Federal Hill	13
2312	2015-04-28	289077	19:50:00	Pedestrian	1	NA	FALSE	FALSE	1	BODELL AVE	ETNA ST	2015-04-28	Two-Way , Not Divided	Dry	Dusk	Clear	Not a Collision Between Two Motor Vehicles in Transport	No	No Controls	3	1	Non-Incapacitating	NA	41.81656	-71.45162	FALSE	FALSE	Bodell Ave and Etna Street, Providence, RI, USA	Med High	Raw	NA	FALSE	41.81656	-71.45162	2015	April	Hartford	7
2309	2015-04-29	289153	11:30:00	Pedestrian	1	NA	FALSE	FALSE	1	BROAD ST	Somerset St	2015-04-29	Two-Way, Divided, Positive Median Barrier	Dry	Daylight	Clear	Not a Collision Between Two Motor Vehicles in Transport	No	No Controls	3	1	Pain Reported	NA	41.81347	-71.42158	FALSE	FALSE	Broad Street and Somerset Street, Providence, RI, USA	Med	Raw	NA	FALSE	41.81347	-71.42158	2015	April	West End	11
2310	2015-04-29	289163	14:04:00	Bicycle	NA	1	FALSE	FALSE	1	DOUGLAS AVE	GODDARD ST	2015-04-29	Two-Way, Divided, Unprotected (painted>4feet) Medium	Dry	Daylight	Clear	Other	No	No Controls	5	1	Pain Reported	NA	41.83522	-71.41759	FALSE	FALSE	Douglas Ave and Goddard Street, Providence, RI, USA	Med High	Raw	NA	FALSE	41.83522	-71.41759	2015	April	Smith Hill	12
2308	2015-04-30	289384	21:37:00	Pedestrian	1	NA	FALSE	FALSE	1	86 CORINTH ST	NA	2015-04-30	Unknown	Dry	Dark - Lighted	Clear	Not a Collision Between Two Motor Vehicles in Transport	No	No Controls	3	1	Pain Reported	NA	41.7934	-71.4134	TRUE	TRUE	86 Corinth Street, Providence, RI, USA	High	Raw	NA	FALSE	41.7934	-71.4134	2015	April	Elmwood	9
2306	2015-05-01	289467	12:44:00	Bicycle	NA	1	FALSE	FALSE	1	BROADWAY	GREENMAN LN	2015-05-01	Two-Way , Not Divided	Dry	Daylight	Clear	Not a Collision Between Two Motor Vehicles in Transport	No	Traffic Control Signal	5	1	Pain Reported	NA	41.82232	-71.41867	FALSE	FALSE	Broadway and Greenman Ln, Providence, RI, USA	Med	Raw	distance greater than 100m	TRUE	41.82232	-71.41867	2015	May	Downtown	1
2307	2015-05-01	289488	16:47:00	Bicycle	NA	1	FALSE	FALSE	1	OAKLAND AVE	EATON ST	2015-05-01	Two-Way , Not Divided	Dry	Daylight	Clear	Not a Collision Between Two Motor Vehicles in Transport	Yes	No Controls	3	1	Pain Reported	2	41.84101	-71.42851	FALSE	FALSE	Oakland Ave and Eaton Street, Providence, RI, USA	Med High	Raw	NA	FALSE	41.84101	-71.42851	2015	May	Elmhurst	12
2304	2015-05-02	289688	13:53:00	Pedestrian	1	NA	FALSE	FALSE	1	1075 N MAIN ST	NA	2015-05-02	Unknown	Dry	Daylight	Clear	Not a Collision Between Two Motor Vehicles in Transport	No	No Controls	2	1	Pain Reported	NA	41.84979	-71.40314	TRUE	TRUE	1075 N Main Street, Providence, RI, USA	High	Raw	NA	FALSE	41.84979	-71.40314	2015	May	Hope	3
2305	2015-05-02	289689	14:46:00	Bicycle	NA	1	FALSE	FALSE	1	WASHINGTON ST	SERVICE ROAD 8	2015-05-02	Two-Way , Not Divided	Dry	Daylight	Clear	Not a Collision Between Two Motor Vehicles in Transport	No	No Controls	2	1	Pain Reported	NA	41.82031	-71.41868	FALSE	FALSE	Washington Street and Service Road 8, Providence, RI, USA	Med High	Raw	distance greater than 100m	TRUE	41.82031	-71.41868	2015	May	Downtown	1
2302	2015-05-03	289877	12:14:00	Pedestrian	1	NA	FALSE	FALSE	1	OPPER ST	BRANCH AVE	2015-05-03	Two-Way , Not Divided	Dry	Daylight	Clear	Not a Collision Between Two Motor Vehicles in Transport	No	No Controls	3	1	Pain Reported	NA	41.85181	-71.42329	FALSE	FALSE	Opper Street and Branch Ave, Providence, RI, USA	Med High	Raw	NA	FALSE	41.85181	-71.42329	2015	May	Charles	4
2303	2015-05-03	289931	20:17:00	Pedestrian	1	NA	FALSE	FALSE	1	Union Ave	Laurel Hill Ave	2015-05-04	Two-Way , Not Divided	Dry	Dark - Lighted	Clear	Not a Collision Between Two Motor Vehicles in Transport	Yes	Stop Signs	2	1	Pain Reported	NA	41.80626	-71.45236	FALSE	FALSE	Union Ave and Laurel Hill Ave, Providence, RI, USA	Med	Raw	NA	FALSE	41.80626	-71.45236	2015	May	Silver Lake	7
2301	2015-05-04	290037	16:39:00	Pedestrian	1	NA	FALSE	FALSE	1	ONTARIO ST	NIAGARA ST	2015-05-04	Two-Way , Not Divided	Dry	Daylight	Clear	Not a Collision Between Two Motor Vehicles in Transport	No	No Controls	3	1	Pain Reported	NA	41.80041	-71.41774	FALSE	FALSE	Ontario Street and Niagara Street, Providence, RI, USA	Med High	Geocoded	distance greater than 100m	TRUE	41.7998959	-71.419342	2015	May	Elmwood	9
2298	2015-05-05	290118	07:40:00	Pedestrian	1	NA	FALSE	FALSE	1	279 D CHAD BROWN STREET	NA	2015-05-05	Two-Way , Not Divided	Dry	Daylight	Clear	Unknown	Yes	No Controls	2	1	Pain Reported	2	41.83618	-71.41545	TRUE	TRUE	279 D Chad Brown Street, Providence, RI, USA	High	Geocoded	distance greater than 100m	TRUE	41.8406767	-71.4224919	2015	May	Wanskuck	4
2299	2015-05-05	290165	12:15:00	Bicycle	NA	NA	FALSE	FALSE	2	245 WATERMAN ST	COOKE ST	2015-05-05	One-Way Trafficway	Dry	Daylight	Clear	Rear End(Front-to-Rear)	Yes	No Controls	2	0	No Injury	NA	41.82761	-71.39556	TRUE	FALSE	245 Waterman Street, Providence, RI, USA	High	Geocoded	distance greater than 100m	TRUE	41.8279298	-71.3874654	2015	May	Wayland	1
2300	2015-05-05	290208	14:31:00	Pedestrian	1	NA	FALSE	FALSE	1	ATWELLS AVE	DE PASQUALE AVE	2015-05-05	Two-Way , Not Divided	Dry	Daylight	Clear	Not a Collision Between Two Motor Vehicles in Transport	No	Traffic Control Signal	6	1	Non-Incapacitating	NA	41.82359	-71.42694	FALSE	FALSE	Atwells Ave and De Pasquale Ave, Providence, RI, USA	Med High	Raw	NA	FALSE	41.82359	-71.42694	2015	May	Federal Hill	13
2295	2015-05-06	290285	13:40:00	Bicycle	NA	1	FALSE	FALSE	1	GANO STREET	EAST TRANSIT STREET	2015-05-06	Two-Way , Not Divided	Dry	Daylight	Clear	Angle (Front - to - Side) Right Angle (Includes Broadside)	No	No Controls	2	1	Non-Incapacitating	NA	41.83685	-71.41446	FALSE	FALSE	Gano Street and East Transit Street, Providence, RI, USA	Med High	Geocoded	distance greater than 100m	TRUE	41.8218214	-71.3897963	2015	May	Fox Point	1
2296	2015-05-06	290303	14:51:00	Pedestrian	1	NA	FALSE	FALSE	1	DOYLE AVE	HOPE ST	2015-05-06	Two-Way , Not Divided	Dry	Daylight	Clear	Not a Collision Between Two Motor Vehicles in Transport	No	No Controls	2	1	Pain Reported	2	41.83877	-71.40046	FALSE	FALSE	Doyle Ave and Hope Street, Providence, RI, USA	Med High	Raw	NA	FALSE	41.83877	-71.40046	2015	May	Mount Hope	3
2297	2015-05-06	290325	17:46:00	Pedestrian	1	NA	FALSE	FALSE	1	EXCHANGE TER	EXCHANGE ST	2015-05-06	Two-Way , Not Divided	Dry	Daylight	Clear	Not a Collision Between Two Motor Vehicles in Transport	No	Traffic Control Signal	4	1	Pain Reported	3	41.82608	-71.41167	FALSE	FALSE	Exchange Ter and Exchange Street, Providence, RI, USA	Med High	Raw	distance greater than 100m	TRUE	41.82608	-71.41167	2015	May	Downtown	1
2294	2015-05-07	290411	09:19:00	Pedestrian	1	NA	FALSE	FALSE	1	593 EDDY STREET	NA	2015-05-07	One-Way Trafficway	Dry	Daylight	Clear	Unknown	No	No Controls	3	1	Pain Reported	NA	41.83484	-71.41659	TRUE	TRUE	593 Eddy Street, Providence, RI, USA	High	Geocoded	distance greater than 100m	TRUE	41.8107889	-71.4090636	2015	May	Upper South Providence	11
2293	2015-05-08	290666	16:21:00	Bicycle	NA	1	FALSE	FALSE	1	71 ANDEM ST	CANTON ST	2015-05-08	Two-Way , Not Divided	Dry	Daylight	Clear	Not a Collision Between Two Motor Vehicles in Transport	No	No Controls	2	1	Pain Reported	NA	41.83055	-71.44263	TRUE	FALSE	71 Andem Street, Providence, RI, USA	High	Raw	NA	FALSE	41.83055	-71.44263	2015	May	Valley	6
2292	2015-05-13	291700	16:02:00	Pedestrian	1	NA	FALSE	FALSE	1	ACADEMY AVE	WABUN AVE	2015-05-13	Two-Way , Not Divided	Dry	Daylight	Clear	Not a Collision Between Two Motor Vehicles in Transport	Yes	No Controls	1	1	Pain Reported	NA	41.84033	-71.44502	FALSE	FALSE	Academy Ave and Wabun Ave, Providence, RI, USA	Med High	Raw	NA	FALSE	41.84033	-71.44502	2015	May	Mount Pleasant	5
2289	2015-05-14	291766	10:27:00	Pedestrian	1	NA	FALSE	FALSE	1	70 KENNEDY PLZ	ARCADE ST	2015-05-14	One-Way Trafficway	Dry	Daylight	Clear	Not a Collision Between Two Motor Vehicles in Transport	No	No Controls	4	1	Pain Reported	NA	41.82455	-71.41181	TRUE	FALSE	70 Kennedy Plz, Providence, RI, USA	High	Raw	NA	FALSE	41.82455	-71.41181	2015	May	Downtown	1
2290	2015-05-14	291793	14:17:00	Bicycle	NA	1	FALSE	FALSE	1	Dorrance St	WEYBOSSET ST	2015-05-14	Two-Way , Not Divided	Dry	Daylight	Clear	Other	No	Traffic Control Signal	3	1	Pain Reported	NA	41.82301	-71.41093	FALSE	FALSE	Dorrance Street and Weybosset Street, Providence, RI, USA	Med High	Raw	NA	FALSE	41.82301	-71.41093	2015	May	Downtown	1
2291	2015-05-14	291820	16:46:00	Pedestrian	1	NA	FALSE	FALSE	1	BRANCH AVE	EXIT 24	2015-05-14	Two-Way , Not Divided	Dry	Daylight	Clear	Not a Collision Between Two Motor Vehicles in Transport	Yes	Stop Signs	1	1	Pain Reported	NA	41.84629	-71.41157	FALSE	FALSE	Branch Ave and Exit 24, Providence, RI, USA	Med	Raw	distance greater than 100m	TRUE	41.84629	-71.41157	2015	May	Mount Hope	4
2288	2015-05-16	292208	20:56:00	Pedestrian	1	NA	FALSE	FALSE	1	WATERMAN ST	BROWN ST	2015-05-17	Two-Way , Not Divided	Dry	Daylight	Clear	Not a Collision Between Two Motor Vehicles in Transport	No	Stop Signs	2	1	Pain Reported	NA	41.82705	-71.40304	FALSE	FALSE	Waterman Street and Brown Street, Providence, RI, USA	Med High	Raw	NA	FALSE	41.82705	-71.40304	2015	May	College Hill	2
2287	2015-05-17	292159	00:11:00	Pedestrian	1	NA	FALSE	FALSE	1	UNION AVE	ALTHEA ST	2015-05-17	Two-Way , Not Divided	Dry	Dark - Lighted	Clear	Not a Collision Between Two Motor Vehicles in Transport	No	No Controls	2	1	Non-Incapacitating	NA	41.80932	-71.43829	FALSE	FALSE	Union Ave and Althea Street, Providence, RI, USA	Med	Raw	NA	FALSE	41.80932	-71.43829	2015	May	West End	13
2286	2015-05-18	292340	15:39:00	Bicycle	NA	1	FALSE	FALSE	1	WICKENDEN ST	BROOK ST	2015-05-18	Two-Way , Not Divided	Dry	Daylight	Clear	Not a Collision Between Two Motor Vehicles in Transport	No	Traffic Control Signal	3	1	Incapacitating	NA	41.81948	-71.39826	FALSE	FALSE	Wickenden Street and Brook Street, Providence, RI, USA	Med High	Raw	NA	FALSE	41.81948	-71.39826	2015	May	Fox Point	1
2285	2015-05-19	292615	16:30:00	Pedestrian	1	NA	FALSE	FALSE	1	PLAINFIELD ST	MERINO ST	2015-05-19	Two-Way , Not Divided	Dry	Daylight	Clear	Not a Collision Between Two Motor Vehicles in Transport	Yes	No Controls	2	1	Pain Reported	2	41.80904	-71.463	FALSE	FALSE	Plainfield Street and Merino Street, Providence, RI, USA	Med High	Geocoded	distance greater than 100m	TRUE	41.8129452	-71.457397	2015	May	Hartford	7
2282	2015-05-20	292707	14:40:00	Pedestrian	1	NA	FALSE	FALSE	1	112 DORA ST	WEBSTER AVE	2015-05-20	Two-Way, Divided, Unprotected (painted>4feet) Medium	Dry	Daylight	Clear	Not a Collision Between Two Motor Vehicles in Transport	Yes	No Controls	1	1	Pain Reported	2	41.8081	-71.44815	TRUE	FALSE	112 Dora Street, Providence, RI, USA	High	Geocoded	distance greater than 100m	TRUE	41.8082102	-71.446897	2015	May	Silver Lake	15
2283	2015-05-20	292730	16:26:00	Pedestrian	1	NA	FALSE	FALSE	1	343 BROAD ST	NA	2015-05-20	Two-Way, Divided, Positive Median Barrier	Dry	Daylight	Clear	Not a Collision Between Two Motor Vehicles in Transport	No	No Controls	7	1	Incapacitating	2	41.81398	-71.4214	TRUE	TRUE	343 Broad Street, Providence, RI, USA	High	Raw	NA	FALSE	41.81398	-71.4214	2015	May	West End	11
2284	2015-05-20	293337	14:30:00	Bicycle	NA	1	FALSE	FALSE	1	POINT ST	S WATER ST	2015-05-24	One-Way Trafficway	Dry	Daylight	Clear	Not a Collision Between Two Motor Vehicles in Transport	No	Stop Signs	2	1	Non-Incapacitating	NA	41.81874	-71.40185	FALSE	FALSE	Point Street and S Water Street, Providence, RI, USA	Med High	Raw	NA	FALSE	41.81874	-71.40185	2015	May	Fox Point	1
2281	2015-05-21	292845	09:08:00	Bicycle	NA	1	FALSE	FALSE	1	325 WASHINGTON ST	DEAN ST	2015-05-21	Two-Way, Divided, Unprotected (painted>4feet) Medium	Dry	Daylight	Clear	Not a Collision Between Two Motor Vehicles in Transport	No	No Controls	3	0	No Injury	NA	41.81917	-71.42058	TRUE	FALSE	325 Washington Street, Providence, RI, USA	High	Raw	NA	FALSE	41.81917	-71.42058	2015	May	Federal Hill	13
2278	2015-05-22	293130	18:00:00	Bicycle	NA	1	FALSE	FALSE	1	Detroit Avenue	Broad Street	2015-05-22	Two-Way , Not Divided	Dry	Daylight	Clear	Not a Collision Between Two Motor Vehicles in Transport	No	No Controls	2	1	Non-Incapacitating	NA	41.79438	-71.40995	FALSE	FALSE	Detroit Avenue and Broad Street, Providence, RI, USA	Med High	Raw	NA	FALSE	41.79438	-71.40995	2015	May	Elmwood	9
2279	2015-05-22	293136	00:51:00	Bicycle	NA	1	FALSE	FALSE	1	Atwells Ave	NA	2015-05-22	Two-Way , Not Divided	Dry	Dark - Lighted	Clear	Not a Collision Between Two Motor Vehicles in Transport	Yes	No Controls	1	1	Pain Reported	NA	41.8233	-71.42276	FALSE	TRUE	Atwells Ave, Providence, RI, USA	Inaccurate	Raw	distance greater than 100m	TRUE	41.8233	-71.42276	2015	May	Federal Hill	13
2276	2015-05-23	293229	11:28:00	Bicycle	NA	1	FALSE	FALSE	1	HARTFORD AVE	ALVERSON AVE	2015-05-23	Two-Way , Not Divided	Dry	Daylight	Clear	Not a Collision Between Two Motor Vehicles in Transport	No	No Controls	3	1	Pain Reported	NA	41.81877	-71.46008	FALSE	FALSE	Hartford Ave and Alverson Ave, Providence, RI, USA	Med High	Raw	NA	FALSE	41.81877	-71.46008	2015	May	Hartford	7
2277	2015-05-23	293269	16:53:00	Bicycle	NA	1	FALSE	FALSE	1	ALLENS AVE	Bay Street	2015-05-23	Two-Way , Not Divided	Dry	Daylight	Clear	Not a Collision Between Two Motor Vehicles in Transport	Yes	No Controls	1	1	Non-Incapacitating	NA	41.8061	-71.40277	FALSE	FALSE	Allens Ave and Bay Street, Providence, RI, USA	Med High	Raw	NA	FALSE	41.8061	-71.40277	2015	May	Lower South Providence	10
2274	2015-05-24	293383	20:26:00	Pedestrian	1	NA	FALSE	FALSE	1	PEMBROKE AVE	CHAD BROWN ST	2015-05-24	Two-Way , Not Divided	Dry	Dark - Lighted	Clear	Other	No	No Controls	2	1	Pain Reported	NA	41.83909	-71.43026	FALSE	FALSE	Pembroke Ave and Chad Brown Street, Providence, RI, USA	Med High	Raw	NA	FALSE	41.83909	-71.43026	2015	May	Elmhurst	14
2275	2015-05-24	293386	19:34:00	Pedestrian	1	NA	FALSE	FALSE	1	680 Admiral Street	NA	2015-05-24	Unknown	Dry	Dark - Lighted	Clear	Not a Collision Between Two Motor Vehicles in Transport	No	No Controls	3	1	Incapacitating	NA	41.84927	-71.43911	TRUE	TRUE	680 Admiral Street, Providence, RI, USA	High	Raw	NA	FALSE	41.84927	-71.43911	2015	May	Elmhurst	14
2272	2015-05-27	293763	08:54:00	Pedestrian	1	NA	FALSE	FALSE	1	6 GALLUP ST	BURNSIDE ST	2015-05-27	Two-Way , Not Divided	Dry	Daylight	Clear	Not a Collision Between Two Motor Vehicles in Transport	Yes	No Controls	2	1	Pain Reported	NA	41.80039	-71.41057	TRUE	FALSE	6 Gallup Street, Providence, RI, USA	High	Raw	distance greater than 100m	TRUE	41.80039	-71.41057	2015	May	Lower South Providence	10
2273	2015-05-27	293789	14:12:00	Bicycle	NA	1	FALSE	FALSE	1	601 N. MAIN ST	N MAIN ST	2015-05-27	Two-Way, Divided, Positive Median Barrier	Dry	Daylight	Clear	Not a Collision Between Two Motor Vehicles in Transport	Yes	No Controls	1	1	Pain Reported	NA	41.83717	-71.40948	TRUE	FALSE	601 N. Main Street, Providence, RI, USA	High	Raw	NA	FALSE	41.83717	-71.40948	2015	May	College Hill	3
2271	2015-05-28	293911	19:35:00	Pedestrian	1	NA	FALSE	FALSE	1	Eddy Street	ERNEST ST	2015-05-28	Two-Way , Not Divided	Dry	Daylight	Clear	Not a Collision Between Two Motor Vehicles in Transport	Yes	Traffic Control Signal	1	1	Pain Reported	NA	41.79512	-71.40451	FALSE	FALSE	Eddy Street and Ernest Street, Providence, RI, USA	Med High	Raw	NA	FALSE	41.79512	-71.40451	2015	May	Washington Park	10
2270	2015-05-30	294183	16:40:00	Bicycle	NA	1	FALSE	FALSE	1	DOUGLAS AVE	GODDARD ST	2015-05-30	Two-Way , Not Divided	Dry	Daylight	Clear	Not a Collision Between Two Motor Vehicles in Transport	Yes	No Controls	2	1	Pain Reported	2	41.83513	-71.41736	FALSE	FALSE	Douglas Ave and Goddard Street, Providence, RI, USA	Med High	Raw	NA	FALSE	41.83513	-71.41736	2015	May	Smith Hill	12
2269	2015-06-02	294653	11:23:00	Pedestrian	1	NA	FALSE	FALSE	1	BROAD ST	BROAD ST	2015-06-02	Two-Way , Not Divided	Wet	Daylight	Rain	Not a Collision Between Two Motor Vehicles in Transport	No	No Controls	3	1	Pain Reported	NA	41.78612	-71.40179	FALSE	FALSE	Broad Street and Broad Street, Providence, RI, USA	Med	Raw	distance greater than 100m	TRUE	41.78612	-71.40179	2015	June	Washington Park	10
2266	2015-06-04	294848	07:48:00	Pedestrian	1	NA	FALSE	FALSE	1	PRAIRIE AVE	THURBERS AVE	2015-06-04	Two-Way, Divided, Unprotected (painted>4feet) Medium	Dry	Daylight	Clear	Not a Collision Between Two Motor Vehicles in Transport	No	No Controls	6	1	Incapacitating	NA	41.79847	-71.41179	FALSE	FALSE	Prairie Ave and Thurbers Ave, Providence, RI, USA	Med High	Raw	NA	FALSE	41.79847	-71.41179	2015	June	Lower South Providence	10
2267	2015-06-04	294881	12:28:00	Pedestrian	1	NA	FALSE	FALSE	1	WESTMINSTER ST	COLLEGE ST	2015-06-04	Two-Way, Divided, Unprotected (painted>4feet) Medium	Dry	Daylight	Clear	Not a Collision Between Two Motor Vehicles in Transport	No	No Controls	4	1	Incapacitating	NA	41.82529	-71.40895	FALSE	FALSE	Westminster Street and College Street, Providence, RI, USA	Med High	Raw	NA	FALSE	41.82529	-71.40895	2015	June	Downtown	1
2268	2015-06-04	294895	15:35:00	Pedestrian	1	NA	FALSE	FALSE	1	VERMONT AVE	VIRGINIA AVE	2015-06-04	Two-Way , Not Divided	Dry	Daylight	Clear	Not a Collision Between Two Motor Vehicles in Transport	Yes	No Controls	1	1	Pain Reported	NA	41.78876	-71.39591	FALSE	FALSE	Vermont Ave and Virginia Ave, Providence, RI, USA	Med High	Geocoded	distance greater than 100m	TRUE	41.7882176	-71.3989933	2015	June	Washington Park	10
2265	2015-06-06	295894	21:23:00	Pedestrian	1	NA	FALSE	FALSE	1	Florence St	MANTON AVE	2015-06-10	One-Way Trafficway	Dry	Dark - Lighted	Clear	Not a Collision Between Two Motor Vehicles in Transport	Yes	No Controls	1	1	Non-Incapacitating	NA	41.82027	-71.44695	FALSE	FALSE	Florence Street and Manton Ave, Providence, RI, USA	Med High	Raw	NA	FALSE	41.82027	-71.44695	2015	June	Olneyville	15
2264	2015-06-08	295540	15:02:00	Bicycle	NA	1	FALSE	FALSE	1	MEDWAY ST	GANO ST	2015-06-08	Two-Way , Not Divided	Dry	Daylight	Cloudy	Not a Collision Between Two Motor Vehicles in Transport	No	Stop Signs	3	1	Non-Incapacitating	NA	41.82887	-71.39087	FALSE	FALSE	Medway Street and Gano Street, Providence, RI, USA	Med High	Raw	NA	FALSE	41.82887	-71.39087	2015	June	Wayland	1
2263	2015-06-09	295641	08:46:00	Pedestrian	1	NA	FALSE	FALSE	1	25 BRAMAN ST	MORRIS AVE	2015-06-09	Two-Way , Not Divided	Dry	Daylight	Clear	Not a Collision Between Two Motor Vehicles in Transport	No	No Controls	2	1	Pain Reported	NA	41.84623	-71.39533	TRUE	FALSE	25 Braman Street, Providence, RI, USA	High	Raw	NA	FALSE	41.84623	-71.39533	2015	June	Blackstone	3
2261	2015-06-10	295741	05:49:00	Bicycle	NA	1	FALSE	FALSE	1	GASPEE ST	FRANCIS ST	2015-06-10	Two-Way, Divided, Unprotected (painted>4feet) Medium	Dry	Dawn	Clear	Not a Collision Between Two Motor Vehicles in Transport	Yes	Traffic Control Signal	2	1	Pain Reported	NA	41.82915	-71.41485	FALSE	FALSE	Gaspee Street and Francis Street, Providence, RI, USA	Med High	Raw	NA	FALSE	41.82915	-71.41485	2015	June	Downtown	12
2262	2015-06-10	295789	09:18:00	Pedestrian	1	NA	FALSE	FALSE	1	530 NORTH MAIN STREET	NA	2015-06-10	Two-Way, Divided, Positive Median Barrier	Dry	Daylight	Clear	Other	No	No Controls	2	1	Pain Reported	4	41.83651	-71.4149	TRUE	TRUE	530 North Main Street, Providence, RI, USA	High	Geocoded	distance greater than 100m	TRUE	41.8363567	-71.4100844	2015	June	College Hill	3
2260	2015-06-12	296220	20:38:00	Bicycle	NA	1	FALSE	FALSE	1	Appleton St	DELAINE ST	2015-06-13	Two-Way , Not Divided	Dry	Dark - Lighted	Clear	Other	Yes	No Controls	2	1	Non-Incapacitating	2	41.81916	-71.44299	FALSE	FALSE	Appleton Street and Delaine Street, Providence, RI, USA	Med High	Raw	NA	FALSE	41.81916	-71.44299	2015	June	Olneyville	15
2259	2015-06-13	296247	07:29:00	Bicycle	NA	1	FALSE	FALSE	1	WESTMINISTER STREET	DEAN STREET	2015-06-13	Two-Way , Not Divided	Dry	Daylight	Clear	Other	No	Traffic Control Signal	3	1	Non-Incapacitating	2	41.83651	-71.4149	FALSE	FALSE	Westminister Street and Dean Street, Providence, RI, USA	Med High	Geocoded	distance greater than 100m	TRUE	41.8182066	-71.4201851	2015	June	Federal Hill	11
2258	2015-06-15	296598	19:20:00	Pedestrian	1	NA	FALSE	FALSE	1	EDDY ST	RHODES ST	2015-06-15	Two-Way , Not Divided	Wet	Daylight	Rain	Not a Collision Between Two Motor Vehicles in Transport	Yes	Pavement Markings	1	0	No Injury	2	41.80821	-71.40724	FALSE	FALSE	Eddy Street and Rhodes Street, Providence, RI, USA	Med High	Raw	NA	FALSE	41.80821	-71.40724	2015	June	Upper South Providence	11
2256	2015-06-16	296702	16:19:00	Pedestrian	1	NA	FALSE	FALSE	1	499 PLAINFIELD ST	NA	2015-06-16	Two-Way , Not Divided	Dry	Daylight	Cloudy	Not a Collision Between Two Motor Vehicles in Transport	No	No Controls	2	1	Pain Reported	2	41.81326	-71.45502	TRUE	TRUE	499 Plainfield Street, Providence, RI, USA	High	Raw	NA	FALSE	41.81326	-71.45502	2015	June	Silver Lake	15
2257	2015-06-16	296732	14:48:00	Bicycle	NA	1	FALSE	FALSE	1	North Main St	N MAIN ST	2015-06-16	Two-Way, Divided, Positive Median Barrier	Dry	Daylight	Cloudy	Not a Collision Between Two Motor Vehicles in Transport	No	No Controls	4	0	No Injury	4	41.83659	-71.40961	FALSE	FALSE	North Main Street and N Main Street, Providence, RI, USA	Med High	Raw	distance greater than 100m	TRUE	41.83659	-71.40961	2015	June	College Hill	3
2255	2015-06-17	296896	14:59:00	Bicycle	NA	1	FALSE	FALSE	1	JILLSON ST	EDDY ST	2015-06-17	Two-Way , Not Divided	Dry	Daylight	Clear	Not a Collision Between Two Motor Vehicles in Transport	No	Stop Signs	2	1	Pain Reported	2	41.7914	-71.40344	FALSE	FALSE	Jillson Street and Eddy Street, Providence, RI, USA	Med High	Raw	NA	FALSE	41.7914	-71.40344	2015	June	Washington Park	10
2254	2015-06-18	297045	17:59:00	Pedestrian	1	NA	FALSE	FALSE	1	HAWKINS ST	BRANCH AVE	2015-06-18	Two-Way , Not Divided	Dry	Daylight	Clear	Not a Collision Between Two Motor Vehicles in Transport	Yes	No Controls	1	1	Incapacitating	NA	41.85065	-71.42217	FALSE	FALSE	Hawkins Street and Branch Ave, Providence, RI, USA	Med High	Raw	NA	FALSE	41.85065	-71.42217	2015	June	Charles	4
2253	2015-06-19	297270	21:13:00	Bicycle	NA	1	FALSE	FALSE	1	79 Elmwood Ave	ELMWOOD AVE	2015-06-19	Two-Way , Not Divided	Dry	Dark - Lighted	Clear	Not a Collision Between Two Motor Vehicles in Transport	Yes	Traffic Control Signal	3	1	Pain Reported	2	41.80981	-71.4241	TRUE	FALSE	79 Elmwood Ave, Providence, RI, USA	High	Raw	NA	FALSE	41.80981	-71.4241	2015	June	West End	11