row_number	crash_date	crash_report_id	crash_time	collision_type	count_pedestrian	count_bicycle	scooter	wheel_chair	number_of_vehicles	street_or_highway	nearest_intersection	report_date	type_of_roadway	road_surface_condition	light_condition	weather_condition	manner_of_impact	hit_and_run	traffic_control	person_count	injury_count	most_serious_injury	number_of_lanes	lat_raw	lon_raw	has_st_number	is_intersection_null	address_sent_to_geocoder	api_coord_conf	best_coordinate_set	reason_for_qa	manually_qaed_record	final_lat	final_lon	year	month	pvd_nhood	pvd_wards
2252	2015-06-20	297365	13:24:00	Pedestrian	1	NA	FALSE	FALSE	1	ACADEMY AVE	CHALKSTONE AVE	2015-06-20	Two-Way, Divided, Unprotected (painted>4feet) Medium	Dry	Daylight	Clear	Not a Collision Between Two Motor Vehicles in Transport	No	Traffic Control Signal	2	1	Incapacitating	NA	41.8324	-71.44452	FALSE	FALSE	Academy Ave and Chalkstone Ave, Providence, RI, USA	Med High	Raw	NA	FALSE	41.8324	-71.44452	2015	June	Mount Pleasant	6
2251	2015-06-22	297614	11:06:00	Pedestrian	1	NA	FALSE	FALSE	1	EDDY STREET	APPLEGATE LANE	2015-06-22	Two-Way , Not Divided	Dry	Daylight	Clear	Other	No	No Controls	5	1	Pain Reported	2	41.83413	-71.4166	FALSE	FALSE	Eddy Street and Applegate Lane, Providence, RI, USA	Med High	Geocoded	distance greater than 100m	TRUE	41.7989684	-71.4055445	2015	June	Lower South Providence	10
2250	2015-06-25	298150	17:15:00	Bicycle	NA	1	FALSE	FALSE	1	69 Capron St	JULIAN ST	2015-06-25	Two-Way , Not Divided	Dry	Daylight	Clear	Not a Collision Between Two Motor Vehicles in Transport	No	No Controls	4	1	Pain Reported	2	41.82014	-71.44537	TRUE	FALSE	69 Capron Street, Providence, RI, USA	High	Raw	NA	FALSE	41.82014	-71.44537	2015	June	Olneyville	15
2248	2015-06-28	298518	02:26:00	Pedestrian	1	NA	FALSE	FALSE	1	115 Harris Ave	HARRIS AVE EXIT 22C	2015-06-28	Two-Way, Divided, Unprotected (painted>4feet) Medium	Wet	Dark - Lighted	Rain	Not a Collision Between Two Motor Vehicles in Transport	Yes	No Controls	1	1	Non-Incapacitating	NA	41.82704	-71.42376	TRUE	FALSE	115 Harris Ave, Providence, RI, USA	High	Raw	NA	FALSE	41.82704	-71.42376	2015	June	Smith Hill	13
2246	2015-06-29	298773	10:16:00	Bicycle	NA	1	FALSE	FALSE	1	BROAD STREET	ALDRICH AVENUE	2015-06-29	Two-Way , Not Divided	Dry	Daylight	Clear	Other	No	Stop Signs	2	1	Pain Reported	2	41.83296	-71.41682	FALSE	FALSE	Broad Street and Aldrich Avenue, Providence, RI, USA	Med	Neither	distance greater than 100m	TRUE	41.793668	-71.408972	2015	June	South Elmwood	10
2247	2015-06-29	298838	17:50:00	Pedestrian	1	NA	FALSE	FALSE	1	Union Ave	WEBSTER AVE	2015-06-29	Two-Way , Not Divided	Dry	Daylight	Clear	Not a Collision Between Two Motor Vehicles in Transport	No	No Controls	3	1	Pain Reported	NA	41.80683	-71.44755	FALSE	FALSE	Union Ave and Webster Ave, Providence, RI, USA	Med	Raw	NA	FALSE	41.80683	-71.44755	2015	June	Silver Lake	15
2244	2015-06-30	298900	08:35:00	Bicycle	NA	1	FALSE	FALSE	1	POINT STREET	SOUTH MAIN STREET	2015-06-30	Two-Way , Not Divided	Dry	Daylight	Clear	Angle (Front - to - Side) Right Angle (Includes Broadside)	No	Traffic Control Signal	2	1	Pain Reported	4	41.83183	-71.41726	FALSE	FALSE	Point Street and South Main Street, Providence, RI, USA	Med	Neither	distance greater than 100m	TRUE	41.819069	-71.400973	2015	June	Fox Point	1
2245	2015-06-30	298996	14:24:00	Pedestrian	1	NA	FALSE	FALSE	1	344 Washington St	DEAN ST	2015-06-30	Two-Way , Not Divided	Dry	Daylight	Clear	Not a Collision Between Two Motor Vehicles in Transport	No	No Controls	2	1	Pain Reported	NA	41.81913	-71.42064	TRUE	FALSE	344 Washington Street, Providence, RI, USA	High	Raw	NA	FALSE	41.81913	-71.42064	2015	June	Federal Hill	13
2243	2015-07-01	299120	10:57:00	Bicycle	NA	1	FALSE	FALSE	1	ATWELLS AVE	EAGLE ST	2015-07-01	Two-Way, Divided, Positive Median Barrier	Dry	Daylight	Cloudy	Angle (Front - to - Side) Right Angle (Includes Broadside)	No	Traffic Control Signal	6	1	Non-Incapacitating	NA	41.82446	-71.4355	FALSE	FALSE	Atwells Ave and Eagle Street, Providence, RI, USA	Med High	Raw	NA	FALSE	41.82446	-71.4355	2015	July	Olneyville	15
2242	2015-07-02	299395	17:19:00	Bicycle	NA	1	FALSE	FALSE	2	DEXTER ST	POTTERS AVE	2015-07-02	Two-Way , Not Divided	Dry	Daylight	Clear	Not a Collision Between Two Motor Vehicles in Transport	No	Stop Signs	4	0	No Injury	2	41.80249	-71.43059	FALSE	FALSE	Dexter Street and Potters Ave, Providence, RI, USA	Med High	Raw	NA	FALSE	41.80249	-71.43059	2015	July	West End	8
2239	2015-07-03	299497	11:10:00	Bicycle	NA	1	FALSE	FALSE	1	INDIA ST.	GANO ST.	2015-07-03	Two-Way , Not Divided	Dry	Daylight	Clear	Angle (Front - to - Side) Right Angle (Includes Broadside)	No	Stop Signs	6	1	Incapacitating	2	41.81865	-71.38932	FALSE	FALSE	India St. and Gano St., Providence, RI, USA	Med High	Raw	NA	FALSE	41.81865	-71.38932	2015	July	Fox Point	1
2240	2015-07-03	299499	16:15:00	Pedestrian	1	NA	FALSE	FALSE	1	MANTON AVE	FRUIT HILL AVE	2015-07-03	Two-Way , Not Divided	Dry	Daylight	Clear	Not a Collision Between Two Motor Vehicles in Transport	No	Traffic Control Signal	2	0	No Injury	NA	41.83388	-71.46783	FALSE	FALSE	Manton Ave and Fruit Hill Ave, Providence, RI, USA	Med High	Raw	NA	FALSE	41.83388	-71.46783	2015	July	Manton	6
2241	2015-07-03	299525	18:02:00	Bicycle	NA	1	FALSE	FALSE	1	MESSER ST	CRANSTON ST	2015-07-03	Two-Way , Not Divided	Dry	Daylight	Clear	Not a Collision Between Two Motor Vehicles in Transport	Yes	Stop Signs	2	1	Pain Reported	2	41.80963	-71.43345	FALSE	FALSE	Messer Street and Cranston Street, Providence, RI, USA	Med High	Raw	NA	FALSE	41.80963	-71.43345	2015	July	West End	8
2238	2015-07-04	304343	21:38:00	Pedestrian	1	NA	FALSE	FALSE	1	DOUGLAS AVE	ADMIRAL ST	2015-08-01	Two-Way , Not Divided	Dry	Dark - Lighted	Clear	Not a Collision Between Two Motor Vehicles in Transport	Yes	No Controls	1	1	Non-Incapacitating	NA	41.8461	-71.42905	FALSE	FALSE	Douglas Ave and Admiral Street, Providence, RI, USA	Med High	Raw	NA	FALSE	41.8461	-71.42905	2015	July	Wanskuck	14
2237	2015-07-05	299644	21:50:00	Pedestrian	1	NA	FALSE	FALSE	1	PUBLIC ST	OCEAN ST	2015-07-05	Two-Way , Not Divided	Dry	Dark - Lighted	Clear	Not a Collision Between Two Motor Vehicles in Transport	Yes	No Controls	5	1	Incapacitating	2	41.80622	-71.41193	FALSE	FALSE	Public Street and Ocean Street, Providence, RI, USA	Med High	Raw	NA	FALSE	41.80622	-71.41193	2015	July	Upper South Providence	11
2236	2015-07-06	299972	17:17:00	Bicycle	NA	1	FALSE	FALSE	1	RIVER AVE	MOORLAND AVE	2015-07-06	Two-Way , Not Divided	Dry	Daylight	Clear	Angle (Front - to - Side) Right Angle (Includes Broadside)	No	Stop Signs	3	1	Non-Incapacitating	NA	41.83752	-71.43973	FALSE	FALSE	River Ave and Moorland Ave, Providence, RI, USA	Med High	Raw	NA	FALSE	41.83752	-71.43973	2015	July	Elmhurst	5
2235	2015-07-07	300169	18:18:00	Bicycle	NA	1	FALSE	FALSE	1	RANDALL SQ	RANDALL SQ	2015-07-07	One-Way Trafficway	Dry	Daylight	Clear	Not a Collision Between Two Motor Vehicles in Transport	Yes	Stop Signs	2	1	Pain Reported	1	41.83677	-71.40991	FALSE	FALSE	Randall Sq and Randall Sq, Providence, RI, USA	Med High	Neither	distance greater than 100m	TRUE	41.836566	-71.410572	2015	July	College Hill	3
2233	2015-07-09	300440	11:47:00	Bicycle	NA	1	FALSE	FALSE	1	WASHINGTON ST	EXCHANGE ST	2015-07-09	Two-Way, Divided, Positive Median Barrier	Dry	Daylight	Clear	Other	No	No Controls	6	1	Pain Reported	NA	41.8249	-71.4121	FALSE	FALSE	Washington Street and Exchange Street, Providence, RI, USA	Med	Geocoded	distance greater than 100m	TRUE	41.8257255	-71.4110379	2015	July	Downtown	1
2232	2015-07-11	300781	02:39:00	Pedestrian	1	NA	FALSE	FALSE	1	WASHINGTON ST	DORRANCE ST	2015-07-11	One-Way Trafficway	Dry	Dark - Lighted	Clear	Sideswipe, Same Direction	Yes	Traffic Control Signal	1	1	Pain Reported	NA	41.82445	-71.41277	FALSE	FALSE	Washington Street and Dorrance Street, Providence, RI, USA	Med High	Raw	NA	FALSE	41.82445	-71.41277	2015	July	Downtown	1
2231	2015-07-12	300895	03:55:00	Pedestrian	1	NA	FALSE	FALSE	1	WESTMINSTER ST	SERVICE ROAD 7	2015-07-12	One-Way Trafficway	Dry	Dark - Lighted	Clear	Unknown	Yes	Traffic Control Signal	4	2	Incapacitating	NA	41.81878	-71.41889	FALSE	FALSE	Westminster Street and Service Road 7, Providence, RI, USA	Med High	Raw	NA	FALSE	41.81878	-71.41889	2015	July	Federal Hill	11
2230	2015-07-13	301113	20:58:00	Bicycle	NA	1	FALSE	FALSE	1	POCASSET AVE	MAGNOLIA ST	2015-07-13	Two-Way , Not Divided	Dry	Dark - Lighted	Clear	Not a Collision Between Two Motor Vehicles in Transport	Yes	Traffic Control Signal	1	1	Pain Reported	NA	41.81192	-71.44995	FALSE	FALSE	Pocasset Ave and Magnolia Street, Providence, RI, USA	Med High	Raw	NA	FALSE	41.81192	-71.44995	2015	July	Silver Lake	15
2229	2015-07-16	301745	13:55:00	Pedestrian	1	NA	FALSE	FALSE	1	193 ELMWOOD AVENUE	NA	2015-07-17	Two-Way , Not Divided	Dry	Daylight	Clear	Other	No	Traffic Control Signal	3	1	Pain Reported	4	41.82489	-71.41943	TRUE	TRUE	193 Elmwood Avenue, Providence, RI, USA	High	Geocoded	distance greater than 100m	TRUE	41.8074252	-71.4250662	2015	July	West End	11
2228	2015-07-19	302206	14:50:00	Pedestrian	1	NA	FALSE	FALSE	1	177 WEBSTER AVENUE	NA	2015-07-19	Unknown	Dry	Daylight	Clear	Other	Yes	No Controls	1	1	Non-Incapacitating	NA	41.83435	-71.41622	TRUE	TRUE	177 Webster Avenue, Providence, RI, USA	High	Geocoded	distance greater than 100m	TRUE	41.8107187	-71.4495578	2015	July	Silver Lake	15
2227	2015-07-21	302555	20:54:00	Pedestrian	1	NA	FALSE	FALSE	1	Westminster St	Barton St	2015-07-21	Two-Way , Not Divided	Wet	Dark - Lighted	Rain	Not a Collision Between Two Motor Vehicles in Transport	No	Traffic Control Signal	2	1	Pain Reported	NA	41.81592	-71.43653	FALSE	FALSE	Westminster Street and Barton Street, Providence, RI, USA	Med High	Raw	NA	FALSE	41.81592	-71.43653	2015	July	West End	13
2225	2015-07-22	302606	08:20:00	Bicycle	NA	1	FALSE	FALSE	1	Traverse St	Rosary Access Rd	2015-07-22	Two-Way , Not Divided	Dry	Daylight	Clear	Angle (Front - to - Side) Opposite Direction	No	Stop Signs	2	1	Pain Reported	NA	41.81857	-71.39916	FALSE	FALSE	Traverse Street and Rosary Access Rd, Providence, RI, USA	Med	Raw	distance greater than 100m	TRUE	41.81857	-71.39916	2015	July	Fox Point	1
2226	2015-07-22	302634	10:12:00	Pedestrian	2	NA	FALSE	FALSE	1	ROCHAMBEAU AVENUE	COLE ROAD	2015-07-22	Two-Way , Not Divided	Dry	Daylight	Clear	Other	No	Stop Signs	5	0	No Injury	2	41.83457	-71.41612	FALSE	FALSE	Rochambeau Avenue and Cole Road, Providence, RI, USA	Med	Geocoded	distance greater than 100m	TRUE	41.8457995	-71.3891825	2015	July	Blackstone	2
2224	2015-07-25	303318	18:32:00	Bicycle	NA	1	FALSE	FALSE	1	BRANCH AVE	OPPER ST	2015-07-25	Two-Way , Not Divided	Dry	Daylight	Clear	Not a Collision Between Two Motor Vehicles in Transport	No	Traffic Control Signal	2	1	Pain Reported	NA	41.85173	-71.42336	FALSE	FALSE	Branch Ave and Opper Street, Providence, RI, USA	Med High	Raw	NA	FALSE	41.85173	-71.42336	2015	July	Charles	4
2223	2015-07-26	303420	16:02:00	Pedestrian	1	NA	FALSE	FALSE	1	775 Potters Ave	HOMESTEAD AVE	2015-07-26	Two-Way , Not Divided	Dry	Daylight	Cloudy	Not a Collision Between Two Motor Vehicles in Transport	No	No Controls	7	1	Pain Reported	2	41.80416	-71.43537	TRUE	FALSE	775 Potters Ave, Providence, RI, USA	High	Raw	NA	FALSE	41.80416	-71.43537	2015	July	West End	8
2222	2015-07-28	303687	21:57:00	Bicycle	NA	1	FALSE	FALSE	2	EMPIRE ST	WASHINGTON ST	2015-07-28	Two-Way , Not Divided	Dry	Dark - Lighted	Clear	Other	No	Traffic Control Signal	3	1	Incapacitating	4	41.82178	-71.41639	FALSE	FALSE	Empire Street and Washington Street, Providence, RI, USA	Med High	Raw	NA	FALSE	41.82178	-71.41639	2015	July	Downtown	1
2219	2015-07-30	303946	13:52:00	Pedestrian	1	NA	FALSE	FALSE	1	LYNN ST	SACKETT ST	2015-07-30	Two-Way , Not Divided	Dry	Daylight	Clear	Not a Collision Between Two Motor Vehicles in Transport	Yes	No Controls	2	1	Pain Reported	2	41.79538	-71.41297	FALSE	FALSE	Lynn Street and Sackett Street, Providence, RI, USA	Med	Raw	NA	FALSE	41.79538	-71.41297	2015	July	Elmwood	9
2220	2015-07-30	303976	16:47:00	Bicycle	NA	1	FALSE	FALSE	1	BLACKSTONE BLVD	LLOYD AVE	2015-07-30	One-Way Trafficway	Dry	Daylight	Cloudy	Not a Collision Between Two Motor Vehicles in Transport	No	Stop Signs	4	1	Pain Reported	2	41.83534	-71.38462	FALSE	FALSE	Blackstone Blvd and Lloyd Ave, Providence, RI, USA	Med High	Raw	NA	FALSE	41.83534	-71.38462	2015	July	Blackstone	2
2221	2015-07-30	304042	20:07:00	Pedestrian	3	NA	FALSE	FALSE	1	SMITH ST	DANFORTH ST	2015-07-30	Two-Way , Not Divided	Wet	Dark - Lighted	Rain	Other	No	No Controls	7	2	Incapacitating	2	41.83564	-71.4267	FALSE	FALSE	Smith Street and Danforth Street, Providence, RI, USA	Med High	Raw	NA	FALSE	41.83564	-71.4267	2015	July	Smith Hill	12
2216	2015-07-31	304260	18:50:00	Bicycle	NA	1	FALSE	FALSE	1	21 FELIX ST	CHALKSTONE AVE	2015-07-31	Two-Way , Not Divided	Dry	Daylight	Clear	Not a Collision Between Two Motor Vehicles in Transport	Yes	No Controls	1	0	No Injury	NA	41.83276	-71.4279	TRUE	FALSE	21 Felix Street, Providence, RI, USA	High	Raw	NA	FALSE	41.83276	-71.4279	2015	July	Smith Hill	12
2217	2015-07-31	304271	23:17:00	Pedestrian	1	NA	FALSE	FALSE	1	MEMORIAL BLVD	FRANCIS ST	2015-08-01	Two-Way, Divided, Positive Median Barrier	Dry	Dark - Lighted	Clear	Not a Collision Between Two Motor Vehicles in Transport	No	Traffic Control Signal	5	1	Non-Incapacitating	NA	41.8259	-71.41535	FALSE	FALSE	Memorial Blvd and Francis Street, Providence, RI, USA	Med High	Raw	NA	FALSE	41.8259	-71.41535	2015	July	Downtown	12
2218	2015-07-31	304549	13:28:00	Pedestrian	1	NA	FALSE	FALSE	1	RESERVOIR AVE	ELMWOOD AVE	2015-08-02	Unknown	Dry	Daylight	Clear	Other	No	No Controls	2	1	Pain Reported	NA	41.79782	-71.42611	FALSE	FALSE	Reservoir Ave and Elmwood Ave, Providence, RI, USA	Med High	Raw	NA	FALSE	41.79782	-71.42611	2015	July	West End	9
2215	2015-08-01	304397	19:07:00	Pedestrian	1	NA	FALSE	FALSE	1	Smith St	HOLDEN ST	2015-08-01	Two-Way , Not Divided	Dry	Dusk	Clear	Not a Collision Between Two Motor Vehicles in Transport	No	No Controls	4	1	Pain Reported	2	41.83219	-71.41798	FALSE	FALSE	Smith Street and Holden Street, Providence, RI, USA	Med High	Raw	NA	FALSE	41.83219	-71.41798	2015	August	Smith Hill	12
2214	2015-08-02	304577	16:40:00	Bicycle	1	NA	FALSE	FALSE	1	Kenwood St	MESSER ST	2015-08-02	Two-Way , Not Divided	Dry	Daylight	Clear	Not a Collision Between Two Motor Vehicles in Transport	Yes	No Controls	1	0	No Injury	2	41.80992	-71.43438	FALSE	FALSE	Kenwood Street and Messer Street, Providence, RI, USA	Med High	Raw	NA	FALSE	41.80992	-71.43438	2015	August	West End	8
2212	2015-08-03	304799	18:33:00	Pedestrian	1	NA	FALSE	FALSE	1	16 BARRY ROAD	BARRY RD	2015-08-03	Two-Way , Not Divided	Dry	Daylight	Clear	Not a Collision Between Two Motor Vehicles in Transport	No	No Controls	3	1	Non-Incapacitating	NA	41.81821	-71.4504	TRUE	FALSE	16 Barry Road, Providence, RI, USA	High	Raw	NA	FALSE	41.81821	-71.4504	2015	August	Hartford	7
2210	2015-08-05	305204	16:03:00	Bicycle	NA	1	FALSE	FALSE	1	North Main St	FROST ST	2015-08-05	Two-Way, Divided, Positive Median Barrier	Dry	Daylight	Clear	Not a Collision Between Two Motor Vehicles in Transport	No	No Controls	2	1	Pain Reported	4	41.85138	-71.40235	FALSE	FALSE	North Main Street and Frost Street, Providence, RI, USA	Med	Raw	NA	FALSE	41.85138	-71.40235	2015	August	Hope	3
2211	2015-08-05	305294	15:30:00	Bicycle	NA	1	FALSE	FALSE	1	MOORE ST	UPDIKE ST	2015-08-05	Unknown	Dry	Daylight	Clear	Not a Collision Between Two Motor Vehicles in Transport	No	No Controls	3	1	Pain Reported	NA	41.80482	-71.422	FALSE	FALSE	Moore Street and Updike Street, Providence, RI, USA	Med High	Raw	NA	FALSE	41.80482	-71.422	2015	August	Elmwood	9
2209	2015-08-06	305473	20:19:00	Bicycle	NA	1	FALSE	FALSE	1	Grand St	POTTERS AVE	2015-08-06	Two-Way , Not Divided	Dry	Unknown	Clear	Not a Collision Between Two Motor Vehicles in Transport	Yes	No Controls	1	1	Pain Reported	2	41.80245	-71.4322	FALSE	FALSE	Grand Street and Potters Ave, Providence, RI, USA	Med High	Raw	NA	FALSE	41.80245	-71.4322	2015	August	West End	8
2208	2015-08-08	305839	21:31:00	Bicycle	NA	1	FALSE	FALSE	1	MANTON AVE	RUSHMORE AVE	2015-08-08	Two-Way , Not Divided	Dry	Dark - Lighted	Clear	Not a Collision Between Two Motor Vehicles in Transport	No	No Controls	2	1	Incapacitating	2	41.82576	-71.45701	FALSE	FALSE	Manton Ave and Rushmore Ave, Providence, RI, USA	Med High	Raw	NA	FALSE	41.82576	-71.45701	2015	August	Olneyville	6
2205	2015-08-10	306079	13:18:00	Pedestrian	1	NA	FALSE	FALSE	1	THAYER ST	POWER ST	2015-08-10	Two-Way, Divided, Unprotected (painted>4feet) Medium	Dry	Daylight	Clear	Not a Collision Between Two Motor Vehicles in Transport	No	No Controls	3	1	Non-Incapacitating	NA	41.82324	-71.40007	FALSE	FALSE	Thayer Street and Power Street, Providence, RI, USA	Med High	Raw	NA	FALSE	41.82324	-71.40007	2015	August	College Hill	1
2206	2015-08-10	306111	17:00:00	Pedestrian	1	NA	FALSE	FALSE	1	Nye St	ALVERSON AVE	2015-08-10	Two-Way , Not Divided	Dry	Daylight	Clear	Not a Collision Between Two Motor Vehicles in Transport	Yes	No Controls	2	1	Non-Incapacitating	NA	41.81697	-71.45941	FALSE	FALSE	Nye Street and Alverson Ave, Providence, RI, USA	Med High	Raw	NA	FALSE	41.81697	-71.45941	2015	August	Hartford	7
2207	2015-08-10	306128	19:36:00	Bicycle	NA	1	FALSE	FALSE	1	500 Cranston St	NA	2015-08-10	Two-Way , Not Divided	Dry	Dusk	Clear	Not a Collision Between Two Motor Vehicles in Transport	No	No Controls	2	0	No Injury	NA	41.80947	-71.43356	TRUE	TRUE	500 Cranston Street, Providence, RI, USA	High	Raw	NA	FALSE	41.80947	-71.43356	2015	August	West End	8
2204	2015-08-11	306246	16:48:00	Pedestrian	1	NA	FALSE	FALSE	1	ELM ST	HOSPITAL ST	2015-08-11	Two-Way , Not Divided	Wet	Daylight	Rain	Not a Collision Between Two Motor Vehicles in Transport	No	Stop Signs	3	1	Pain Reported	NA	41.81705	-71.4105	FALSE	FALSE	Elm Street and Hospital Street, Providence, RI, USA	Med	Raw	NA	FALSE	41.81705	-71.4105	2015	August	Downtown	1
2202	2015-08-12	306407	12:55:00	Pedestrian	1	NA	FALSE	FALSE	1	DORRANCE STREET	WESTMINISTER STREET	2015-08-12	Two-Way , Not Divided	Dry	Daylight	Clear	Other	No	Traffic Control Signal	3	0	No Injury	2	41.82953	-71.41802	FALSE	FALSE	Dorrance Street and Westminister Street, Providence, RI, USA	Med High	Geocoded	distance greater than 100m	TRUE	41.8236083	-71.4116693	2015	August	Downtown	1
2203	2015-08-12	306427	18:01:00	Pedestrian	1	NA	FALSE	TRUE	1	W EXCHANGE ST	EXCHANGE TER	2015-08-12	One-Way Trafficway	Dry	Daylight	Clear	Angle (Front - to - Side) Same Direction	No	No Controls	2	0	No Injury	NA	41.82484	-71.41534	FALSE	FALSE	W Exchange Street and Exchange Ter, Providence, RI, USA	Med High	Raw	NA	FALSE	41.82484	-71.41534	2015	August	Downtown	1
2199	2015-08-13	306552	16:49:00	Bicycle	NA	1	FALSE	FALSE	1	WENDELL ST	SUPERIOR ST	2015-08-13	One-Way Trafficway	Dry	Daylight	Clear	Not a Collision Between Two Motor Vehicles in Transport	Yes	No Controls	1	1	Pain Reported	NA	41.811	-71.43428	FALSE	FALSE	Wendell Street and Superior Street, Providence, RI, USA	Med High	Raw	NA	FALSE	41.811	-71.43428	2015	August	West End	8
2200	2015-08-13	306569	17:06:00	Bicycle	NA	1	FALSE	FALSE	1	CLIFFORD ST	DORRANCE ST	2015-08-13	One-Way Trafficway	Dry	Daylight	Clear	Not a Collision Between Two Motor Vehicles in Transport	No	Traffic Control Signal	4	1	Non-Incapacitating	NA	41.82153	-71.40884	FALSE	FALSE	Clifford Street and Dorrance Street, Providence, RI, USA	Med High	Raw	NA	FALSE	41.82153	-71.40884	2015	August	Downtown	1
2201	2015-08-13	306647	22:30:00	Bicycle	NA	1	FALSE	FALSE	2	1314 BROAD STREET	BROAD ST	2015-08-13	Two-Way, Divided, Unprotected (painted>4feet) Medium	Dry	Dark - Lighted	Clear	Not a Collision Between Two Motor Vehicles in Transport	No	No Controls	3	1	Pain Reported	NA	41.791	-71.40586	TRUE	FALSE	1314 Broad Street, Providence, RI, USA	High	Raw	NA	FALSE	41.791	-71.40586	2015	August	Washington Park	10
2198	2015-08-14	306806	09:28:00	Pedestrian	1	NA	FALSE	FALSE	1	MANTON AVE	PELHAM ST	2015-08-14	Two-Way, Divided, Unprotected (painted>4feet) Medium	Dry	Daylight	Clear	Not a Collision Between Two Motor Vehicles in Transport	No	No Controls	5	1	Pain Reported	NA	41.82092	-71.44779	FALSE	FALSE	Manton Ave and Pelham Street, Providence, RI, USA	Med High	Raw	NA	FALSE	41.82092	-71.44779	2015	August	Olneyville	15
2196	2015-08-16	306887	17:21:00	Bicycle	NA	1	FALSE	FALSE	1	CRANSTON ST	DEXTER ST	2015-08-16	Two-Way , Not Divided	Dry	Daylight	Clear	Not a Collision Between Two Motor Vehicles in Transport	No	Traffic Control Signal	2	1	Pain Reported	NA	41.8126	-71.42959	FALSE	FALSE	Cranston Street and Dexter Street, Providence, RI, USA	Med High	Raw	NA	FALSE	41.8126	-71.42959	2015	August	West End	11
2197	2015-08-16	306962	11:48:00	Pedestrian	1	NA	FALSE	FALSE	1	BROAD ST	FRANCIS GREEN MEMORIAL BLVD	2015-08-17	Two-Way , Not Divided	Dry	Daylight	Clear	Other	No	No Controls	3	2	Pain Reported	NA	41.79341	-71.40871	FALSE	FALSE	Broad Street and Francis Green Memorial Blvd, Providence, RI, USA	Med	Raw	distance greater than 100m	TRUE	41.79341	-71.40871	2015	August	South Elmwood	10
2195	2015-08-20	307519	17:14:00	Bicycle	NA	1	FALSE	FALSE	1	CHARLES ST	ORMS ST	2015-08-20	Two-Way , Not Divided	Dry	Daylight	Clear	Not a Collision Between Two Motor Vehicles in Transport	No	No Controls	2	1	Pain Reported	NA	41.83515	-71.41153	FALSE	FALSE	Charles Street and Orms Street, Providence, RI, USA	Med	Raw	NA	FALSE	41.83515	-71.41153	2015	August	Mount Hope	3
2194	2015-08-21	307645	15:26:00	Pedestrian	1	NA	FALSE	FALSE	1	UNION AVE	MESSER ST	2015-08-21	Two-Way , Not Divided	Dry	Daylight	Clear	Not a Collision Between Two Motor Vehicles in Transport	Yes	No Controls	1	1	Pain Reported	NA	41.81013	-71.43513	FALSE	FALSE	Union Ave and Messer Street, Providence, RI, USA	Med High	Raw	NA	FALSE	41.81013	-71.43513	2015	August	West End	13
2193	2015-08-23	307882	18:45:00	Pedestrian	1	NA	FALSE	FALSE	1	CROWNINSHIELD ST	MERINO ST	2015-08-23	Two-Way, Divided, Unprotected (painted>4feet) Medium	Dry	Daylight	Clear	Not a Collision Between Two Motor Vehicles in Transport	No	No Controls	5	1	Pain Reported	NA	41.81741	-71.45831	FALSE	FALSE	Crowninshield Street and Merino Street, Providence, RI, USA	Med High	Raw	NA	FALSE	41.81741	-71.45831	2015	August	Hartford	7
2192	2015-08-27	308601	18:03:00	Pedestrian	1	NA	FALSE	FALSE	1	Broad Street	ALDRICH ST	2015-08-27	Two-Way , Not Divided	Dry	Daylight	Clear	Angle (Front - to - Side) Same Direction	Yes	No Controls	1	1	Pain Reported	NA	41.7936	-71.40895	FALSE	FALSE	Broad Street and Aldrich Street, Providence, RI, USA	Med	Raw	NA	FALSE	41.7936	-71.40895	2015	August	South Elmwood	10
2190	2015-08-29	308903	12:18:00	Pedestrian	1	NA	FALSE	FALSE	1	1215 N. MAIN STREET	7TH ST	2015-08-29	Two-Way, Divided, Positive Median Barrier	Dry	Daylight	Clear	Not a Collision Between Two Motor Vehicles in Transport	No	Traffic Control Signal	5	1	Pain Reported	2	41.85336	-71.40101	TRUE	FALSE	1215 N. Main Street, Providence, RI, USA	High	Raw	NA	FALSE	41.85336	-71.40101	2015	August	Hope	3
2191	2015-08-29	308978	20:39:00	Bicycle	NA	1	FALSE	FALSE	1	Cranston St	DODGE ST	2015-08-29	Two-Way , Not Divided	Unknown	Dark - Lighted	Clear	Unknown	Yes	Unknown	1	1	Pain Reported	NA	41.81439	-71.42613	FALSE	FALSE	Cranston Street and Dodge Street, Providence, RI, USA	Med High	Raw	NA	FALSE	41.81439	-71.42613	2015	August	West End	11
2188	2015-09-02	309691	14:41:00	Pedestrian	1	NA	FALSE	FALSE	1	VALLEY ST	EAGLE ST	2015-09-02	Two-Way, Divided, Unprotected (painted>4feet) Medium	Dry	Daylight	Clear	Not a Collision Between Two Motor Vehicles in Transport	No	Traffic Control Signal	4	2	Pain Reported	NA	41.82741	-71.4364	FALSE	FALSE	Valley Street and Eagle Street, Providence, RI, USA	Med High	Raw	NA	FALSE	41.82741	-71.4364	2015	September	Valley	12
2189	2015-09-02	309725	20:22:00	Pedestrian	2	NA	FALSE	FALSE	1	Francis St	Memorial Blvd	2015-09-03	Two-Way , Not Divided	Dry	Dark - Lighted	Clear	Not a Collision Between Two Motor Vehicles in Transport	No	Traffic Control Signal	4	2	Pain Reported	NA	41.82616	-71.41545	FALSE	FALSE	Francis Street and Memorial Blvd, Providence, RI, USA	Med	Raw	NA	FALSE	41.82616	-71.41545	2015	September	Downtown	12