row_number	crash_date	crash_report_id	crash_time	collision_type	count_pedestrian	count_bicycle	scooter	wheel_chair	number_of_vehicles	street_or_highway	nearest_intersection	report_date	type_of_roadway	road_surface_condition	light_condition	weather_condition	manner_of_impact	hit_and_run	traffic_control	person_count	injury_count	most_serious_injury	number_of_lanes	lat_raw	lon_raw	has_st_number	is_intersection_null	address_sent_to_geocoder	api_coord_conf	best_coordinate_set	reason_for_qa	manually_qaed_record	final_lat	final_lon	year	month	pvd_nhood	pvd_wards
2184	2015-09-04	310057	13:40:00	Pedestrian	1	NA	FALSE	FALSE	1	462 MANTON AVE	SISSON ST	2015-09-04	Two-Way , Not Divided	Dry	Daylight	Clear	Not a Collision Between Two Motor Vehicles in Transport	No	No Controls	2	1	Pain Reported	2	41.82552	-71.45564	TRUE	FALSE	462 Manton Ave, Providence, RI, USA	High	Raw	NA	FALSE	41.82552	-71.45564	2015	September	Olneyville	6
2185	2015-09-04	310144	17:20:00	Pedestrian	1	NA	FALSE	FALSE	1	100 Broad St	FENNER ST	2015-09-04	Two-Way , Not Divided	Dry	Daylight	Clear	Not a Collision Between Two Motor Vehicles in Transport	No	No Controls	4	1	Pain Reported	2	41.81826	-71.41598	TRUE	FALSE	100 Broad Street, Providence, RI, USA	High	Raw	NA	FALSE	41.81826	-71.41598	2015	September	Downtown	1
2186	2015-09-04	310158	19:01:00	Bicycle	NA	1	FALSE	FALSE	1	WESTMINSTER ST	ABORN ST	2015-09-04	One-Way Trafficway	Dry	Daylight	Clear	Not a Collision Between Two Motor Vehicles in Transport	No	No Controls	3	1	Pain Reported	NA	41.82127	-71.41489	FALSE	FALSE	Westminster Street and Aborn Street, Providence, RI, USA	Med High	Raw	NA	FALSE	41.82127	-71.41489	2015	September	Downtown	1
2187	2015-09-04	314312	12:18:00	Bicycle	NA	1	FALSE	FALSE	1	CHARLES ST	ORMS ST	2015-09-21	Two-Way, Divided, Positive Median Barrier	Dry	Daylight	Clear	Not a Collision Between Two Motor Vehicles in Transport	No	Traffic Control Signal	2	1	Pain Reported	NA	41.83492	-71.41147	FALSE	FALSE	Charles Street and Orms Street, Providence, RI, USA	Med	Raw	NA	FALSE	41.83492	-71.41147	2015	September	Downtown	3
2183	2015-09-06	310918	12:15:00	Pedestrian	1	NA	FALSE	FALSE	1	BORDEN ST	Eddy St	2015-09-08	One-Way Trafficway	Dry	Daylight	Clear	Other	No	No Controls	2	1	Pain Reported	2	41.81342	-71.4084	FALSE	FALSE	Borden Street and Eddy Street, Providence, RI, USA	Med High	Geocoded	distance greater than 100m	TRUE	41.8121992	-71.4070223	2015	September	Upper South Providence	11
2182	2015-09-07	310769	16:23:00	Pedestrian	1	NA	FALSE	FALSE	1	100 Francis Street	GASPEE ST	2015-09-07	Two-Way , Not Divided	Dry	Daylight	Clear	Head-On (Front - to - Front)	Yes	No Controls	3	1	Pain Reported	NA	41.82875	-71.41534	TRUE	FALSE	100 Francis Street, Providence, RI, USA	High	Raw	distance greater than 100m	TRUE	41.82875	-71.41534	2015	September	Downtown	12
2180	2015-09-08	310982	16:30:00	Pedestrian	1	NA	FALSE	FALSE	1	386 Broad Street	BROAD ST	2015-09-08	Two-Way, Divided, Positive Median Barrier	Dry	Daylight	Clear	Not a Collision Between Two Motor Vehicles in Transport	No	No Controls	2	1	Pain Reported	NA	41.81339	-71.42161	TRUE	FALSE	386 Broad Street, Providence, RI, USA	High	Raw	NA	FALSE	41.81339	-71.42161	2015	September	West End	11
2181	2015-09-08	311076	20:46:00	Pedestrian	1	NA	FALSE	FALSE	1	ELMWOOD AVE	RUTLAND ST	2015-09-09	Two-Way, Divided, Unprotected (painted>4feet) Medium	Dry	Dark - Lighted	Clear	Other	No	No Controls	2	1	Pain Reported	2	41.799	-71.4264	FALSE	FALSE	Elmwood Ave and Rutland Street, Providence, RI, USA	Med High	Raw	NA	FALSE	41.799	-71.4264	2015	September	West End	9
2179	2015-09-09	311291	18:09:00	Pedestrian	1	NA	FALSE	FALSE	1	342 orms st	ESTEN ST	2015-09-09	Two-Way , Not Divided	Dry	Daylight	Clear	Other	No	No Controls	8	1	Pain Reported	NA	41.83353	-71.42355	TRUE	FALSE	342 Orms Street, Providence, RI, USA	High	Raw	NA	FALSE	41.83353	-71.42355	2015	September	Smith Hill	12
2176	2015-09-10	311396	13:29:00	Bicycle	NA	1	FALSE	FALSE	1	SILVER SPRING STREET	NA	2015-09-10	Two-Way , Not Divided	Dry	Daylight	Clear	Other	No	Stop Signs	2	1	Non-Incapacitating	2	41.83396	-71.41663	FALSE	TRUE	Silver Spring Street, Providence, RI, USA	Inaccurate	Geocoded	distance greater than 100m	TRUE	41.8503204	-71.4133985	2015	September	Charles	4
2177	2015-09-10	311526	20:23:00	Bicycle	NA	1	FALSE	FALSE	2	252 Thayer St	Olive St	2015-09-10	One-Way Trafficway	Wet	Daylight	Clear	Not a Collision Between Two Motor Vehicles in Transport	No	Pavement Markings	3	1	Pain Reported	1	41.8287	-71.40073	TRUE	FALSE	252 Thayer Street, Providence, RI, USA	High	Raw	NA	FALSE	41.8287	-71.40073	2015	September	College Hill	2
2178	2015-09-10	313461	12:41:00	Pedestrian	1	NA	FALSE	FALSE	1	WESTMINSTER ST	DEXTER ST	2015-09-17	Two-Way , Not Divided	Dry	Dawn	Clear	Other	No	No Controls	3	1	Pain Reported	NA	41.81658	-71.4314	FALSE	FALSE	Westminster Street and Dexter Street, Providence, RI, USA	Med High	Raw	NA	FALSE	41.81658	-71.4314	2015	September	West End	13
2174	2015-09-11	311688	13:31:00	Bicycle	NA	1	FALSE	FALSE	1	WESTMINSTER ST	BATTEY ST	2015-09-11	Two-Way, Divided, Unprotected (painted>4feet) Medium	Dry	Daylight	Clear	Angle (Front - to - Side) Same Direction	No	Stop Signs	2	1	Pain Reported	2	41.81724	-71.42464	FALSE	FALSE	Westminster Street and Battey Street, Providence, RI, USA	Med High	Raw	NA	FALSE	41.81724	-71.42464	2015	September	West End	13
2175	2015-09-11	311838	19:52:00	Pedestrian	1	NA	FALSE	FALSE	1	460 ALLENS AVE	NA	2015-09-11	Two-Way , Not Divided	Dry	Dark - Not Lighted	Clear	Not a Collision Between Two Motor Vehicles in Transport	No	No Controls	7	1	Incapacitating	4	41.80107	-71.40055	TRUE	TRUE	460 Allens Ave, Providence, RI, USA	High	Raw	NA	FALSE	41.80107	-71.40055	2015	September	Lower South Providence	10
2173	2015-09-12	311904	12:41:00	Pedestrian	1	NA	FALSE	FALSE	1	Manton Avenue	ATWELLS AVE	2015-09-12	Two-Way, Divided, Unprotected (painted>4feet) Medium	Dry	Daylight	Clear	Head-On (Front - to - Front)	No	Traffic Control Signal	3	1	Incapacitating	NA	41.82537	-71.45464	FALSE	FALSE	Manton Avenue and Atwells Ave, Providence, RI, USA	Med High	Raw	NA	FALSE	41.82537	-71.45464	2015	September	Olneyville	6
2172	2015-09-13	312047	00:28:00	Pedestrian	1	NA	FALSE	FALSE	1	BRANCH AVE	CHARLES ST	2015-09-13	Two-Way , Not Divided	Wet	Dark - Lighted	Rain	Not a Collision Between Two Motor Vehicles in Transport	Yes	No Controls	1	1	Pain Reported	NA	41.85024	-71.41993	FALSE	FALSE	Branch Ave and Charles Street, Providence, RI, USA	Med High	Raw	NA	FALSE	41.85024	-71.41993	2015	September	Charles	4
2171	2015-09-14	312651	10:02:00	Bicycle	NA	1	FALSE	FALSE	1	Thayer St	WATERMAN ST	2015-09-14	One-Way Trafficway	Dry	Daylight	Clear	Not a Collision Between Two Motor Vehicles in Transport	No	Traffic Control Signal	2	0	No Injury	1	41.82734	-71.40055	FALSE	FALSE	Thayer Street and Waterman Street, Providence, RI, USA	Med High	Raw	NA	FALSE	41.82734	-71.40055	2015	September	College Hill	2
2169	2015-09-15	312833	00:32:00	Bicycle	NA	1	FALSE	FALSE	1	TELL ST	KNIGHT ST	2015-09-15	Two-Way , Not Divided	Dry	Dark - Lighted	Clear	Other	No	Stop Signs	3	1	Pain Reported	2	41.82215	-71.43137	FALSE	FALSE	Tell Street and Knight Street, Providence, RI, USA	Med High	Raw	NA	FALSE	41.82215	-71.43137	2015	September	Federal Hill	13
2170	2015-09-15	312873	08:15:00	Bicycle	NA	1	FALSE	FALSE	1	BUCKLIN STREET	CARTER STREET	2015-09-15	Two-Way , Not Divided	Dry	Daylight	Clear	Other	No	Stop Signs	2	1	Pain Reported	2	41.83616	-71.41597	FALSE	FALSE	Bucklin Street and Carter Street, Providence, RI, USA	Med High	Geocoded	distance greater than 100m	TRUE	41.8000388	-71.427925	2015	September	West End	9
2168	2015-09-16	313267	17:29:00	Pedestrian	2	NA	FALSE	FALSE	1	Broadway	COURTLAND ST	2015-09-16	Two-Way , Not Divided	Dry	Daylight	Clear	Not a Collision Between Two Motor Vehicles in Transport	No	Pavement Markings	4	1	Pain Reported	2	41.81937	-71.43119	FALSE	FALSE	Broadway and Courtland Street, Providence, RI, USA	Med	Raw	NA	FALSE	41.81937	-71.43119	2015	September	Federal Hill	13
2167	2015-09-17	313497	15:40:00	Bicycle	NA	1	FALSE	FALSE	1	POWER ST	GOVERNOR ST	2015-09-17	Two-Way , Not Divided	Dry	Daylight	Clear	Not a Collision Between Two Motor Vehicles in Transport	No	Stop Signs	3	1	Pain Reported	2	41.82353	-71.39414	FALSE	FALSE	Power Street and Governor Street, Providence, RI, USA	Med High	Raw	NA	FALSE	41.82353	-71.39414	2015	September	College Hill	1
2165	2015-09-18	313849	15:30:00	Bicycle	NA	1	FALSE	FALSE	3	Charles St	CHRISTOPHER ST	2015-09-18	Two-Way , Not Divided	Dry	Daylight	Clear	Not a Collision Between Two Motor Vehicles in Transport	No	Stop Signs	5	2	Pain Reported	2	41.85861	-71.4216	FALSE	FALSE	Charles Street and Christopher Street, Providence, RI, USA	Med	Raw	NA	FALSE	41.85861	-71.4216	2015	September	Charles	4
2166	2015-09-18	313852	17:36:00	Pedestrian	1	NA	FALSE	FALSE	1	99 Kennedy Plaza	ARCADE ST	2015-09-18	Two-Way , Not Divided	Dry	Daylight	Clear	Not a Collision Between Two Motor Vehicles in Transport	No	No Controls	3	1	Pain Reported	2	41.82449	-71.41189	TRUE	FALSE	99 Kennedy Plaza, Providence, RI, USA	High	Raw	NA	FALSE	41.82449	-71.41189	2015	September	Downtown	1
2163	2015-09-19	314132	18:17:00	Bicycle	NA	1	FALSE	FALSE	1	WESTMINSTER ST	DEXTER ST	2015-09-19	Two-Way , Not Divided	Dry	Daylight	Clear	Not a Collision Between Two Motor Vehicles in Transport	No	No Controls	2	1	Pain Reported	2	41.81661	-71.43111	FALSE	FALSE	Westminster Street and Dexter Street, Providence, RI, USA	Med High	Raw	NA	FALSE	41.81661	-71.43111	2015	September	West End	13
2164	2015-09-19	314627	17:10:00	Pedestrian	1	NA	FALSE	FALSE	1	PLYMOUTH ST	POTTERS AVE	2015-09-22	Two-Way , Not Divided	Dry	Daylight	Clear	Angle (Front - to - Side) Opposite Direction	Yes	No Controls	1	1	Pain Reported	2	41.80271	-71.43123	FALSE	FALSE	Plymouth Street and Potters Ave, Providence, RI, USA	Med High	Raw	NA	FALSE	41.80271	-71.43123	2015	September	West End	8
2162	2015-09-22	319683	12:05:00	Pedestrian	1	NA	FALSE	FALSE	1	CRANSTON ST	DEXTER ST	2015-10-11	Two-Way , Not Divided	Dry	Daylight	Clear	Not a Collision Between Two Motor Vehicles in Transport	Yes	No Controls	1	0	No Injury	NA	41.8126	-71.42959	FALSE	FALSE	Cranston Street and Dexter Street, Providence, RI, USA	Med High	Raw	NA	FALSE	41.8126	-71.42959	2015	September	West End	11
2161	2015-09-24	315548	19:04:00	Bicycle	NA	1	FALSE	FALSE	1	SPRAGUE ST	DEXTER ST	2015-09-24	Two-Way , Not Divided	Dry	Dark - Lighted	Clear	Not a Collision Between Two Motor Vehicles in Transport	No	Stop Signs	2	1	Pain Reported	2	41.80974	-71.42832	FALSE	FALSE	Sprague Street and Dexter Street, Providence, RI, USA	Med High	Raw	NA	FALSE	41.80974	-71.42832	2015	September	West End	11
2158	2015-09-25	315598	07:59:00	Bicycle	NA	1	FALSE	FALSE	1	DEXTER ST	POTTERS AVE	2015-09-25	Two-Way, Divided, Unprotected (painted>4feet) Medium	Dry	Daylight	Clear	Other	No	No Controls	2	1	Incapacitating	NA	41.80249	-71.43059	FALSE	FALSE	Dexter Street and Potters Ave, Providence, RI, USA	Med High	Raw	NA	FALSE	41.80249	-71.43059	2015	September	West End	8
2159	2015-09-25	315705	15:42:00	Pedestrian	1	NA	FALSE	FALSE	1	S WATER ST	BRIDGE ST	2015-09-25	Two-Way , Not Divided	Dry	Daylight	Clear	Not a Collision Between Two Motor Vehicles in Transport	Yes	No Controls	7	1	Pain Reported	2	41.81863	-71.40169	FALSE	FALSE	S Water Street and Bridge Street, Providence, RI, USA	Med	Raw	distance greater than 100m	TRUE	41.81863	-71.40169	2015	September	Fox Point	1
2160	2015-09-25	315774	19:10:00	Pedestrian	1	NA	FALSE	FALSE	1	CORINTH ST	SAVINGS ST	2015-09-25	Two-Way , Not Divided	Dry	Dark - Lighted	Clear	Not a Collision Between Two Motor Vehicles in Transport	No	No Controls	2	1	Pain Reported	NA	41.79398	-71.41219	FALSE	FALSE	Corinth Street and Savings Street, Providence, RI, USA	Med High	Raw	NA	FALSE	41.79398	-71.41219	2015	September	Elmwood	9
2157	2015-09-26	316285	22:33:00	Pedestrian	1	NA	FALSE	FALSE	1	Broad St	Parkview Ave	2015-09-27	Two-Way , Not Divided	Dry	Dark - Lighted	Clear	Not a Collision Between Two Motor Vehicles in Transport	No	No Controls	2	1	Pain Reported	NA	41.79193	-71.40688	FALSE	FALSE	Broad Street and Parkview Ave, Providence, RI, USA	Med	Raw	NA	FALSE	41.79193	-71.40688	2015	September	Washington Park	10
2155	2015-09-29	316770	12:33:00	Pedestrian	1	NA	FALSE	FALSE	1	69 EMPIRE STREET	WESTMINISTER STREET	2015-09-29	Two-Way , Not Divided	Dry	Daylight	Clear	Other	No	No Controls	2	1	Pain Reported	2	41.83349	-71.41682	TRUE	FALSE	69 Empire Street, Providence, RI, USA	High	Geocoded	distance greater than 100m	TRUE	41.821258	-71.4153255	2015	September	Downtown	1
2156	2015-09-29	316908	17:53:00	Bicycle	NA	1	FALSE	FALSE	1	CHARLES ST	ORMS ST	2015-09-29	Two-Way , Not Divided	Dry	Daylight	Clear	Not a Collision Between Two Motor Vehicles in Transport	No	No Controls	2	0	No Injury	NA	41.83499	-71.41149	FALSE	FALSE	Charles Street and Orms Street, Providence, RI, USA	Med	Raw	NA	FALSE	41.83499	-71.41149	2015	September	Mount Hope	3
2154	2015-09-30	317024	07:57:00	Pedestrian	1	NA	FALSE	FALSE	1	KEENE ST	HOPE ST	2015-09-30	Two-Way , Not Divided	Wet	Daylight	Rain	Angle (Front - to - Side) Right Angle (Includes Broadside)	No	No Controls	2	1	Pain Reported	NA	41.83225	-71.40036	FALSE	FALSE	Keene Street and Hope Street, Providence, RI, USA	Med High	Raw	NA	FALSE	41.83225	-71.40036	2015	September	College Hill	2
2153	2015-10-02	317656	07:59:00	Bicycle	NA	1	FALSE	FALSE	1	CHALKSTONE AVE	ACADEMY AVE	2015-10-02	Two-Way, Divided, Unprotected (painted>4feet) Medium	Wet	Daylight	Sleet, Hail (Freezing Rain or Drizzle)	Head-On (Front - to - Front)	No	Traffic Control Signal	5	1	Non-Incapacitating	NA	41.83245	-71.44453	FALSE	FALSE	Chalkstone Ave and Academy Ave, Providence, RI, USA	Med High	Raw	NA	FALSE	41.83245	-71.44453	2015	October	Mount Pleasant	5
2152	2015-10-04	318291	02:00:00	Pedestrian	1	NA	FALSE	FALSE	1	Atwells ave	EUTAW ST	2015-10-04	Two-Way , Not Divided	Dry	Dark - Lighted	Clear	Not a Collision Between Two Motor Vehicles in Transport	Yes	No Controls	5	1	Non-Incapacitating	NA	41.82354	-71.42619	FALSE	FALSE	Atwells Ave and Eutaw Street, Providence, RI, USA	Med High	Raw	NA	FALSE	41.82354	-71.42619	2015	October	Federal Hill	13
2151	2015-10-05	318450	00:43:00	Pedestrian	1	NA	FALSE	FALSE	1	58 Prudence Ave	SILVER LAKE AVE	2015-10-05	Two-Way , Not Divided	Dry	Dark - Lighted	Clear	Not a Collision Between Two Motor Vehicles in Transport	No	No Controls	3	1	Pain Reported	NA	41.80712	-71.46165	TRUE	FALSE	58 Prudence Ave, Providence, RI, USA	High	Raw	NA	FALSE	41.80712	-71.46165	2015	October	Silver Lake	7
2149	2015-10-09	319378	18:53:00	Pedestrian	1	NA	FALSE	FALSE	1	HARTFORD AVE	HARTFORD AVE	2015-10-09	Two-Way, Divided, Unprotected (painted>4feet) Medium	Wet	Dark - Lighted	Rain	Not a Collision Between Two Motor Vehicles in Transport	No	No Controls	3	1	Pain Reported	NA	41.81742	-71.4515	FALSE	FALSE	Hartford Ave and Hartford Ave, Providence, RI, USA	Med	Raw	distance greater than 100m	TRUE	41.81742	-71.4515	2015	October	Hartford	7
2150	2015-10-09	319423	21:08:00	Pedestrian	1	NA	FALSE	FALSE	1	WARRINGTON ST	BROAD STREET	2015-10-09	Two-Way , Not Divided	Wet	Dark - Lighted	Cloudy	Not a Collision Between Two Motor Vehicles in Transport	No	No Controls	3	1	Pain Reported	NA	41.79667	-71.41277	FALSE	FALSE	Warrington Street and Broad Street, Providence, RI, USA	Med High	Raw	NA	FALSE	41.79667	-71.41277	2015	October	Elmwood	9
2148	2015-10-10	368053	21:20:00	Pedestrian	1	NA	FALSE	FALSE	1	ADELAIDE AVE	BROAD ST	2015-10-11	Unknown	Dry	Dark - Lighted	Clear	Not a Collision Between Two Motor Vehicles in Transport	Yes	No Controls	1	1	Pain Reported	NA	41.79885	-71.41547	FALSE	FALSE	Adelaide Ave and Broad Street, Providence, RI, USA	Med High	Raw	NA	FALSE	41.79885	-71.41547	2015	October	Elmwood	9
2147	2015-10-13	320485	16:07:00	Bicycle	NA	1	FALSE	FALSE	1	STATE ST	EXIT 23	2015-10-13	Two-Way , Not Divided	Dry	Daylight	Clear	Not a Collision Between Two Motor Vehicles in Transport	No	Traffic Control Signal	3	1	Pain Reported	3	41.83478	-71.41433	FALSE	FALSE	State Street and Exit 23, Providence, RI, USA	Med	Raw	distance greater than 100m	TRUE	41.83478	-71.41433	2015	October	Downtown	12
2146	2015-10-15	368056	16:37:00	Pedestrian	1	NA	FALSE	FALSE	1	Bridgham St	NA	2015-10-18	Two-Way , Not Divided	Dry	Daylight	Clear	Not a Collision Between Two Motor Vehicles in Transport	Yes	No Controls	1	1	Pain Reported	NA	41.81275	-71.42455	FALSE	TRUE	Bridgham Street, Providence, RI, USA	Inaccurate	Raw	distance greater than 100m	TRUE	41.81275	-71.42455	2015	October	West End	11
2145	2015-10-16	321222	11:14:00	Bicycle	NA	1	FALSE	FALSE	1	GEORGE ST	THAYER ST	2015-10-16	Two-Way , Not Divided	Dry	Daylight	Clear	Not a Collision Between Two Motor Vehicles in Transport	No	No Controls	3	0	No Injury	NA	41.82546	-71.40136	FALSE	FALSE	George Street and Thayer Street, Providence, RI, USA	Med	Raw	NA	FALSE	41.82546	-71.40136	2015	October	College Hill	2
2143	2015-10-17	321461	12:04:00	Bicycle	NA	1	FALSE	FALSE	1	CAMP ST	DOYLE AVE	2015-10-17	Two-Way , Not Divided	Dry	Daylight	Clear	Not a Collision Between Two Motor Vehicles in Transport	No	Stop Signs	2	0	No Injury	NA	41.8388	-71.40419	FALSE	FALSE	Camp Street and Doyle Ave, Providence, RI, USA	Med High	Raw	NA	FALSE	41.8388	-71.40419	2015	October	Mount Hope	3
2144	2015-10-17	321536	17:21:00	Bicycle	NA	1	FALSE	FALSE	1	Washington St	WINTER ST	2015-10-17	Two-Way , Not Divided	Dry	Daylight	Clear	Not a Collision Between Two Motor Vehicles in Transport	No	Stop Signs	4	1	Pain Reported	2	41.81809	-71.4225	FALSE	FALSE	Washington Street and Winter Street, Providence, RI, USA	Med	Raw	NA	FALSE	41.81809	-71.4225	2015	October	Federal Hill	13
2141	2015-10-19	322977	09:33:00	Pedestrian	1	NA	FALSE	FALSE	1	DEAN ST	KINSLEY AVE	2015-10-19	Two-Way, Divided, Positive Median Barrier	Dry	Daylight	Clear	Not a Collision Between Two Motor Vehicles in Transport	No	No Controls	3	1	Pain Reported	4	41.82884	-71.42646	FALSE	FALSE	Dean Street and Kinsley Ave, Providence, RI, USA	Med High	Raw	NA	FALSE	41.82884	-71.42646	2015	October	Smith Hill	13
2142	2015-10-19	324195	18:55:00	Pedestrian	2	NA	FALSE	FALSE	1	WESTMINSTER ST	MATHEWSON ST	2015-10-19	One-Way Trafficway	Dry	Dark - Lighted	Clear	Other	No	No Controls	3	1	Pain Reported	NA	41.82217	-71.41364	FALSE	FALSE	Westminster Street and Mathewson Street, Providence, RI, USA	Med High	Raw	NA	FALSE	41.82217	-71.41364	2015	October	Downtown	1
2139	2015-10-20	322653	09:15:00	Pedestrian	1	NA	FALSE	FALSE	1	SILVER SPRING ST	BRANCH AVE	2015-10-20	Two-Way , Not Divided	Dry	Daylight	Clear	Not a Collision Between Two Motor Vehicles in Transport	No	Traffic Control Signal	2	0	No Injury	NA	41.84782	-71.41474	FALSE	FALSE	Silver Spring Street and Branch Ave, Providence, RI, USA	Med High	Raw	NA	FALSE	41.84782	-71.41474	2015	October	Charles	4
2140	2015-10-20	322836	19:07:00	Pedestrian	1	NA	FALSE	FALSE	1	CAROLINA AVE	ALLENS AVE	2015-10-20	Two-Way , Not Divided	Dry	Other	Clear	Other	No	No Controls	2	1	Non-Incapacitating	2	41.79169	-71.39623	FALSE	FALSE	Carolina Ave and Allens Ave, Providence, RI, USA	Med High	Raw	NA	FALSE	41.79169	-71.39623	2015	October	Washington Park	10
2137	2015-10-21	323390	19:57:00	Bicycle	NA	1	FALSE	FALSE	1	LIBRARY COURT	WESTMINSTER ST	2015-10-21	Two-Way , Not Divided	Dry	Dark - Lighted	Clear	Angle - Direction Not Specified	No	Traffic Control Signal	3	1	Pain Reported	2	41.81668	-71.44355	FALSE	FALSE	Library Court and Westminster Street, Providence, RI, USA	Med High	Raw	NA	FALSE	41.81668	-71.44355	2015	October	Olneyville	15
2138	2015-10-21	323454	22:13:00	Pedestrian	1	NA	FALSE	FALSE	1	MEMORIAL BLVD	WASHINGTON ST	2015-10-22	Two-Way, Divided, Positive Median Barrier	Dry	Dark - Lighted	Cloudy	Other	No	Traffic Control Signal	6	1	Non-Incapacitating	4	41.82627	-71.41006	FALSE	FALSE	Memorial Blvd and Washington Street, Providence, RI, USA	Med High	Raw	NA	FALSE	41.82627	-71.41006	2015	October	Downtown	1
2136	2015-10-26	325752	19:10:00	Pedestrian	1	NA	FALSE	FALSE	1	38 LANCASHIRE ST	GLASGOW ST	2015-10-26	Two-Way , Not Divided	Dry	Dark - Lighted	Clear	Unknown	Yes	No Controls	1	1	Pain Reported	NA	41.84971	-71.43102	TRUE	FALSE	38 Lancashire Street, Providence, RI, USA	High	Raw	NA	FALSE	41.84971	-71.43102	2015	October	Wanskuck	14
2133	2015-10-28	326227	00:51:00	Pedestrian	1	NA	FALSE	FALSE	1	STATE HWY 146	I 95	2015-10-28	Two-Way, Divided, Positive Median Barrier	Dry	Dark - Lighted	Clear	Not a Collision Between Two Motor Vehicles in Transport	Yes	No Controls	4	1	Pain Reported	2	41.83688	-71.41572	FALSE	FALSE	State Hwy 146 and I 95, Providence, RI, USA	Med	Raw	distance greater than 100m	TRUE	41.83688	-71.41572	2015	October	Smith Hill	4
2134	2015-10-28	326320	11:38:00	Pedestrian	1	NA	FALSE	FALSE	1	Chalkstone Ave	ACADEMY Ave	2015-10-28	Two-Way , Not Divided	Dry	Daylight	Clear	Not a Collision Between Two Motor Vehicles in Transport	Yes	Traffic Control Signal	1	1	Pain Reported	2	41.83245	-71.44453	FALSE	FALSE	Chalkstone Ave and Academy Ave, Providence, RI, USA	Med High	Raw	NA	FALSE	41.83245	-71.44453	2015	October	Mount Pleasant	5
2135	2015-10-28	326550	21:03:00	Pedestrian	1	NA	FALSE	FALSE	1	ADMIRAL ST	DOUGLAS AVE	2015-10-28	Two-Way , Not Divided	Wet	Dark - Lighted	Rain	Not a Collision Between Two Motor Vehicles in Transport	No	Traffic Control Signal	3	1	Pain Reported	NA	41.84605	-71.429	FALSE	FALSE	Admiral Street and Douglas Ave, Providence, RI, USA	Med High	Raw	NA	FALSE	41.84605	-71.429	2015	October	Wanskuck	14
2132	2015-10-29	326998	18:09:00	Pedestrian	1	NA	FALSE	FALSE	1	N MAIN ST	N MAIN ST	2015-10-29	Two-Way , Not Divided	Dry	Dark - Lighted	Clear	Not a Collision Between Two Motor Vehicles in Transport	Yes	No Controls	1	1	Non-Incapacitating	NA	41.83924	-71.40903	FALSE	FALSE	N Main Street and N Main Street, Providence, RI, USA	Med	Raw	distance greater than 100m	TRUE	41.83924	-71.40903	2015	October	Mount Hope	3
2130	2015-10-30	327090	08:39:00	Pedestrian	2	NA	FALSE	FALSE	1	CRANSTON ST	BRIDGHAM ST	2015-10-30	Two-Way, Divided, Unprotected (painted>4feet) Medium	Dry	Daylight	Clear	Not a Collision Between Two Motor Vehicles in Transport	No	Traffic Control Signal	5	2	Pain Reported	NA	41.81396	-71.42694	FALSE	FALSE	Cranston Street and Bridgham Street, Providence, RI, USA	Med High	Raw	NA	FALSE	41.81396	-71.42694	2015	October	West End	13
2131	2015-10-30	327156	13:34:00	Bicycle	NA	1	FALSE	FALSE	1	Broadway	KNIGHT ST	2015-10-30	Two-Way , Not Divided	Dry	Daylight	Clear	Not a Collision Between Two Motor Vehicles in Transport	Yes	Traffic Control Signal	2	1	Pain Reported	2	41.8198	-71.42936	FALSE	FALSE	Broadway and Knight Street, Providence, RI, USA	Med	Raw	NA	FALSE	41.8198	-71.42936	2015	October	Federal Hill	13
2128	2015-10-31	327416	14:08:00	Pedestrian	1	NA	FALSE	FALSE	1	10 LEAH ST	ATWELLS AVE	2015-10-31	Two-Way , Not Divided	Dry	Daylight	Clear	Not a Collision Between Two Motor Vehicles in Transport	No	No Controls	3	1	Pain Reported	2	41.82559	-71.45148	TRUE	FALSE	10 Leah Street, Providence, RI, USA	High	Raw	NA	FALSE	41.82559	-71.45148	2015	October	Mount Pleasant	6
2129	2015-10-31	327547	22:01:00	Bicycle	NA	1	FALSE	FALSE	1	GORDON AVE	OXFORD ST	2015-10-31	Two-Way , Not Divided	Dry	Dark - Lighted	Clear	Not a Collision Between Two Motor Vehicles in Transport	Yes	No Controls	1	1	Non-Incapacitating	2	41.80116	-71.41466	FALSE	FALSE	Gordon Ave and Oxford Street, Providence, RI, USA	Med High	Raw	NA	FALSE	41.80116	-71.41466	2015	October	Lower South Providence	10
2127	2015-11-02	328278	21:32:00	Pedestrian	1	NA	FALSE	FALSE	1	295 ACADEMY AVE	CHALKSTONE AVE	2015-11-02	Two-Way , Not Divided	Dry	Dark - Lighted	Clear	Other	No	No Controls	3	0	No Injury	NA	41.83277	-71.44449	TRUE	FALSE	295 Academy Ave, Providence, RI, USA	High	Raw	NA	FALSE	41.83277	-71.44449	2015	November	Mount Pleasant	5
2125	2015-11-03	328418	08:19:00	Pedestrian	1	NA	FALSE	FALSE	1	1481 BROAD ST	FRICKER ST	2015-11-03	One-Way Trafficway	Dry	Daylight	Clear	Head-On (Front - to - Front)	No	No Controls	2	1	Pain Reported	NA	41.81528	-71.42066	TRUE	FALSE	1481 Broad Street, Providence, RI, USA	High	Raw	distance greater than 100m	TRUE	41.81528	-71.42066	2015	November	West End	11