row_number	crash_date	crash_report_id	crash_time	collision_type	count_pedestrian	count_bicycle	scooter	wheel_chair	number_of_vehicles	street_or_highway	nearest_intersection	report_date	type_of_roadway	road_surface_condition	light_condition	weather_condition	manner_of_impact	hit_and_run	traffic_control	person_count	injury_count	most_serious_injury	number_of_lanes	lat_raw	lon_raw	has_st_number	is_intersection_null	address_sent_to_geocoder	api_coord_conf	best_coordinate_set	reason_for_qa	manually_qaed_record	final_lat	final_lon	year	month	pvd_nhood	pvd_wards
1821	2016-10-11	469430	13:47:00	Pedestrian	1	NA	FALSE	FALSE	1	250 Benefit St	HOPKINS ST	2016-10-11	Two-Way , Not Divided	Dry	Daylight	Clear	Not a Collision Between Two Motor Vehicles in Transport	No	No Controls	3	1	Pain Reported	2	41.82566	-71.4066	TRUE	FALSE	250 Benefit Street, Providence, RI, USA	High	Raw	NA	FALSE	41.82566	-71.4066	2016	October	College Hill	2
1817	2016-10-12	469831	12:36:00	Pedestrian	1	NA	FALSE	FALSE	1	BROAD STREET	BROAD ST	2016-10-12	Two-Way , Not Divided	Dry	Daylight	Clear	Not a Collision Between Two Motor Vehicles in Transport	No	Stop Signs	6	1	Pain Reported	NA	41.7969	-71.41305	FALSE	FALSE	Broad Street and Broad Street, Providence, RI, USA	Med	Raw	distance greater than 100m	TRUE	41.7969	-71.41305	2016	October	Elmwood	9
1818	2016-10-12	470241	16:34:00	Bicycle	NA	1	FALSE	FALSE	1	GREENWICH ST	BUCKLIN ST	2016-10-12	Two-Way, Divided, Unprotected (painted>4feet) Medium	Dry	Daylight	Clear	Not a Collision Between Two Motor Vehicles in Transport	Yes	Stop Signs	1	1	Non-Incapacitating	NA	41.80232	-71.42768	FALSE	FALSE	Greenwich Street and Bucklin Street, Providence, RI, USA	Med High	Raw	NA	FALSE	41.80232	-71.42768	2016	October	West End	8
1819	2016-10-12	470408	22:15:00	Pedestrian	1	NA	FALSE	FALSE	1	70 Kennedy Plz	NA	2016-10-13	Two-Way , Not Divided	Dry	Dark - Lighted	Clear	Not a Collision Between Two Motor Vehicles in Transport	Yes	No Controls	1	1	Pain Reported	NA	41.82506	-71.41108	TRUE	TRUE	70 Kennedy Plz, Providence, RI, USA	High	Raw	NA	FALSE	41.82506	-71.41108	2016	October	Downtown	1
1820	2016-10-12	474241	16:40:00	Pedestrian	2	NA	FALSE	FALSE	1	HARTFORD AVE	HEATH ST	2016-10-18	Two-Way , Not Divided	Dry	Daylight	Clear	Not a Collision Between Two Motor Vehicles in Transport	Yes	Pavement Markings	4	2	Pain Reported	NA	41.81726	-71.4499	FALSE	FALSE	Hartford Ave and Heath Street, Providence, RI, USA	Med High	Raw	NA	FALSE	41.81726	-71.4499	2016	October	Hartford	7
1815	2016-10-13	470582	12:36:00	Bicycle	NA	NA	FALSE	FALSE	2	WATERMAN ST	COOKE ST	2016-10-13	One-Way Trafficway	Dry	Daylight	Clear	Rear End(Front-to-Rear)	No	No Controls	2	0	No Injury	NA	41.82761	-71.39576	FALSE	FALSE	Waterman Street and Cooke Street, Providence, RI, USA	Med High	Raw	NA	FALSE	41.82761	-71.39576	2016	October	College Hill	1
1816	2016-10-13	470849	18:02:00	Pedestrian	1	NA	FALSE	FALSE	1	638 Charles st	CHARLES ST	2016-10-13	Two-Way , Not Divided	Dry	Daylight	Clear	Not a Collision Between Two Motor Vehicles in Transport	Yes	No Controls	1	1	Pain Reported	NA	41.85402	-71.42056	TRUE	FALSE	638 Charles Street, Providence, RI, USA	High	Raw	NA	FALSE	41.85402	-71.42056	2016	October	Charles	4
1814	2016-10-14	471210	13:36:00	Bicycle	NA	1	FALSE	FALSE	1	825 Chalkstone Ave	ROSEBANK AVE	2016-10-14	Two-Way , Not Divided	Dry	Daylight	Clear	Not a Collision Between Two Motor Vehicles in Transport	Yes	No Controls	1	1	Pain Reported	2	41.83396	-71.43458	TRUE	FALSE	825 Chalkstone Ave, Providence, RI, USA	High	Raw	distance greater than 100m	TRUE	41.83396	-71.43458	2016	October	Elmhurst	12
1813	2016-10-15	472173	15:13:00	Pedestrian	1	NA	FALSE	FALSE	1	HARTFORD AVE	HARTFORD AVE	2016-10-15	Two-Way , Not Divided	Dry	Daylight	Clear	Not a Collision Between Two Motor Vehicles in Transport	No	No Controls	2	1	Pain Reported	NA	41.81916	-71.46286	FALSE	FALSE	Hartford Ave and Hartford Ave, Providence, RI, USA	Med	Raw	distance greater than 100m	TRUE	41.81916	-71.46286	2016	October	Hartford	7
1812	2016-10-16	472808	14:08:00	Pedestrian	1	NA	FALSE	FALSE	1	265 HARTFORD AVE	NA	2016-10-16	Unknown	Dry	Daylight	Clear	Not a Collision Between Two Motor Vehicles in Transport	No	No Controls	3	1	Pain Reported	NA	41.81725	-71.44976	TRUE	TRUE	265 Hartford Ave, Providence, RI, USA	High	Geocoded	distance greater than 100m	TRUE	41.8176247	-71.4517594	2016	October	Hartford	7
1810	2016-10-17	473206	09:14:00	Pedestrian	1	NA	FALSE	FALSE	1	CHALKSTONE AVE	ALDINE ST	2016-10-17	Two-Way , Not Divided	Dry	Daylight	Clear	Not a Collision Between Two Motor Vehicles in Transport	No	No Controls	3	1	Pain Reported	2	41.83231	-71.45382	FALSE	FALSE	Chalkstone Ave and Aldine Street, Providence, RI, USA	Med High	Raw	NA	FALSE	41.83231	-71.45382	2016	October	Mount Pleasant	5
1811	2016-10-17	473388	08:55:00	Bicycle	NA	1	FALSE	FALSE	1	WHITMARSH ST	BUCKLIN ST	2016-10-17	Two-Way , Not Divided	Dry	Daylight	Clear	Head-On (Front - to - Front)	No	No Controls	3	1	Pain Reported	NA	41.8059	-71.42776	FALSE	FALSE	Whitmarsh Street and Bucklin Street, Providence, RI, USA	Med High	Raw	NA	FALSE	41.8059	-71.42776	2016	October	West End	9
1807	2016-10-21	475524	08:01:00	Pedestrian	1	NA	FALSE	FALSE	1	HAWKINS ST	BRANCH AVE	2016-10-21	Two-Way , Not Divided	Wet	Daylight	Cloudy	Not a Collision Between Two Motor Vehicles in Transport	No	Traffic Control Signal	3	1	Pain Reported	2	41.85088	-71.42147	FALSE	FALSE	Hawkins Street and Branch Ave, Providence, RI, USA	Med High	Raw	NA	FALSE	41.85088	-71.42147	2016	October	Charles	4
1808	2016-10-21	476100	20:59:00	Pedestrian	1	NA	FALSE	FALSE	1	BOUGH ST	WESTMINSTER ST	2016-10-21	Two-Way , Not Divided	Wet	Dark - Lighted	Rain	Not a Collision Between Two Motor Vehicles in Transport	Yes	Pavement Markings	3	1	Pain Reported	NA	41.8166	-71.44187	FALSE	FALSE	Bough Street and Westminster Street, Providence, RI, USA	Med High	Raw	NA	FALSE	41.8166	-71.44187	2016	October	Olneyville	15
1809	2016-10-21	476116	21:46:00	Pedestrian	1	NA	FALSE	FALSE	1	MEMORIAL BLVD	STEEPLE ST	2016-10-21	Two-Way , Not Divided	Wet	Dark - Lighted	Rain	Not a Collision Between Two Motor Vehicles in Transport	Yes	Traffic Control Signal	2	1	Pain Reported	NA	41.82677	-71.41063	FALSE	FALSE	Memorial Blvd and Steeple Street, Providence, RI, USA	Med	Raw	distance greater than 100m	TRUE	41.82677	-71.41063	2016	October	Downtown	1
1806	2016-10-25	477339	12:06:00	Bicycle	NA	1	FALSE	FALSE	1	674 PRAIRIE AVE	PRAIRIE AVE	2016-10-25	Two-Way, Divided, Unprotected (painted>4feet) Medium	Dry	Daylight	Clear	Not a Collision Between Two Motor Vehicles in Transport	No	No Controls	3	2	Pain Reported	NA	41.80915	-71.42085	TRUE	FALSE	674 Prairie Ave, Providence, RI, USA	High	Geocoded	distance greater than 100m	TRUE	41.7959329	-71.4098983	2016	October	Lower South Providence	10
1805	2016-10-26	477623	07:57:00	Bicycle	NA	1	FALSE	FALSE	1	933 SMITH ST	SMITH ST	2016-10-26	Two-Way, Divided, Unprotected (painted>4feet) Medium	Dry	Daylight	Clear	Not a Collision Between Two Motor Vehicles in Transport	No	No Controls	2	2	Pain Reported	NA	41.84207	-71.44395	TRUE	FALSE	933 Smith Street, Providence, RI, USA	High	Geocoded	distance greater than 100m	TRUE	41.841461	-71.441711	2016	October	Elmhurst	14
1804	2016-10-27	478266	18:47:00	Pedestrian	1	NA	FALSE	FALSE	1	ALTHEA ST	UNION AVE	2016-10-27	Two-Way , Not Divided	Wet	Dark - Lighted	Rain	Not a Collision Between Two Motor Vehicles in Transport	No	No Controls	2	0	No Injury	NA	41.8093	-71.43823	FALSE	FALSE	Althea Street and Union Ave, Providence, RI, USA	Med High	Raw	NA	FALSE	41.8093	-71.43823	2016	October	West End	8
1803	2016-10-28	478687	01:45:00	Pedestrian	1	NA	FALSE	FALSE	1	210 EATON ST	RIVER AVE	2016-10-28	Two-Way , Not Divided	Wet	Dark - Lighted	Rain	Not a Collision Between Two Motor Vehicles in Transport	Yes	No Controls	2	1	Pain Reported	NA	41.84174	-71.43624	TRUE	FALSE	210 Eaton Street, Providence, RI, USA	High	Raw	NA	FALSE	41.84174	-71.43624	2016	October	Elmhurst	14
1802	2016-10-29	479355	12:04:00	Bicycle	NA	1	FALSE	FALSE	1	NORTHUP AVE	SILVER SPRING ST	2016-10-29	Two-Way , Not Divided	Dry	Daylight	Clear	Not a Collision Between Two Motor Vehicles in Transport	No	Traffic Control Signal	3	1	Pain Reported	NA	41.85178	-71.41304	FALSE	FALSE	Northup Ave and Silver Spring Street, Providence, RI, USA	Med High	Raw	NA	FALSE	41.85178	-71.41304	2016	October	Charles	4
1801	2016-10-30	479955	16:23:00	Bicycle	NA	1	FALSE	FALSE	1	WESTMINSTER ST	BARTON ST	2016-10-30	Two-Way, Divided, Unprotected (painted>4feet) Medium	Wet	Daylight	Rain	Not a Collision Between Two Motor Vehicles in Transport	Yes	Traffic Control Signal	3	1	Non-Incapacitating	NA	41.81592	-71.43656	FALSE	FALSE	Westminster Street and Barton Street, Providence, RI, USA	Med High	Raw	NA	FALSE	41.81592	-71.43656	2016	October	West End	13
1797	2016-10-31	480076	07:47:00	Pedestrian	1	NA	FALSE	FALSE	1	593 EDDY ST	EDDY ST	2016-10-31	Two-Way, Divided, Unprotected (painted>4feet) Medium	Dry	Daylight	Clear	Not a Collision Between Two Motor Vehicles in Transport	No	No Controls	3	1	Pain Reported	NA	41.81174	-71.40707	TRUE	FALSE	593 Eddy Street, Providence, RI, USA	High	Raw	distance greater than 100m	TRUE	41.81174	-71.40707	2016	October	Upper South Providence	11
1798	2016-10-31	480094	09:53:00	Bicycle	NA	1	FALSE	FALSE	1	GEORGE ST	HOPE ST	2016-10-31	Two-Way , Not Divided	Dry	Daylight	Clear	Not a Collision Between Two Motor Vehicles in Transport	Yes	Stop Signs	2	1	Pain Reported	NA	41.82579	-71.39727	FALSE	FALSE	George Street and Hope Street, Providence, RI, USA	Med	Raw	NA	FALSE	41.82579	-71.39727	2016	October	College Hill	1
1799	2016-10-31	480190	16:53:00	Pedestrian	1	NA	FALSE	FALSE	1	ELMWOOD AVE	EXIT	2016-10-31	Two-Way , Not Divided	Dry	Daylight	Clear	Not a Collision Between Two Motor Vehicles in Transport	No	No Controls	3	1	Pain Reported	NA	41.78184	-71.41959	FALSE	FALSE	Elmwood Ave and Exit, Providence, RI, USA	Med	Raw	distance greater than 100m	TRUE	41.78184	-71.41959	2016	October	South Elmwood	8
1800	2016-10-31	480332	21:26:00	Bicycle	NA	1	FALSE	FALSE	1	40 CYPRESS ST	NA	2016-10-31	Two-Way , Not Divided	Dry	Dark - Lighted	Clear	Not a Collision Between Two Motor Vehicles in Transport	No	No Controls	2	1	Pain Reported	2	41.84184	-71.4019	TRUE	TRUE	40 Cypress Street, Providence, RI, USA	High	Geocoded	distance greater than 100m	TRUE	41.8422619	-71.4060498	2016	October	Mount Hope	3
1796	2016-11-01	480993	12:29:00	Pedestrian	1	NA	FALSE	FALSE	1	COLFAX ST	GORDON AVE	2016-11-01	Two-Way , Not Divided	Dry	Daylight	Clear	Not a Collision Between Two Motor Vehicles in Transport	No	No Controls	2	1	Pain Reported	NA	41.79936	-71.41308	FALSE	FALSE	Colfax Street and Gordon Ave, Providence, RI, USA	Med High	Raw	NA	FALSE	41.79936	-71.41308	2016	November	Lower South Providence	10
1792	2016-11-02	481236	15:12:00	Other	NA	NA	TRUE	FALSE	2	ELMWOOD AVE	W FRIENDSHIP ST	2016-11-02	Two-Way , Not Divided	Dry	Daylight	Clear	Unknown	Yes	Traffic Control Signal	2	0	No Injury	NA	41.80989	-71.42405	FALSE	FALSE	Elmwood Ave and W Friendship Street, Providence, RI, USA	Med High	Raw	NA	FALSE	41.80989	-71.42405	2016	November	West End	11
1793	2016-11-02	481277	18:27:00	Bicycle	NA	1	FALSE	FALSE	1	LESTER ST	BRIDGHAM ST	2016-11-02	Two-Way, Divided, Unprotected (painted>4feet) Medium	Dry	Dark - Lighted	Clear	Other	Yes	No Controls	3	1	Pain Reported	NA	41.81345	-71.42655	FALSE	FALSE	Lester Street and Bridgham Street, Providence, RI, USA	Med High	Raw	NA	FALSE	41.81345	-71.42655	2016	November	West End	11
1794	2016-11-02	481498	11:20:00	Pedestrian	1	NA	FALSE	FALSE	1	SERVICE ROAD 7	BROAD ST	2016-11-03	One-Way Trafficway	Dry	Daylight	Clear	Rear End(Front-to-Rear)	No	No Controls	3	2	Pain Reported	NA	41.81782	-71.41762	FALSE	FALSE	Service Road 7 and Broad Street, Providence, RI, USA	Med High	Raw	NA	FALSE	41.81782	-71.41762	2016	November	Upper South Providence	11
1795	2016-11-02	481501	11:46:00	Bicycle	NA	1	FALSE	FALSE	1	BROAD ST	SERVICE ROAD 7	2016-11-03	One-Way Trafficway	Dry	Daylight	Clear	Not a Collision Between Two Motor Vehicles in Transport	No	Traffic Control Signal	5	1	Pain Reported	NA	41.81736	-71.41696	FALSE	FALSE	Broad Street and Service Road 7, Providence, RI, USA	Med	Raw	NA	FALSE	41.81736	-71.41696	2016	November	Upper South Providence	11
1790	2016-11-04	482216	16:58:00	Pedestrian	1	NA	FALSE	FALSE	1	SUTTON ST	ATWELLS AVE	2016-11-04	One-Way Trafficway	Dry	Daylight	Clear	Not a Collision Between Two Motor Vehicles in Transport	Yes	Pavement Markings	1	1	Pain Reported	NA	41.82378	-71.42929	FALSE	FALSE	Sutton Street and Atwells Ave, Providence, RI, USA	Med High	Raw	NA	FALSE	41.82378	-71.42929	2016	November	Federal Hill	13
1791	2016-11-04	487555	13:39:00	Bicycle	NA	1	FALSE	FALSE	1	HAROLD ST	CHALKSTONE AVE	2016-11-15	Two-Way , Not Divided	Dry	Daylight	Clear	Angle (Front - to - Side) Same Direction	No	No Controls	3	1	Pain Reported	NA	41.83242	-71.43934	FALSE	FALSE	Harold Street and Chalkstone Ave, Providence, RI, USA	Med High	Raw	NA	FALSE	41.83242	-71.43934	2016	November	Valley	5
1789	2016-11-05	482320	02:12:00	Pedestrian	1	NA	FALSE	FALSE	1	ALLENS AVE	CHAPMAN ST	2016-11-05	Two-Way , Not Divided	Dry	Dark - Lighted	Clear	Other	No	No Controls	6	1	Non-Incapacitating	2	41.79347	-71.39747	FALSE	FALSE	Allens Ave and Chapman Street, Providence, RI, USA	Med High	Raw	NA	FALSE	41.79347	-71.39747	2016	November	Washington Park	10
1788	2016-11-06	483011	03:24:00	Pedestrian	1	NA	FALSE	FALSE	1	CRANSTON ST	HUNTINGTON AVE	2016-11-06	Two-Way , Not Divided	Dry	Dark - Lighted	Cloudy	Other	Yes	No Controls	3	1	Pain Reported	NA	41.80346	-71.43981	FALSE	FALSE	Cranston Street and Huntington Ave, Providence, RI, USA	Med High	Raw	NA	FALSE	41.80346	-71.43981	2016	November	West End	8
1786	2016-11-07	483619	14:30:00	Bicycle	NA	1	FALSE	FALSE	1	Charles St	HAWKINS ST	2016-11-07	Two-Way , Not Divided	Dry	Daylight	Clear	Not a Collision Between Two Motor Vehicles in Transport	No	No Controls	5	1	Pain Reported	2	41.85156	-71.42019	FALSE	FALSE	Charles Street and Hawkins Street, Providence, RI, USA	Med	Raw	NA	FALSE	41.85156	-71.42019	2016	November	Charles	4
1787	2016-11-07	483844	22:33:00	Bicycle	NA	1	FALSE	FALSE	1	LLOYD AVE	THAYER ST	2016-11-07	Two-Way , Not Divided	Dry	Dark - Lighted	Clear	Angle - Direction Not Specified	No	Stop Signs	2	1	Non-Incapacitating	2	41.83148	-71.40108	FALSE	FALSE	Lloyd Ave and Thayer Street, Providence, RI, USA	Med High	Raw	NA	FALSE	41.83148	-71.40108	2016	November	College Hill	2
1784	2016-11-08	484072	13:55:00	Pedestrian	1	NA	FALSE	FALSE	1	493 MT. PLEASANT AVE	MT. PLEASANT AVE	2016-11-08	Two-Way , Not Divided	Dry	Daylight	Clear	Not a Collision Between Two Motor Vehicles in Transport	No	No Controls	3	1	Pain Reported	NA	41.84145	-71.44247	TRUE	FALSE	493 Mt. Pleasant Ave, Providence, RI, USA	High	Geocoded	distance greater than 100m	TRUE	41.8402543	-71.4500157	2016	November	Mount Pleasant	5
1785	2016-11-08	484284	21:56:00	Bicycle	NA	1	FALSE	FALSE	1	NORTH MAIN ST	7TH ST	2016-11-08	Two-Way, Divided, Positive Median Barrier	Dry	Dark - Lighted	Clear	Angle (Front - to - Side) Right Angle (Includes Broadside)	No	Traffic Control Signal	2	1	Pain Reported	NA	41.85332	-71.40104	FALSE	FALSE	North Main Street and 7th Street, Providence, RI, USA	Med	Raw	NA	FALSE	41.85332	-71.40104	2016	November	Hope	3
1783	2016-11-10	485266	19:18:00	Pedestrian	1	NA	FALSE	FALSE	1	Atwells Ave	Erastus St	2016-11-11	Two-Way , Not Divided	Dry	Dark - Lighted	Clear	Not a Collision Between Two Motor Vehicles in Transport	No	No Controls	3	1	Pain Reported	NA	41.82517	-71.45089	FALSE	FALSE	Atwells Ave and Erastus Street, Providence, RI, USA	Med High	Raw	NA	FALSE	41.82517	-71.45089	2016	November	Olneyville	6
1781	2016-11-11	485385	12:08:00	Pedestrian	1	NA	FALSE	FALSE	1	EXIT 21 (RT )	ATWELLS AVE	2016-11-11	One-Way Trafficway	Dry	Daylight	Clear	Not a Collision Between Two Motor Vehicles in Transport	No	Traffic Control Signal	3	1	Incapacitating	NA	41.82323	-71.42052	FALSE	FALSE	Exit 21 (Rt ) and Atwells Ave, Providence, RI, USA	Med	Raw	distance greater than 100m	TRUE	41.82323	-71.42052	2016	November	Federal Hill	13
1782	2016-11-11	485479	19:02:00	Pedestrian	1	NA	FALSE	FALSE	1	SABIN STREET	SABIN ST	2016-11-11	One-Way Trafficway	Dry	Dark - Lighted	Clear	Not a Collision Between Two Motor Vehicles in Transport	Yes	No Controls	5	1	Non-Incapacitating	3	41.82411	-71.41614	FALSE	FALSE	Sabin Street and Sabin Street, Providence, RI, USA	Med	Raw	NA	FALSE	41.82411	-71.41614	2016	November	Downtown	1
1780	2016-11-13	486283	18:28:00	Pedestrian	1	NA	FALSE	FALSE	1	20 Swiss St	KNIGHT ST	2016-11-13	Two-Way , Not Divided	Dry	Dark - Lighted	Clear	Not a Collision Between Two Motor Vehicles in Transport	No	No Controls	3	1	Pain Reported	NA	41.82317	-71.43288	TRUE	FALSE	20 Swiss Street, Providence, RI, USA	High	Raw	NA	FALSE	41.82317	-71.43288	2016	November	Federal Hill	13
1778	2016-11-16	487949	15:41:00	Pedestrian	1	NA	FALSE	FALSE	1	WALLACE ST	WEBSTER AVE	2016-11-16	Two-Way , Not Divided	Dry	Daylight	Clear	Not a Collision Between Two Motor Vehicles in Transport	Yes	Stop Signs	3	1	Pain Reported	NA	41.80936	-71.44876	FALSE	FALSE	Wallace Street and Webster Ave, Providence, RI, USA	Med High	Raw	NA	FALSE	41.80936	-71.44876	2016	November	Silver Lake	15
1779	2016-11-16	488723	22:42:00	Pedestrian	1	NA	FALSE	FALSE	1	BROADWAY	VINTON ST	2016-11-17	Two-Way , Not Divided	Dry	Dark - Lighted	Clear	Other	No	Pavement Markings	2	1	Non-Incapacitating	2	41.82009	-71.42812	FALSE	FALSE	Broadway and Vinton Street, Providence, RI, USA	Med	Raw	NA	FALSE	41.82009	-71.42812	2016	November	Federal Hill	13
1776	2016-11-17	488912	14:26:00	Pedestrian	1	NA	FALSE	FALSE	1	HAYWARD ST	PORTLAND ST	2016-11-17	Two-Way , Not Divided	Dry	Daylight	Clear	Not a Collision Between Two Motor Vehicles in Transport	No	Stop Signs	2	1	Pain Reported	NA	41.81368	-71.42041	FALSE	FALSE	Hayward Street and Portland Street, Providence, RI, USA	Med High	Raw	NA	FALSE	41.81368	-71.42041	2016	November	Upper South Providence	11
1777	2016-11-17	489178	18:34:00	Pedestrian	1	NA	FALSE	FALSE	1	CHALKSTONE AVENUE	CANTON STREET	2016-11-17	Two-Way , Not Divided	Dry	Dark - Lighted	Clear	Not a Collision Between Two Motor Vehicles in Transport	Yes	No Controls	3	1	Pain Reported	NA	41.81954	-71.43755	FALSE	FALSE	Chalkstone Avenue and Canton Street, Providence, RI, USA	Med High	Geocoded	distance greater than 100m	TRUE	41.8323096	-71.4425118	2016	November	Valley	5
1774	2016-11-19	489947	00:06:00	Bicycle	NA	1	FALSE	FALSE	1	BERGEN ST	CHALKSTONE AVE	2016-11-19	Two-Way , Not Divided	Dry	Dark - Lighted	Clear	Angle (Front - to - Side) Same Direction	Yes	Stop Signs	2	1	Pain Reported	NA	41.83233	-71.44013	FALSE	FALSE	Bergen Street and Chalkstone Ave, Providence, RI, USA	Med High	Raw	NA	FALSE	41.83233	-71.44013	2016	November	Valley	5
1775	2016-11-19	490409	22:32:00	Bicycle	NA	1	FALSE	FALSE	1	PARK ST	BROWNELL ST	2016-11-19	Two-Way , Not Divided	Wet	Dark - Lighted	Rain	Angle (Front - to - Side) Right Angle (Includes Broadside)	No	No Controls	3	1	Pain Reported	NA	41.83023	-71.41735	FALSE	FALSE	Park Street and Brownell Street, Providence, RI, USA	Med	Raw	distance greater than 100m	TRUE	41.83023	-71.41735	2016	November	Smith Hill	12
1773	2016-11-21	491141	15:07:00	Bicycle	NA	1	FALSE	FALSE	1	CAHIR ST	BROAD ST	2016-11-21	Two-Way , Not Divided	Dry	Daylight	Clear	Not a Collision Between Two Motor Vehicles in Transport	No	Traffic Control Signal	2	1	Pain Reported	2	41.81695	-71.41797	FALSE	FALSE	Cahir Street and Broad Street, Providence, RI, USA	Med High	Raw	NA	FALSE	41.81695	-71.41797	2016	November	Upper South Providence	11
1771	2016-11-22	491736	17:03:00	Pedestrian	1	NA	FALSE	FALSE	1	COLLEGE ST	PROSPECT ST	2016-11-22	Two-Way , Not Divided	Dry	Dark - Lighted	Clear	Not a Collision Between Two Motor Vehicles in Transport	No	Stop Signs	3	1	Pain Reported	2	41.82611	-71.4046	FALSE	FALSE	College Street and Prospect Street, Providence, RI, USA	Med	Raw	NA	FALSE	41.82611	-71.4046	2016	November	College Hill	2
1772	2016-11-22	491967	18:33:00	Pedestrian	1	NA	FALSE	FALSE	1	WHIPPLE ST	GEOFFREYS CT	2016-11-22	Two-Way , Not Divided	Dry	Dark - Lighted	Clear	Rear - to - Side	No	No Controls	3	1	Pain Reported	NA	41.83766	-71.42098	FALSE	FALSE	Whipple Street and Geoffreys Ct, Providence, RI, USA	Med High	Raw	NA	FALSE	41.83766	-71.42098	2016	November	Smith Hill	4
1770	2016-11-26	494137	03:26:00	Bicycle	NA	NA	FALSE	FALSE	2	ORMS ST	ASHBURTON ST	2016-11-26	Two-Way , Not Divided	Dry	Dark - Lighted	Fog, Smog, Smoke	Not a Collision Between Two Motor Vehicles in Transport	No	No Controls	2	0	No Injury	NA	41.83523	-71.41175	FALSE	FALSE	Orms Street and Ashburton Street, Providence, RI, USA	Med	Raw	distance greater than 100m	TRUE	41.83523	-71.41175	2016	November	Mount Hope	3
1769	2016-11-28	495322	12:44:00	Bicycle	NA	1	FALSE	FALSE	1	BENEFIT ST	COLLEGE ST	2016-11-28	Two-Way , Not Divided	Dry	Daylight	Clear	Not a Collision Between Two Motor Vehicles in Transport	Yes	Stop Signs	2	0	No Injury	NA	41.826	-71.40683	FALSE	FALSE	Benefit Street and College Street, Providence, RI, USA	Med High	Raw	NA	FALSE	41.826	-71.40683	2016	November	College Hill	2
1768	2016-11-29	496143	18:05:00	Pedestrian	1	NA	FALSE	FALSE	1	RHODE ISLAND COLL	RI COL NEEDS NAME 4	2016-11-29	Two-Way , Not Divided	Wet	Dark - Lighted	Rain	Not a Collision Between Two Motor Vehicles in Transport	No	No Controls	2	1	Pain Reported	NA	41.84131	-71.45992	FALSE	FALSE	Rhode Island Coll and Ri Col Needs Name 4, Providence, RI, USA	Med	Raw	distance greater than 100m	TRUE	41.84131	-71.45992	2016	November	Mount Pleasant	5
1766	2016-11-30	496826	16:00:00	Pedestrian	1	NA	FALSE	FALSE	1	SACKETT ST	MELROSE ST	2016-11-30	Two-Way , Not Divided	Wet	Daylight	Clear	Other	Yes	Person	1	1	Pain Reported	NA	41.79365	-71.42019	FALSE	FALSE	Sackett Street and Melrose Street, Providence, RI, USA	Med High	Raw	NA	FALSE	41.79365	-71.42019	2016	November	Elmwood	9
1767	2016-11-30	497008	18:29:00	Pedestrian	1	NA	FALSE	FALSE	1	STEEPLE ST	N MAIN ST	2016-11-30	One-Way Trafficway	Wet	Dark - Lighted	Rain	Not a Collision Between Two Motor Vehicles in Transport	No	Traffic Control Signal	2	1	Pain Reported	NA	41.82749	-71.40906	FALSE	FALSE	Steeple Street and N Main Street, Providence, RI, USA	Med	Raw	NA	FALSE	41.82749	-71.40906	2016	November	Downtown	1
1765	2016-12-01	497554	07:55:00	Pedestrian	1	NA	FALSE	FALSE	1	14 BODELL AVE	SYRACUSE ST	2016-12-01	Unknown	Wet	Daylight	Clear	Not a Collision Between Two Motor Vehicles in Transport	Yes	No Controls	1	1	Pain Reported	NA	41.817	-71.45355	TRUE	FALSE	14 Bodell Ave, Providence, RI, USA	High	Raw	NA	FALSE	41.817	-71.45355	2016	December	Hartford	7
1764	2016-12-02	498742	14:40:00	Bicycle	NA	1	FALSE	FALSE	1	ANGELL ST	ARLINGTON AVE	2016-12-02	One-Way Trafficway	Dry	Daylight	Clear	Not a Collision Between Two Motor Vehicles in Transport	No	No Controls	3	1	Pain Reported	NA	41.82937	-71.39217	FALSE	FALSE	Angell Street and Arlington Ave, Providence, RI, USA	Med High	Raw	NA	FALSE	41.82937	-71.39217	2016	December	College Hill	2
1763	2016-12-03	498913	15:43:00	Pedestrian	1	NA	FALSE	FALSE	1	ELMWOOD AVE	WILSON ST	2016-12-03	Two-Way , Not Divided	Dry	Daylight	Clear	Not a Collision Between Two Motor Vehicles in Transport	Yes	No Controls	1	1	Pain Reported	2	41.81123	-71.42315	FALSE	FALSE	Elmwood Ave and Wilson Street, Providence, RI, USA	Med High	Raw	NA	FALSE	41.81123	-71.42315	2016	December	West End	11
1762	2016-12-06	500189	07:31:00	Pedestrian	1	NA	FALSE	FALSE	1	PUBLIC ST	BROAD ST	2016-12-06	Two-Way, Divided, Unprotected (painted>4feet) Medium	Dry	Daylight	Clear	Not a Collision Between Two Motor Vehicles in Transport	No	Traffic Control Signal	2	1	Pain Reported	NA	41.80442	-71.41935	FALSE	FALSE	Public Street and Broad Street, Providence, RI, USA	Med High	Raw	NA	FALSE	41.80442	-71.41935	2016	December	Elmwood	11
1761	2016-12-09	502348	08:22:00	Pedestrian	1	NA	FALSE	FALSE	1	BROADWAY	KNIGHT ST	2016-12-09	Two-Way , Not Divided	Dry	Daylight	Clear	Not a Collision Between Two Motor Vehicles in Transport	No	No Controls	2	1	Pain Reported	NA	41.8198	-71.42936	FALSE	FALSE	Broadway and Knight Street, Providence, RI, USA	Med	Raw	NA	FALSE	41.8198	-71.42936	2016	December	Federal Hill	13