row_number	crash_date	crash_report_id	crash_time	collision_type	count_pedestrian	count_bicycle	scooter	wheel_chair	number_of_vehicles	street_or_highway	nearest_intersection	report_date	type_of_roadway	road_surface_condition	light_condition	weather_condition	manner_of_impact	hit_and_run	traffic_control	person_count	injury_count	most_serious_injury	number_of_lanes	lat_raw	lon_raw	has_st_number	is_intersection_null	address_sent_to_geocoder	api_coord_conf	best_coordinate_set	reason_for_qa	manually_qaed_record	final_lat	final_lon	year	month	pvd_nhood	pvd_wards
1640	2017-06-09	579795	15:40:00	Bicycle	NA	1	FALSE	FALSE	1	POINT ST	PARSONAGE ST	2017-06-09	Two-Way , Not Divided	Dry	Daylight	Cloudy	Not a Collision Between Two Motor Vehicles in Transport	No	No Controls	6	1	Pain Reported	NA	41.81596	-71.40876	FALSE	FALSE	Point Street and Parsonage Street, Providence, RI, USA	Med High	Raw	NA	FALSE	41.81596	-71.40876	2017	June	Downtown	1
1639	2017-06-11	580350	03:36:00	Bicycle	NA	1	FALSE	FALSE	1	BROADWAY	EMPIRE ST	2017-06-11	Two-Way , Not Divided	Dry	Dark - Unknown Lighting	Clear	Not a Collision Between Two Motor Vehicles in Transport	Yes	No Controls	1	1	Pain Reported	2	41.82256	-71.41744	FALSE	FALSE	Broadway and Empire Street, Providence, RI, USA	Med	Raw	NA	FALSE	41.82256	-71.41744	2017	June	Downtown	1
1638	2017-06-12	581408	23:13:00	Pedestrian	1	NA	FALSE	FALSE	1	WATERMAN ST	COOKE ST	2017-06-13	One-Way Trafficway	Dry	Dark - Lighted	Clear	Other	No	No Controls	2	1	Non-Incapacitating	1	41.82762	-71.39502	FALSE	FALSE	Waterman Street and Cooke Street, Providence, RI, USA	Med High	Raw	NA	FALSE	41.82762	-71.39502	2017	June	College Hill	1
1637	2017-06-13	582052	19:59:00	Bicycle	NA	1	FALSE	FALSE	1	PEARL ST	PRAIRIE AVE	2017-06-13	Two-Way , Not Divided	Dry	Daylight	Clear	Angle (Front - to - Side) Right Angle (Includes Broadside)	Yes	Stop Signs	2	1	Incapacitating	2	41.81185	-71.41527	FALSE	FALSE	Pearl Street and Prairie Ave, Providence, RI, USA	Med	Raw	NA	FALSE	41.81185	-71.41527	2017	June	Upper South Providence	11
1635	2017-06-15	582589	12:42:00	Pedestrian	1	NA	FALSE	FALSE	1	BUTLER DR	BLACKSTONE BLVD	2017-06-15	Two-Way , Not Divided	Dry	Daylight	Clear	Not a Collision Between Two Motor Vehicles in Transport	No	Other	2	1	Pain Reported	NA	41.84622	-71.38698	FALSE	FALSE	Butler Dr and Blackstone Blvd, Providence, RI, USA	Med	Raw	distance greater than 100m	TRUE	41.84622	-71.38698	2017	June	Blackstone	2
1636	2017-06-15	582950	17:51:00	Bicycle	NA	1	FALSE	FALSE	1	RIVER AVE	ADMIRAL ST	2017-06-15	Two-Way, Divided, Unprotected (painted>4feet) Medium	Dry	Daylight	Clear	Not a Collision Between Two Motor Vehicles in Transport	No	Traffic Control Signal	2	1	Non-Incapacitating	NA	41.8492	-71.43894	FALSE	FALSE	River Ave and Admiral Street, Providence, RI, USA	Med High	Raw	distance greater than 100m	TRUE	41.8492	-71.43894	2017	June	Elmhurst	14
1633	2017-06-17	583727	09:13:00	Pedestrian	1	NA	FALSE	FALSE	1	ATWELLS AVE	ACADEMY AVE	2017-06-17	Two-Way, Divided, Unprotected (painted>4feet) Medium	Wet	Daylight	Cloudy	Not a Collision Between Two Motor Vehicles in Transport	No	Traffic Control Signal	3	1	Pain Reported	2	41.82478	-71.4434	FALSE	FALSE	Atwells Ave and Academy Ave, Providence, RI, USA	Med High	Raw	NA	FALSE	41.82478	-71.4434	2017	June	Olneyville	15
1634	2017-06-17	583797	18:15:00	Pedestrian	1	NA	FALSE	FALSE	1	ELMWOOD AVE	ELMWOOD AVE	2017-06-17	Two-Way , Not Divided	Dry	Daylight	Cloudy	Not a Collision Between Two Motor Vehicles in Transport	No	No Controls	2	1	Incapacitating	NA	41.80965	-71.42421	FALSE	FALSE	Elmwood Ave and Elmwood Ave, Providence, RI, USA	Med	Raw	distance greater than 100m	TRUE	41.80965	-71.42421	2017	June	West End	11
1632	2017-06-18	584586	18:56:00	Pedestrian	1	NA	FALSE	FALSE	1	MERCY ST	POCASSET AVE	2017-06-18	Two-Way , Not Divided	Dry	Daylight	Clear	Sidwswipe, Opposite Direction	No	No Controls	2	1	Non-Incapacitating	NA	41.80898	-71.4563	FALSE	FALSE	Mercy Street and Pocasset Ave, Providence, RI, USA	Med	Raw	NA	FALSE	41.80898	-71.4563	2017	June	Silver Lake	7
1631	2017-06-19	584867	16:42:00	Bicycle	NA	1	FALSE	FALSE	1	SMITH ST	CHALKSTONE AVE	2017-06-19	Two-Way , Not Divided	Dry	Daylight	Clear	Not a Collision Between Two Motor Vehicles in Transport	No	Traffic Control Signal	3	1	Pain Reported	2	41.83521	-71.42565	FALSE	FALSE	Smith Street and Chalkstone Ave, Providence, RI, USA	Med High	Raw	NA	FALSE	41.83521	-71.42565	2017	June	Smith Hill	12
1629	2017-06-22	585911	17:39:00	Pedestrian	1	NA	FALSE	FALSE	1	CHALKSTONE AVENU	FERN STREET	2017-06-22	Two-Way , Not Divided	Dry	Daylight	Clear	Not a Collision Between Two Motor Vehicles in Transport	No	No Controls	3	1	Non-Incapacitating	NA	41.81541	-71.44637	FALSE	FALSE	Chalkstone Avenu and Fern Street, Providence, RI, USA	Med High	Geocoded	distance greater than 100m	TRUE	41.8328452	-71.4378466	2017	June	Elmhurst	5
1630	2017-06-22	585933	22:23:00	Pedestrian	1	NA	FALSE	FALSE	1	WESTMINSTER ST	HARKNESS ST	2017-06-23	Two-Way , Not Divided	Dry	Dark - Lighted	Clear	Not a Collision Between Two Motor Vehicles in Transport	No	No Controls	2	1	Incapacitating	NA	41.81628	-71.43396	FALSE	FALSE	Westminster Street and Harkness Street, Providence, RI, USA	Med High	Raw	NA	FALSE	41.81628	-71.43396	2017	June	West End	13
1627	2017-06-23	586115	13:11:00	Pedestrian	1	NA	FALSE	FALSE	1	BELMONT AVE	ACADEMY AVE	2017-06-23	One-Way Trafficway	Dry	Daylight	Cloudy	Other	No	Other	2	1	Pain Reported	NA	41.81438	-71.445	FALSE	FALSE	Belmont Ave and Academy Ave, Providence, RI, USA	Med High	Geocoded	distance greater than 100m	TRUE	41.8322837	-71.4445179	2017	June	Mount Pleasant	6
1628	2017-06-23	586445	17:21:00	Pedestrian	1	NA	FALSE	FALSE	1	ARMSTRONG AVE	THOMPSON ST	2017-06-24	Two-Way , Not Divided	Dry	Daylight	Clear	Other	No	No Controls	2	1	Pain Reported	NA	41.81903	-71.39714	FALSE	FALSE	Armstrong Ave and Thompson Street, Providence, RI, USA	Med High	Raw	NA	FALSE	41.81903	-71.39714	2017	June	Fox Point	1
1625	2017-06-24	586355	01:11:00	Pedestrian	1	NA	FALSE	FALSE	1	PILSUDSKI ST	PLAINFIELD ST	2017-06-24	Two-Way , Not Divided	Dry	Dark - Lighted	Clear	Other	Yes	No Controls	3	1	Incapacitating	2	41.81482	-71.44633	FALSE	FALSE	Pilsudski Street and Plainfield Street, Providence, RI, USA	Med High	Raw	NA	FALSE	41.81482	-71.44633	2017	June	Silver Lake	15
1626	2017-06-24	586579	20:29:00	Pedestrian	1	NA	FALSE	FALSE	1	105 ALVERSON AVE	NYE ST	2017-06-24	Two-Way , Not Divided	Dry	Dark - Lighted	Clear	Not a Collision Between Two Motor Vehicles in Transport	No	No Controls	2	1	Pain Reported	NA	41.81662	-71.45934	TRUE	FALSE	105 Alverson Ave, Providence, RI, USA	High	Raw	NA	FALSE	41.81662	-71.45934	2017	June	Hartford	7
1623	2017-06-25	586614	04:07:00	Pedestrian	1	1	FALSE	FALSE	1	WOODWARD RD	BRANCH AVE	2017-06-25	Two-Way , Not Divided	Dry	Dark - Lighted	Clear	Not a Collision Between Two Motor Vehicles in Transport	Yes	No Controls	3	2	Pain Reported	2	41.8537	-71.42796	FALSE	FALSE	Woodward Rd and Branch Ave, Providence, RI, USA	Med High	Raw	NA	FALSE	41.8537	-71.42796	2017	June	Wanskuck	4
1624	2017-06-25	586812	10:56:00	Bicycle	NA	1	FALSE	FALSE	1	HOPE ST	ALUMNI AVE	2017-06-25	Two-Way , Not Divided	Dry	Daylight	Clear	Not a Collision Between Two Motor Vehicles in Transport	Yes	No Controls	2	1	Incapacitating	2	41.83462	-71.40144	FALSE	FALSE	Hope Street and Alumni Ave, Providence, RI, USA	Med High	Raw	NA	FALSE	41.83462	-71.40144	2017	June	College Hill	2
1622	2017-06-26	588868	12:11:00	Bicycle	NA	1	FALSE	FALSE	1	ADELAIDE AVE	EMERSON ST	2017-07-01	Two-Way , Not Divided	Dry	Daylight	Clear	Angle (Front - to - Side) Right Angle (Includes Broadside)	No	Stop Signs	4	0	No Injury	2	41.79855	-71.4164	FALSE	FALSE	Adelaide Ave and Emerson Street, Providence, RI, USA	Med High	Raw	NA	FALSE	41.79855	-71.4164	2017	June	Elmwood	9
1621	2017-06-28	587971	18:13:00	Bicycle	NA	1	FALSE	FALSE	1	GLENHAM ST	PRAIRIE AVE	2017-06-28	Two-Way , Not Divided	Dry	Daylight	Clear	Not a Collision Between Two Motor Vehicles in Transport	No	No Controls	3	0	No Injury	NA	41.8061	-71.41504	FALSE	FALSE	Glenham Street and Prairie Ave, Providence, RI, USA	Med High	Raw	NA	FALSE	41.8061	-71.41504	2017	June	Upper South Providence	11
1620	2017-06-29	588281	17:14:00	Bicycle	NA	1	FALSE	FALSE	1	WASHINGTON ST	GREENE ST	2017-06-29	One-Way Trafficway	Dry	Daylight	Cloudy	Not a Collision Between Two Motor Vehicles in Transport	No	Traffic Control Signal	2	1	Non-Incapacitating	NA	41.82125	-71.41721	FALSE	FALSE	Washington Street and Greene Street, Providence, RI, USA	Med	Raw	NA	FALSE	41.82125	-71.41721	2017	June	Downtown	1
1618	2017-06-30	588561	15:24:00	Pedestrian	1	NA	FALSE	FALSE	1	SABIN ST	SABIN ST	2017-06-30	One-Way Trafficway	Dry	Daylight	Clear	Angle (Front - to - Side) Right Angle (Includes Broadside)	No	No Controls	4	1	Pain Reported	NA	41.82453	-71.41566	FALSE	FALSE	Sabin Street and Sabin Street, Providence, RI, USA	Med	Raw	NA	FALSE	41.82453	-71.41566	2017	June	Downtown	1
1619	2017-06-30	588591	17:50:00	Pedestrian	1	NA	FALSE	FALSE	1	RHODES ST	EDDY ST	2017-06-30	Two-Way , Not Divided	Dry	Daylight	Cloudy	Not a Collision Between Two Motor Vehicles in Transport	No	No Controls	2	1	Pain Reported	NA	41.80807	-71.40766	FALSE	FALSE	Rhodes Street and Eddy Street, Providence, RI, USA	Med High	Raw	NA	FALSE	41.80807	-71.40766	2017	June	Upper South Providence	11
1615	2017-07-01	588899	11:28:00	Pedestrian	1	NA	FALSE	FALSE	1	BRANCH AVE	VEAZIE ST	2017-07-01	Two-Way , Not Divided	Dry	Daylight	Clear	Not a Collision Between Two Motor Vehicles in Transport	No	No Controls	2	1	Pain Reported	NA	41.85472	-71.43464	FALSE	FALSE	Branch Ave and Veazie Street, Providence, RI, USA	Med High	Raw	NA	FALSE	41.85472	-71.43464	2017	July	Wanskuck	4
1616	2017-07-01	588942	20:57:00	Pedestrian	1	NA	FALSE	FALSE	1	NORTH MAIN ST	N MAIN ST	2017-07-01	Two-Way, Divided, Positive Median Barrier	Dry	Dark - Lighted	Clear	Other	No	No Controls	2	1	Non-Incapacitating	4	41.83926	-71.40902	FALSE	FALSE	North Main Street and N Main Street, Providence, RI, USA	Med High	Raw	distance greater than 100m	TRUE	41.83926	-71.40902	2017	July	Mount Hope	3
1613	2017-07-02	589045	12:10:00	Pedestrian	2	NA	FALSE	FALSE	1	UNION AVE	UNION AVE ON RAMP	2017-07-02	Two-Way , Not Divided	Dry	Daylight	Clear	Not a Collision Between Two Motor Vehicles in Transport	No	Pavement Markings	3	2	Pain Reported	NA	41.80893	-71.44004	FALSE	FALSE	Union Ave and Union Ave On Ramp, Providence, RI, USA	Med	Raw	distance greater than 100m	TRUE	41.80893	-71.44004	2017	July	West End	13
1614	2017-07-02	589245	22:38:00	Pedestrian	1	NA	FALSE	FALSE	1	PARNELL ST	FOWLER ST	2017-07-02	Two-Way , Not Divided	Dry	Dark - Lighted	Clear	Other	No	No Controls	3	1	Non-Incapacitating	2	41.82609	-71.45378	FALSE	FALSE	Parnell Street and Fowler Street, Providence, RI, USA	Med High	Raw	NA	FALSE	41.82609	-71.45378	2017	July	Mount Pleasant	6
1612	2017-07-03	589312	03:08:00	Bicycle	NA	1	FALSE	FALSE	1	MEMORIAL BLVD	FRANCIS ST	2017-07-03	Two-Way, Divided, Positive Median Barrier	Dry	Dark - Lighted	Clear	Angle (Front - to - Side) Right Angle (Includes Broadside)	No	Traffic Control Signal	3	1	Non-Incapacitating	NA	41.8259	-71.41535	FALSE	FALSE	Memorial Blvd and Francis Street, Providence, RI, USA	Med High	Raw	NA	FALSE	41.8259	-71.41535	2017	July	Downtown	12
1611	2017-07-04	589805	23:33:00	Pedestrian	2	NA	FALSE	FALSE	1	OSBORN ST	CHALKSTONE AVE	2017-07-05	Two-Way , Not Divided	Dry	Dark - Lighted	Clear	Not a Collision Between Two Motor Vehicles in Transport	No	No Controls	4	2	Non-Incapacitating	NA	41.83759	-71.42538	FALSE	FALSE	Osborn Street and Chalkstone Ave, Providence, RI, USA	Med High	Geocoded	distance greater than 100m	TRUE	41.8355026	-71.4246148	2017	July	Smith Hill	12
1610	2017-07-05	590158	16:52:00	Bicycle	NA	1	FALSE	FALSE	1	PLEASANT VALLEY PKWY	SHARON ST	2017-07-05	Two-Way , Not Divided	Dry	Daylight	Clear	Not a Collision Between Two Motor Vehicles in Transport	No	No Controls	4	1	Pain Reported	NA	41.83521	-71.44103	FALSE	FALSE	Pleasant Valley Pkwy and Sharon Street, Providence, RI, USA	Med High	Raw	NA	FALSE	41.83521	-71.44103	2017	July	Elmhurst	5
1607	2017-07-06	590468	17:32:00	Pedestrian	1	NA	FALSE	FALSE	1	W EXCHANGE ST	W EXCHANGE ST EXIT 22A	2017-07-06	One-Way Trafficway	Dry	Daylight	Clear	Rear - to - Side	No	Traffic Control Signal	3	1	Pain Reported	NA	41.82485	-71.41611	FALSE	FALSE	W Exchange Street and W Exchange St Exit 22a, Providence, RI, USA	Med	Raw	distance greater than 100m	TRUE	41.82485	-71.41611	2017	July	Downtown	1
1608	2017-07-06	590547	22:15:00	Pedestrian	1	NA	FALSE	TRUE	1	DOUGLAS AVE	PUMGANSETT ST	2017-07-07	Two-Way , Not Divided	Dry	Dark - Lighted	Clear	Other	No	No Controls	3	1	Non-Incapacitating	2	41.83977	-71.4263	FALSE	FALSE	Douglas Ave and Pumgansett Street, Providence, RI, USA	Med High	Raw	NA	FALSE	41.83977	-71.4263	2017	July	Smith Hill	12
1609	2017-07-06	590681	NA	Pedestrian	1	NA	FALSE	FALSE	1	343 BROAD ST	BROAD ST	2017-07-07	Two-Way , Not Divided	Dry	Dark - Lighted	Clear	Not a Collision Between Two Motor Vehicles in Transport	Yes	No Controls	2	1	Pain Reported	NA	41.81402	-71.42137	TRUE	FALSE	343 Broad Street, Providence, RI, USA	High	Raw	NA	FALSE	41.81402	-71.42137	2017	July	West End	11
1606	2017-07-08	590953	12:44:00	Pedestrian	1	NA	FALSE	FALSE	1	BROADWAY	DEAN ST	2017-07-08	Two-Way , Not Divided	Dry	Daylight	Clear	Not a Collision Between Two Motor Vehicles in Transport	No	No Controls	4	1	Pain Reported	NA	41.82132	-71.4229	FALSE	FALSE	Broadway and Dean Street, Providence, RI, USA	Med	Raw	NA	FALSE	41.82132	-71.4229	2017	July	Federal Hill	13
1605	2017-07-09	591224	22:39:00	Pedestrian	1	NA	FALSE	FALSE	1	BROADWAY	VINTON ST	2017-07-09	Two-Way, Divided, Unprotected (painted>4feet) Medium	Dry	Dark - Lighted	Clear	Not a Collision Between Two Motor Vehicles in Transport	No	No Controls	3	1	Pain Reported	NA	41.82007	-71.42819	FALSE	FALSE	Broadway and Vinton Street, Providence, RI, USA	Med	Raw	NA	FALSE	41.82007	-71.42819	2017	July	Federal Hill	13
1604	2017-07-12	591972	17:13:00	Pedestrian	1	NA	FALSE	FALSE	1	BROAD ST	EARLY ST	2017-07-12	Two-Way , Not Divided	Wet	Daylight	Rain	Not a Collision Between Two Motor Vehicles in Transport	No	No Controls	3	1	Pain Reported	NA	41.79542	-71.41121	FALSE	FALSE	Broad Street and Early Street, Providence, RI, USA	Med	Raw	NA	FALSE	41.79542	-71.41121	2017	July	Elmwood	9
1603	2017-07-14	592392	21:34:00	Pedestrian	1	NA	FALSE	FALSE	1	CHALKSTONE AVE	DOUGLAS AVE	2017-07-14	Two-Way , Not Divided	Dry	Dark - Lighted	Clear	Other	No	No Controls	5	1	Pain Reported	NA	41.83625	-71.42075	FALSE	FALSE	Chalkstone Ave and Douglas Ave, Providence, RI, USA	Med High	Raw	NA	FALSE	41.83625	-71.42075	2017	July	Smith Hill	12
1602	2017-07-15	592555	18:27:00	Bicycle	NA	1	FALSE	FALSE	1	PUBLIC ST	PRAIRIE AVE	2017-07-15	Two-Way , Not Divided	Dry	Daylight	Clear	Other	Yes	Traffic Control Signal	2	1	Pain Reported	NA	41.80556	-71.41481	FALSE	FALSE	Public Street and Prairie Ave, Providence, RI, USA	Med High	Raw	NA	FALSE	41.80556	-71.41481	2017	July	Upper South Providence	11
1600	2017-07-16	592707	11:39:00	Bicycle	NA	1	FALSE	FALSE	1	N MAIN ST	CEMETERY ST	2017-07-16	Two-Way , Not Divided	Dry	Daylight	Clear	Not a Collision Between Two Motor Vehicles in Transport	No	Traffic Control Signal	4	1	Pain Reported	NA	41.84681	-71.40519	FALSE	FALSE	N Main Street and Cemetery Street, Providence, RI, USA	Med	Raw	distance greater than 100m	TRUE	41.84681	-71.40519	2017	July	Mount Hope	3
1601	2017-07-16	592765	15:21:00	Pedestrian	1	NA	FALSE	FALSE	1	DOUGLAS AVE	DOUGLAS AVE	2017-07-16	Two-Way , Not Divided	Dry	Daylight	Clear	Not a Collision Between Two Motor Vehicles in Transport	No	No Controls	2	1	Pain Reported	NA	41.83717	-71.4223	FALSE	FALSE	Douglas Ave and Douglas Ave, Providence, RI, USA	Med High	Raw	distance greater than 100m	TRUE	41.83717	-71.4223	2017	July	Smith Hill	12
1599	2017-07-19	593649	10:07:00	Pedestrian	1	NA	FALSE	FALSE	1	978 Manton Ave	HERSCHEL ST	2017-07-19	Two-Way , Not Divided	Dry	Daylight	Clear	Not a Collision Between Two Motor Vehicles in Transport	Yes	No Controls	3	1	Pain Reported	2	41.83335	-71.46952	TRUE	FALSE	978 Manton Ave, Providence, RI, USA	High	Raw	NA	FALSE	41.83335	-71.46952	2017	July	Manton	6
1598	2017-07-20	594468	17:48:00	Bicycle	NA	1	FALSE	FALSE	1	WESTMINSTER ST	BARTON ST	2017-07-20	Two-Way , Not Divided	Wet	Daylight	Rain	Not a Collision Between Two Motor Vehicles in Transport	No	Traffic Control Signal	2	1	Pain Reported	NA	41.81592	-71.43653	FALSE	FALSE	Westminster Street and Barton Street, Providence, RI, USA	Med High	Raw	NA	FALSE	41.81592	-71.43653	2017	July	West End	13
1597	2017-07-23	595305	21:01:00	Bicycle	NA	1	FALSE	FALSE	1	Cranston Street	WALDO ST	2017-07-24	Two-Way, Divided, Unprotected (painted>4feet) Medium	Dry	Dark - Lighted	Cloudy	Not a Collision Between Two Motor Vehicles in Transport	Yes	No Controls	1	1	Pain Reported	NA	41.80634	-71.4363	FALSE	FALSE	Cranston Street and Waldo Street, Providence, RI, USA	Med High	Raw	NA	FALSE	41.80634	-71.4363	2017	July	West End	8
1595	2017-07-24	595568	13:53:00	Pedestrian	1	NA	FALSE	FALSE	1	DEXTER ST	POTTERS AVE	2017-07-24	Two-Way , Not Divided	Wet	Daylight	Rain	Not a Collision Between Two Motor Vehicles in Transport	No	No Controls	2	1	Pain Reported	NA	41.80187	-71.43094	FALSE	FALSE	Dexter Street and Potters Ave, Providence, RI, USA	Med High	Raw	NA	FALSE	41.80187	-71.43094	2017	July	West End	8
1596	2017-07-24	595747	19:29:00	Pedestrian	1	NA	FALSE	FALSE	1	244 UNION AVE	NA	2017-07-24	Two-Way , Not Divided	Wet	Dusk	Rain	Not a Collision Between Two Motor Vehicles in Transport	Yes	No Controls	2	1	Pain Reported	2	41.80752	-71.44491	TRUE	TRUE	244 Union Ave, Providence, RI, USA	High	Raw	NA	FALSE	41.80752	-71.44491	2017	July	Silver Lake	15
1594	2017-07-25	595993	01:00:00	Bicycle	NA	1	FALSE	FALSE	1	SERVICE ROAD 3	WESTMINSTER ST	2017-07-25	Two-Way , Not Divided	Wet	Dark - Lighted	Rain	Not a Collision Between Two Motor Vehicles in Transport	No	Stop Signs	3	1	Pain Reported	NA	41.81632	-71.44059	FALSE	FALSE	Service Road 3 and Westminster Street, Providence, RI, USA	Med High	Raw	distance greater than 100m	TRUE	41.81632	-71.44059	2017	July	Olneyville	15
1593	2017-07-26	596415	15:58:00	Bicycle	NA	1	FALSE	FALSE	1	TRASK ST	EDDY ST	2017-07-26	Two-Way , Not Divided	Dry	Daylight	Clear	Other	Yes	No Controls	2	1	Pain Reported	NA	41.8052	-71.40714	FALSE	FALSE	Trask Street and Eddy Street, Providence, RI, USA	Med High	Raw	NA	FALSE	41.8052	-71.40714	2017	July	Lower South Providence	11
1591	2017-07-27	596853	14:59:00	Other	NA	1	TRUE	FALSE	1	Hartford Ave	EDNA ST	2017-07-27	Two-Way, Divided, Unprotected (painted>4feet) Medium	Wet	Daylight	Cloudy	Angle (Front - to - Side) Right Angle (Includes Broadside)	No	No Controls	3	1	Pain Reported	NA	41.81685	-71.4455	FALSE	FALSE	Hartford Ave and Edna Street, Providence, RI, USA	Med High	Raw	NA	FALSE	41.81685	-71.4455	2017	July	Olneyville	15
1592	2017-07-27	597125	21:20:00	Bicycle	NA	1	FALSE	FALSE	1	NEWARK ST	ACADEMY AVE	2017-07-27	Two-Way , Not Divided	Dry	Dark - Lighted	Clear	Other	No	No Controls	2	1	Pain Reported	NA	41.8254	-71.44256	FALSE	FALSE	Newark Street and Academy Ave, Providence, RI, USA	Med High	Raw	NA	FALSE	41.8254	-71.44256	2017	July	Valley	12
1590	2017-07-28	597200	09:57:00	Bicycle	NA	1	FALSE	FALSE	2	OLNEYVILLE SQ	MANTON AVE	2017-07-28	Two-Way , Not Divided	Dry	Daylight	Clear	Angle (Front - to - Side) Same Direction	Yes	Traffic Control Signal	1	1	Pain Reported	NA	41.81676	-71.44324	FALSE	FALSE	Olneyville Sq and Manton Ave, Providence, RI, USA	Med	Raw	NA	FALSE	41.81676	-71.44324	2017	July	Olneyville	15
1589	2017-07-30	597822	19:35:00	Bicycle	NA	NA	FALSE	FALSE	2	HOPE ST	BLACKSTONE BLVD	2017-07-30	Two-Way , Not Divided	Dry	Daylight	Clear	Rear End(Front-to-Rear)	Yes	No Controls	4	2	Pain Reported	2	41.85622	-71.39145	FALSE	FALSE	Hope Street and Blackstone Blvd, Providence, RI, USA	Med High	Raw	NA	FALSE	41.85622	-71.39145	2017	July	Hope	3
1588	2017-08-01	598305	11:55:00	Pedestrian	1	NA	FALSE	FALSE	1	N MAIN ST	WALGREENS PHARMACY PARKING LOT	2017-08-01	Unknown	Dry	Daylight	Clear	Not a Collision Between Two Motor Vehicles in Transport	No	No Controls	4	1	Pain Reported	NA	41.85174	-71.40213	FALSE	FALSE	N Main Street and Walgreens Pharmacy Parking Lot, Providence, RI, USA	Med	Raw	distance greater than 100m	TRUE	41.85174	-71.40213	2017	August	Hope	3
1587	2017-08-03	599527	12:00:00	Pedestrian	1	NA	FALSE	FALSE	1	BARROWS ST	HARLAM ST	2017-08-03	Two-Way, Divided, Unprotected (painted>4feet) Medium	Dry	Daylight	Clear	Other	No	No Controls	3	1	Pain Reported	NA	41.81226	-71.45721	FALSE	FALSE	Barrows Street and Harlam Street, Providence, RI, USA	Med High	Raw	NA	FALSE	41.81226	-71.45721	2017	August	Silver Lake	7
1586	2017-08-04	599821	19:19:00	Bicycle	NA	1	FALSE	FALSE	1	CARPENTER ST	DEAN ST	2017-08-04	Two-Way , Not Divided	Dry	Daylight	Clear	Not a Collision Between Two Motor Vehicles in Transport	No	Stop Signs	3	0	No Injury	NA	41.82061	-71.42189	FALSE	FALSE	Carpenter Street and Dean Street, Providence, RI, USA	Med High	Raw	NA	FALSE	41.82061	-71.42189	2017	August	Federal Hill	13
1583	2017-08-05	599944	02:26:00	Pedestrian	1	NA	FALSE	FALSE	1	BROAD ST	HARVARD AVE	2017-08-05	Two-Way , Not Divided	Dry	Dark - Lighted	Cloudy	Other	Yes	No Controls	3	1	Incapacitating	NA	41.80872	-71.42072	FALSE	FALSE	Broad Street and Harvard Ave, Providence, RI, USA	Med	Raw	NA	FALSE	41.80872	-71.42072	2017	August	Elmwood	11
1584	2017-08-05	600049	14:17:00	Pedestrian	1	NA	FALSE	FALSE	1	24 Corliss St	CHARLES ST	2017-08-05	One-Way Trafficway	Dry	Daylight	Clear	Not a Collision Between Two Motor Vehicles in Transport	Yes	Stop Signs	1	1	Pain Reported	1	41.84008	-71.41313	TRUE	FALSE	24 Corliss Street, Providence, RI, USA	High	Raw	NA	FALSE	41.84008	-71.41313	2017	August	Mount Hope	4
1585	2017-08-05	600073	16:49:00	Bicycle	NA	1	FALSE	FALSE	1	Academy Ave/Dover St	ACADEMY AVE	2017-08-05	Two-Way , Not Divided	Wet	Daylight	Rain	Not a Collision Between Two Motor Vehicles in Transport	No	Stop Signs	3	1	Pain Reported	NA	41.83004	-71.44416	FALSE	FALSE	Academy Ave/Dover Street and Academy Ave, Providence, RI, USA	Med High	Raw	NA	FALSE	41.83004	-71.44416	2017	August	Mount Pleasant	6
1582	2017-08-07	600485	13:25:00	Bicycle	NA	1	FALSE	FALSE	1	BROAD ST	OXFORD ST	2017-08-07	Two-Way, Divided, Unprotected (painted>4feet) Medium	Dry	Daylight	Clear	Angle (Front - to - Side) Right Angle (Includes Broadside)	No	Traffic Control Signal	4	1	Pain Reported	NA	41.80042	-71.41741	FALSE	FALSE	Broad Street and Oxford Street, Providence, RI, USA	Med	Raw	NA	FALSE	41.80042	-71.41741	2017	August	Elmwood	9
1578	2017-08-09	601584	06:52:00	Bicycle	NA	1	FALSE	FALSE	1	RIVER AVE	EATON ST	2017-08-09	Two-Way , Not Divided	Dry	Daylight	Clear	Angle (Front - to - Side) Same Direction	No	Traffic Control Signal	2	1	Pain Reported	NA	41.84309	-71.4405	FALSE	FALSE	River Ave and Eaton Street, Providence, RI, USA	Med High	Raw	NA	FALSE	41.84309	-71.4405	2017	August	Elmhurst	14
1579	2017-08-09	601758	13:40:00	Pedestrian	1	NA	FALSE	FALSE	1	HARTFORD AVE	BODELL AVE	2017-08-09	Two-Way, Divided, Unprotected (painted>4feet) Medium	Dry	Daylight	Clear	Not a Collision Between Two Motor Vehicles in Transport	No	Traffic Control Signal	4	1	Fatal	NA	41.81763	-71.45362	FALSE	FALSE	Hartford Ave and Bodell Ave, Providence, RI, USA	Med High	Raw	NA	FALSE	41.81763	-71.45362	2017	August	Hartford	7
1580	2017-08-09	601836	22:02:00	Pedestrian	1	NA	FALSE	FALSE	1	FRANCIS ST	Finance Way	2017-08-09	Two-Way , Not Divided	Dry	Dark - Lighted	Clear	Not a Collision Between Two Motor Vehicles in Transport	No	Traffic Control Signal	5	1	Pain Reported	4	41.82747	-71.4154	FALSE	FALSE	Francis Street and Finance Way, Providence, RI, USA	Med	Raw	NA	FALSE	41.82747	-71.4154	2017	August	Downtown	12
1581	2017-08-09	601842	23:51:00	Pedestrian	1	NA	FALSE	FALSE	1	105 SISSON ST	ACTINIA ST	2017-08-10	Unknown	Dry	Dark - Lighted	Clear	Not a Collision Between Two Motor Vehicles in Transport	Yes	No Controls	2	0	No Injury	NA	41.82846	-71.45537	TRUE	FALSE	105 Sisson Street, Providence, RI, USA	High	Raw	NA	FALSE	41.82846	-71.45537	2017	August	Mount Pleasant	6