row_number	crash_date	crash_report_id	crash_time	collision_type	count_pedestrian	count_bicycle	scooter	wheel_chair	number_of_vehicles	street_or_highway	nearest_intersection	report_date	type_of_roadway	road_surface_condition	light_condition	weather_condition	manner_of_impact	hit_and_run	traffic_control	person_count	injury_count	most_serious_injury	number_of_lanes	lat_raw	lon_raw	has_st_number	is_intersection_null	address_sent_to_geocoder	api_coord_conf	best_coordinate_set	reason_for_qa	manually_qaed_record	final_lat	final_lon	year	month	pvd_nhood	pvd_wards
1577	2017-08-10	602192	21:55:00	Bicycle	NA	1	FALSE	FALSE	1	MANTON AVE	SALMON ST	2017-08-10	Two-Way , Not Divided	Dry	Dark - Lighted	Clear	Not a Collision Between Two Motor Vehicles in Transport	No	Traffic Control Signal	2	1	Pain Reported	NA	41.82524	-71.45427	FALSE	FALSE	Manton Ave and Salmon Street, Providence, RI, USA	Med High	Raw	NA	FALSE	41.82524	-71.45427	2017	August	Olneyville	6
1575	2017-08-12	602850	06:45:00	Pedestrian	1	NA	FALSE	FALSE	1	Amtrak railroad track	ricom way	2017-08-12	Unknown	Wet	Daylight	Clear	Not a Collision Between Two Motor Vehicles in Transport	No	Warning Signs	3	1	Incapacitating	NA	41.81093	-71.44223	FALSE	FALSE	Amtrak Railroad Track and Ricom Way, Providence, RI, USA	Med	Raw	NA	FALSE	41.81093	-71.44223	2017	August	Silver Lake	15
1576	2017-08-12	602970	15:20:00	Bicycle	NA	1	FALSE	FALSE	1	1280 BROAD ST	VERNDALE ST	2017-08-12	Two-Way , Not Divided	Dry	Daylight	Clear	Not a Collision Between Two Motor Vehicles in Transport	No	No Controls	2	0	No Injury	NA	41.79188	-71.40682	TRUE	FALSE	1280 Broad Street, Providence, RI, USA	High	Raw	NA	FALSE	41.79188	-71.40682	2017	August	Washington Park	10
1574	2017-08-15	604280	19:52:00	Bicycle	NA	1	FALSE	FALSE	1	Broadway	WESTMINSTER ST	2017-08-15	Two-Way, Divided, Unprotected (painted>4feet) Medium	Dry	Dark - Lighted	Clear	Other	Yes	Traffic Control Signal	2	1	Pain Reported	NA	41.81675	-71.44128	FALSE	FALSE	Broadway and Westminster Street, Providence, RI, USA	Med	Raw	NA	FALSE	41.81675	-71.44128	2017	August	Olneyville	15
1573	2017-08-16	604855	15:31:00	Pedestrian	1	NA	FALSE	FALSE	1	100 FRANCIS ST	NA	2017-08-16	Two-Way , Not Divided	Dry	Daylight	Clear	Not a Collision Between Two Motor Vehicles in Transport	Yes	No Controls	1	1	Pain Reported	NA	41.82971	-71.41594	TRUE	TRUE	100 Francis Street, Providence, RI, USA	High	Raw	distance greater than 100m	TRUE	41.82971	-71.41594	2017	August	Downtown	12
1572	2017-08-17	605505	19:38:00	Bicycle	1	NA	FALSE	FALSE	1	CHARLES ST	NAHANT ST	2017-08-17	Two-Way , Not Divided	Dry	Dusk	Clear	Not a Collision Between Two Motor Vehicles in Transport	No	No Controls	3	1	Non-Incapacitating	NA	41.85276	-71.42037	FALSE	FALSE	Charles Street and Nahant Street, Providence, RI, USA	Med	Raw	NA	FALSE	41.85276	-71.42037	2017	August	Charles	4
1571	2017-08-19	606201	09:50:00	Bicycle	NA	1	FALSE	FALSE	1	BROAD ST	HAWTHORNE AVE	2017-08-19	Two-Way , Not Divided	Dry	Daylight	Clear	Not a Collision Between Two Motor Vehicles in Transport	No	Traffic Control Signal	4	0	No Injury	NA	41.79287	-71.40805	FALSE	FALSE	Broad Street and Hawthorne Ave, Providence, RI, USA	Med	Raw	NA	FALSE	41.79287	-71.40805	2017	August	South Elmwood	10
1570	2017-08-21	607678	17:50:00	Bicycle	NA	1	FALSE	FALSE	1	REYNOLDS AVE	GORDON AVE	2017-08-21	Two-Way , Not Divided	Dry	Daylight	Clear	Sidwswipe, Opposite Direction	No	No Controls	2	0	No Injury	NA	41.80438	-71.41611	FALSE	FALSE	Reynolds Ave and Gordon Ave, Providence, RI, USA	Med High	Raw	NA	FALSE	41.80438	-71.41611	2017	August	Lower South Providence	11
1568	2017-08-22	608059	17:16:00	Bicycle	NA	1	FALSE	FALSE	1	WICKENDEN ST	BROOK ST	2017-08-22	Two-Way , Not Divided	Dry	Daylight	Clear	Not a Collision Between Two Motor Vehicles in Transport	No	Traffic Control Signal	3	1	Pain Reported	NA	41.81947	-71.39831	FALSE	FALSE	Wickenden Street and Brook Street, Providence, RI, USA	Med High	Raw	NA	FALSE	41.81947	-71.39831	2017	August	Fox Point	1
1569	2017-08-22	608412	19:11:00	Bicycle	NA	1	FALSE	FALSE	1	CUSHING ST	BROOK ST	2017-08-22	Two-Way , Not Divided	Dry	Daylight	Clear	Other	No	Stop Signs	4	1	Non-Incapacitating	2	41.83011	-71.39971	FALSE	FALSE	Cushing Street and Brook Street, Providence, RI, USA	Med High	Raw	NA	FALSE	41.83011	-71.39971	2017	August	College Hill	2
1566	2017-08-24	608931	14:09:00	Bicycle	NA	1	FALSE	FALSE	1	ATWELLS AVE	EUTAW ST	2017-08-24	Two-Way , Not Divided	Dry	Daylight	Clear	Not a Collision Between Two Motor Vehicles in Transport	Yes	No Controls	2	1	Non-Incapacitating	NA	41.82352	-71.42591	FALSE	FALSE	Atwells Ave and Eutaw Street, Providence, RI, USA	Med High	Raw	NA	FALSE	41.82352	-71.42591	2017	August	Federal Hill	13
1567	2017-08-24	609208	22:47:00	Pedestrian	1	NA	FALSE	FALSE	1	cranston st	BURGESS ST	2017-08-25	Two-Way , Not Divided	Dry	Dark - Lighted	Clear	Not a Collision Between Two Motor Vehicles in Transport	No	Pavement Markings	3	0	No Injury	2	41.81518	-71.42502	FALSE	FALSE	Cranston Street and Burgess Street, Providence, RI, USA	Med	Raw	distance greater than 100m	TRUE	41.81518	-71.42502	2017	August	West End	11
1565	2017-08-27	610375	19:00:00	Bicycle	NA	1	FALSE	FALSE	1	FRANCIS ST	GASPEE ST	2017-08-27	Two-Way, Not Divided With a Continuous Left Turn Lane	Dry	Dusk	Clear	Rear End(Front-to-Rear)	Yes	No Controls	1	0	No Injury	NA	41.82916	-71.41506	FALSE	FALSE	Francis Street and Gaspee Street, Providence, RI, USA	Med	Raw	distance greater than 100m	TRUE	41.82916	-71.41506	2017	August	Downtown	12
1564	2017-08-28	610604	14:04:00	Pedestrian	1	NA	FALSE	FALSE	1	ATWELLS AVE	DEAN ST	2017-08-28	Two-Way, Divided, Unprotected (painted>4feet) Medium	Dry	Daylight	Clear	Not a Collision Between Two Motor Vehicles in Transport	No	Traffic Control Signal	3	1	Pain Reported	NA	41.82339	-71.4242	FALSE	FALSE	Atwells Ave and Dean Street, Providence, RI, USA	Med High	Raw	NA	FALSE	41.82339	-71.4242	2017	August	Federal Hill	13
1563	2017-08-29	611281	20:16:00	Pedestrian	1	NA	FALSE	FALSE	1	HARTFORD AVE	GLENBRIDGE AVE	2017-08-29	Two-Way , Not Divided	Dry	Dark - Lighted	Clear	Not a Collision Between Two Motor Vehicles in Transport	No	Traffic Control Signal	3	1	Pain Reported	2	41.81898	-71.46162	FALSE	FALSE	Hartford Ave and Glenbridge Ave, Providence, RI, USA	Med High	Raw	NA	FALSE	41.81898	-71.46162	2017	August	Hartford	7
1562	2017-09-01	613563	22:37:00	Pedestrian	1	NA	FALSE	FALSE	1	LENOX AVE	MELROSE ST	2017-09-01	Two-Way , Not Divided	Dry	Dark - Lighted	Clear	Not a Collision Between Two Motor Vehicles in Transport	No	No Controls	4	1	Pain Reported	1	41.79617	-71.42166	FALSE	FALSE	Lenox Ave and Melrose Street, Providence, RI, USA	Med High	Raw	NA	FALSE	41.79617	-71.42166	2017	September	Elmwood	9
1561	2017-09-05	615787	20:20:00	Pedestrian	1	NA	FALSE	FALSE	1	Manton Ave	Olneyville Square	2017-09-05	Two-Way, Divided, Positive Median Barrier	Dry	Dark - Lighted	Clear	Not a Collision Between Two Motor Vehicles in Transport	Yes	No Controls	3	1	Incapacitating	NA	41.81677	-71.44355	FALSE	FALSE	Manton Ave and Olneyville Square, Providence, RI, USA	Med	Raw	NA	FALSE	41.81677	-71.44355	2017	September	Olneyville	15
1560	2017-09-06	615884	07:07:00	Pedestrian	1	NA	FALSE	FALSE	1	EMPIRE ST	CHAPEL ST	2017-09-06	Two-Way , Not Divided	Dry	Daylight	Cloudy	Not a Collision Between Two Motor Vehicles in Transport	No	No Controls	2	1	Non-Incapacitating	NA	41.82072	-71.415	FALSE	FALSE	Empire Street and Chapel Street, Providence, RI, USA	Med High	Raw	NA	FALSE	41.82072	-71.415	2017	September	Downtown	1
1559	2017-09-08	617447	16:47:00	Pedestrian	1	NA	FALSE	FALSE	1	EXIT 22A (RT )	FRANCIS ST	2017-09-08	Two-Way , Not Divided	Dry	Daylight	Clear	Other	No	Traffic Control Signal	5	1	Pain Reported	NA	41.82577	-71.41527	FALSE	FALSE	Exit 22a (Rt ) and Francis Street, Providence, RI, USA	Med	Raw	distance greater than 100m	TRUE	41.82577	-71.41527	2017	September	Downtown	1
1558	2017-09-09	617696	15:04:00	Bicycle	NA	1	FALSE	FALSE	1	Grand St	POTTERS AVE	2017-09-09	Two-Way , Not Divided	Dry	Daylight	Clear	Angle (Front - to - Side) Same Direction	Yes	No Controls	3	1	Pain Reported	NA	41.80295	-71.4319	FALSE	FALSE	Grand Street and Potters Ave, Providence, RI, USA	Med High	Raw	NA	FALSE	41.80295	-71.4319	2017	September	West End	8
1556	2017-09-10	618207	14:09:00	Bicycle	NA	1	FALSE	FALSE	1	RANKIN STREET	WHITFORD STREET	2017-09-10	Two-Way , Not Divided	Dry	Daylight	Clear	Not a Collision Between Two Motor Vehicles in Transport	No	Stop Signs	3	1	Pain Reported	NA	41.8386	-71.43575	FALSE	FALSE	Rankin Street and Whitford Street, Providence, RI, USA	Med	Geocoded	distance greater than 100m	TRUE	41.839134	-71.441124	2017	September	Elmhurst	5
1557	2017-09-10	618417	16:34:00	Pedestrian	1	NA	FALSE	FALSE	1	217 Hanover St	CRANSTON ST	2017-09-10	Two-Way , Not Divided	Dry	Daylight	Clear	Not a Collision Between Two Motor Vehicles in Transport	No	No Controls	2	1	Pain Reported	NA	41.8094	-71.4333	TRUE	FALSE	217 Hanover Street, Providence, RI, USA	High	Raw	NA	FALSE	41.8094	-71.4333	2017	September	West End	8
1555	2017-09-11	619034	19:20:00	Bicycle	1	1	FALSE	FALSE	1	chapin ave	ELLERY ST	2017-09-11	Two-Way , Not Divided	Dry	Dawn	Clear	Sidwswipe, Opposite Direction	Yes	No Controls	3	0	No Injury	NA	41.81188	-71.43817	FALSE	FALSE	Chapin Ave and Ellery Street, Providence, RI, USA	Med High	Raw	NA	FALSE	41.81188	-71.43817	2017	September	West End	13
1553	2017-09-12	619234	07:40:00	Bicycle	NA	1	FALSE	FALSE	1	POTTERS AVE	CRANSTON ST	2017-09-12	Two-Way , Not Divided	Dry	Daylight	Clear	Not a Collision Between Two Motor Vehicles in Transport	No	Other	4	1	Pain Reported	NA	41.80502	-71.4377	FALSE	FALSE	Potters Ave and Cranston Street, Providence, RI, USA	Med High	Raw	NA	FALSE	41.80502	-71.4377	2017	September	West End	8
1554	2017-09-12	619243	09:22:00	Bicycle	NA	1	FALSE	FALSE	1	CRARY STREET	EDDY STREET	2017-09-12	One-Way Trafficway	Dry	Daylight	Clear	Not a Collision Between Two Motor Vehicles in Transport	No	Traffic Control Signal	3	1	Pain Reported	2	41.82004	-71.43725	FALSE	FALSE	Crary Street and Eddy Street, Providence, RI, USA	Med	Neither	distance greater than 100m	TRUE	41.81229	-71.407093	2017	September	Upper South Providence	11
1548	2017-09-15	620596	09:05:00	Bicycle	NA	1	FALSE	FALSE	1	CARRINGTON AVE	HOPE ST	2017-09-15	Two-Way, Divided, Unprotected (painted>4feet) Medium	Dry	Daylight	Clear	Other	Yes	No Controls	2	1	Non-Incapacitating	NA	41.83658	-71.40118	FALSE	FALSE	Carrington Ave and Hope Street, Providence, RI, USA	Med High	Raw	NA	FALSE	41.83658	-71.40118	2017	September	Mount Hope	3
1549	2017-09-15	620603	09:07:00	Bicycle	NA	1	FALSE	FALSE	1	WARRINGTON AVE	ELMWOOD AVE	2017-09-15	Two-Way, Divided, Positive Median Barrier	Dry	Daylight	Clear	Angle (Front - to - Side) Right Angle (Includes Broadside)	No	Stop Signs	3	1	Pain Reported	NA	41.82267	-71.46053	FALSE	FALSE	Warrington Ave and Elmwood Ave, Providence, RI, USA	Med High	Geocoded	distance greater than 100m	TRUE	41.7933302	-71.4236779	2017	September	Elmwood	8
1550	2017-09-15	620624	10:53:00	Bicycle	NA	1	FALSE	FALSE	1	ELMWOOD AVE	PEACE ST	2017-09-15	Two-Way, Divided, Unprotected (painted>4feet) Medium	Dry	Daylight	Clear	Not a Collision Between Two Motor Vehicles in Transport	Yes	Traffic Control Signal	1	1	Pain Reported	NA	41.80655	-71.42494	FALSE	FALSE	Elmwood Ave and Peace Street, Providence, RI, USA	Med High	Raw	NA	FALSE	41.80655	-71.42494	2017	September	West End	9
1551	2017-09-15	620685	14:32:00	Pedestrian	1	NA	FALSE	FALSE	1	Pleasant Valley Pkwy	Valley Street	2017-09-15	One-Way Trafficway	Dry	Daylight	Clear	Not a Collision Between Two Motor Vehicles in Transport	No	No Controls	3	1	Pain Reported	NA	41.83076	-71.4281	FALSE	FALSE	Pleasant Valley Pkwy and Valley Street, Providence, RI, USA	Med High	Raw	NA	FALSE	41.83076	-71.4281	2017	September	Valley	12
1552	2017-09-15	620994	20:11:00	Bicycle	NA	1	FALSE	FALSE	1	EXIT 22A (RT )	FRANCIS ST	2017-09-15	One-Way Trafficway	Dry	Dark - Lighted	Clear	Other	No	Traffic Control Signal	2	1	Pain Reported	NA	41.82577	-71.41527	FALSE	FALSE	Exit 22a (Rt ) and Francis Street, Providence, RI, USA	Med	Raw	distance greater than 100m	TRUE	41.82577	-71.41527	2017	September	Downtown	1
1545	2017-09-16	621159	01:52:00	Bicycle	NA	1	FALSE	FALSE	2	PUTNAM ST	HALE ST	2017-09-16	Two-Way , Not Divided	Dry	Dark - Lighted	Clear	Not a Collision Between Two Motor Vehicles in Transport	No	No Controls	4	1	Incapacitating	NA	41.82384	-71.44389	FALSE	FALSE	Putnam Street and Hale Street, Providence, RI, USA	Med High	Raw	NA	FALSE	41.82384	-71.44389	2017	September	Olneyville	6
1546	2017-09-16	621490	18:35:00	Bicycle	NA	1	FALSE	FALSE	1	HUNTINGTON AVE	PLYMOUTH ST	2017-09-16	Two-Way , Not Divided	Dry	Dusk	Clear	Sidwswipe, Opposite Direction	No	Stop Signs	3	1	Pain Reported	NA	41.80115	-71.43221	FALSE	FALSE	Huntington Ave and Plymouth Street, Providence, RI, USA	Med High	Raw	NA	FALSE	41.80115	-71.43221	2017	September	West End	8
1547	2017-09-16	621610	19:02:00	Pedestrian	1	NA	FALSE	FALSE	1	Smith Street	Pinehurst Avenue	2017-09-16	Two-Way , Not Divided	Dry	Dark - Lighted	Clear	Not a Collision Between Two Motor Vehicles in Transport	No	No Controls	2	1	Incapacitating	NA	41.8373	-71.43289	FALSE	FALSE	Smith Street and Pinehurst Avenue, Providence, RI, USA	Med High	Raw	NA	FALSE	41.8373	-71.43289	2017	September	Elmhurst	14
1544	2017-09-17	621639	01:56:00	Pedestrian	1	NA	FALSE	FALSE	1	ATWELLS AVE	EUTAW ST	2017-09-17	Two-Way , Not Divided	Dry	Dark - Lighted	Clear	Not a Collision Between Two Motor Vehicles in Transport	Yes	No Controls	1	0	No Injury	NA	41.82353	-71.42605	FALSE	FALSE	Atwells Ave and Eutaw Street, Providence, RI, USA	Med High	Raw	NA	FALSE	41.82353	-71.42605	2017	September	Federal Hill	13
1543	2017-09-18	622530	19:24:00	Bicycle	NA	1	FALSE	FALSE	1	Potters Avenue and Broad Street	BROAD ST	2017-09-18	Two-Way , Not Divided	Dry	Dark - Lighted	Clear	Angle (Front - to - Side) Opposite Direction	No	Traffic Control Signal	2	1	Pain Reported	NA	41.80297	-71.41893	FALSE	FALSE	Potters Avenue And Broad Street and Broad Street, Providence, RI, USA	Med High	Raw	NA	FALSE	41.80297	-71.41893	2017	September	Elmwood	9
1542	2017-09-20	623878	16:50:00	Pedestrian	1	NA	FALSE	FALSE	1	EXCHANGE TER	Dorrance St	2017-09-21	Two-Way, Divided, Positive Median Barrier	Dry	Daylight	Clear	Other	No	Traffic Control Signal	2	1	Pain Reported	NA	41.82503	-71.4148	FALSE	FALSE	Exchange Ter and Dorrance Street, Providence, RI, USA	Med	Raw	distance greater than 100m	TRUE	41.82503	-71.4148	2017	September	Downtown	1
1540	2017-09-21	623943	11:28:00	Pedestrian	1	NA	FALSE	FALSE	1	Manton Ave	RIDGEWAY AVE	2017-09-21	Two-Way , Not Divided	Dry	Daylight	Clear	Sidwswipe, Opposite Direction	No	No Controls	3	1	Pain Reported	NA	41.82721	-71.46093	FALSE	FALSE	Manton Ave and Ridgeway Ave, Providence, RI, USA	Med High	Raw	NA	FALSE	41.82721	-71.46093	2017	September	Manton	6
1541	2017-09-21	623974	16:03:00	Bicycle	NA	1	FALSE	FALSE	1	PARK ROW E	CANAL ST	2017-09-21	Two-Way , Not Divided	Dry	Daylight	Clear	Sideswipe, Same Direction	No	No Controls	3	0	No Injury	NA	41.82846	-71.41071	FALSE	FALSE	Park Row E and Canal Street, Providence, RI, USA	Med High	Raw	NA	FALSE	41.82846	-71.41071	2017	September	Downtown	1
1538	2017-09-22	624629	19:19:00	Pedestrian	1	NA	FALSE	FALSE	1	LINWOOD AVE	DEXTER ST	2017-09-22	Two-Way, Divided, Unprotected (painted>4feet) Medium	Wet	Dark - Lighted	Rain	Not a Collision Between Two Motor Vehicles in Transport	Yes	No Controls	1	1	Pain Reported	NA	41.80536	-71.42958	FALSE	FALSE	Linwood Ave and Dexter Street, Providence, RI, USA	Med High	Raw	NA	FALSE	41.80536	-71.42958	2017	September	West End	8
1539	2017-09-22	624633	21:34:00	Pedestrian	1	NA	FALSE	FALSE	1	BRADFORD ST	ATWELLS AVE	2017-09-22	Two-Way, Divided, Unprotected (painted>4feet) Medium	Wet	Dark - Lighted	Rain	Not a Collision Between Two Motor Vehicles in Transport	Yes	No Controls	1	1	Pain Reported	NA	41.82323	-71.42178	FALSE	FALSE	Bradford Street and Atwells Ave, Providence, RI, USA	Med High	Raw	NA	FALSE	41.82323	-71.42178	2017	September	Federal Hill	13
1536	2017-09-23	624829	13:01:00	Pedestrian	1	NA	FALSE	TRUE	1	BROAD ST	SERVICE ROAD 7	2017-09-23	One-Way Trafficway	Dry	Daylight	Clear	Not a Collision Between Two Motor Vehicles in Transport	No	Traffic Control Signal	3	1	Pain Reported	NA	41.81736	-71.41696	FALSE	FALSE	Broad Street and Service Road 7, Providence, RI, USA	Med	Raw	NA	FALSE	41.81736	-71.41696	2017	September	Upper South Providence	11
1537	2017-09-23	625212	19:39:00	Bicycle	NA	1	FALSE	FALSE	1	1000 Elmwood Ave	ROSE AVE	2017-09-23	Two-Way, Divided, Unprotected (painted>4feet) Medium	Dry	Dark - Lighted	Clear	Not a Collision Between Two Motor Vehicles in Transport	No	No Controls	2	0	No Injury	NA	41.78427	-71.41877	TRUE	FALSE	1000 Elmwood Ave, Providence, RI, USA	High	Raw	distance greater than 100m	TRUE	41.78427	-71.41877	2017	September	South Elmwood	9
1533	2017-09-24	625705	16:10:00	Bicycle	NA	1	FALSE	FALSE	1	HENDRICK ST	ACADEMY AVE	2017-09-24	Two-Way, Divided, Unprotected (painted>4feet) Medium	Dry	Daylight	Clear	Head-On (Front - to - Front)	Yes	No Controls	1	1	Non-Incapacitating	NA	41.8279	-71.44383	FALSE	FALSE	Hendrick Street and Academy Ave, Providence, RI, USA	Med High	Raw	NA	FALSE	41.8279	-71.44383	2017	September	Mount Pleasant	6
1534	2017-09-24	625718	18:24:00	Bicycle	NA	1	FALSE	FALSE	1	200 Exchange Street	STILLMAN ST	2017-09-24	Two-Way , Not Divided	Dry	Daylight	Clear	Not a Collision Between Two Motor Vehicles in Transport	No	Stop Signs	3	0	No Injury	NA	41.82778	-71.41276	TRUE	FALSE	200 Exchange Street, Providence, RI, USA	High	Raw	NA	FALSE	41.82778	-71.41276	2017	September	Downtown	12
1535	2017-09-24	625747	16:15:00	Bicycle	NA	1	FALSE	FALSE	1	VEAZIE ST	DOUGLAS AVE	2017-09-24	Two-Way , Not Divided	Dry	Daylight	Clear	Not a Collision Between Two Motor Vehicles in Transport	No	No Controls	2	1	Non-Incapacitating	2	41.85086	-71.43433	FALSE	FALSE	Veazie Street and Douglas Ave, Providence, RI, USA	Med High	Raw	NA	FALSE	41.85086	-71.43433	2017	September	Wanskuck	14
1530	2017-09-26	626749	11:10:00	Bicycle	NA	1	FALSE	FALSE	1	LAUREL AVE	ELMGROVE AVE	2017-09-26	Two-Way , Not Divided	Dry	Daylight	Clear	Not a Collision Between Two Motor Vehicles in Transport	No	Stop Signs	5	1	Pain Reported	NA	41.83699	-71.39177	FALSE	FALSE	Laurel Ave and Elmgrove Ave, Providence, RI, USA	Med High	Raw	NA	FALSE	41.83699	-71.39177	2017	September	Blackstone	2
1531	2017-09-26	626991	18:59:00	Pedestrian	1	NA	FALSE	FALSE	1	HENRIETTA ST	MOY ST	2017-09-26	Two-Way , Not Divided	Dry	Dark - Lighted	Clear	Not a Collision Between Two Motor Vehicles in Transport	No	Stop Signs	4	1	Pain Reported	NA	41.85423	-71.43637	FALSE	FALSE	Henrietta Street and Moy Street, Providence, RI, USA	Med High	Raw	NA	FALSE	41.85423	-71.43637	2017	September	Wanskuck	4
1532	2017-09-26	627035	17:38:00	Pedestrian	1	NA	FALSE	FALSE	1	ELMA ST	Broad Street	2017-09-26	One-Way Trafficway	Dry	Daylight	Clear	Not a Collision Between Two Motor Vehicles in Transport	Yes	Other	2	1	Pain Reported	NA	41.79693	-71.41298	FALSE	FALSE	Elma Street and Broad Street, Providence, RI, USA	Med High	Raw	NA	FALSE	41.79693	-71.41298	2017	September	Elmwood	10
1529	2017-09-27	627848	19:13:00	Bicycle	NA	1	FALSE	FALSE	1	KNIGHT ST	WESTMINSTER ST	2017-09-27	Two-Way, Divided, Positive Median Barrier	Dry	Dark - Lighted	Clear	Other	No	Person	3	1	Pain Reported	NA	41.81719	-71.42627	FALSE	FALSE	Knight Street and Westminster Street, Providence, RI, USA	Med High	Raw	NA	FALSE	41.81719	-71.42627	2017	September	Federal Hill	13
1527	2017-09-28	628264	15:15:00	Pedestrian	1	NA	FALSE	FALSE	1	Smith St	Chalkstone Ave	2017-09-28	Two-Way, Divided, Unprotected (painted>4feet) Medium	Dry	Daylight	Clear	Not a Collision Between Two Motor Vehicles in Transport	Yes	No Controls	1	1	Pain Reported	NA	41.83525	-71.42574	FALSE	FALSE	Smith Street and Chalkstone Ave, Providence, RI, USA	Med High	Raw	NA	FALSE	41.83525	-71.42574	2017	September	Smith Hill	12
1528	2017-09-28	628267	17:57:00	Pedestrian	1	NA	FALSE	FALSE	1	WESTMINSTER ST	DORRANCE ST	2017-09-28	Two-Way, Divided, Unprotected (painted>4feet) Medium	Dry	Daylight	Clear	Not a Collision Between Two Motor Vehicles in Transport	No	No Controls	4	1	Pain Reported	NA	41.82361	-71.41167	FALSE	FALSE	Westminster Street and Dorrance Street, Providence, RI, USA	Med High	Raw	NA	FALSE	41.82361	-71.41167	2017	September	Downtown	1
1526	2017-09-30	629027	10:59:00	Bicycle	1	NA	FALSE	FALSE	1	BOND ST	ATWELLS AVE	2017-09-30	Two-Way , Not Divided	Dry	Daylight	Clear	Not a Collision Between Two Motor Vehicles in Transport	No	No Controls	3	0	No Injury	NA	41.82329	-71.42313	FALSE	FALSE	Bond Street and Atwells Ave, Providence, RI, USA	Med	Raw	NA	FALSE	41.82329	-71.42313	2017	September	Federal Hill	13
1524	2017-10-02	629952	14:37:00	Pedestrian	1	NA	FALSE	FALSE	1	UNION AVE	RT 10 NORTH ON RAMP	2017-10-02	One-Way Trafficway	Dry	Daylight	Clear	Not a Collision Between Two Motor Vehicles in Transport	No	Traffic Control Signal	2	1	Pain Reported	NA	41.8088	-71.44022	FALSE	FALSE	Union Ave and Rt 10 North On Ramp, Providence, RI, USA	Med	Raw	distance greater than 100m	TRUE	41.8088	-71.44022	2017	October	West End	13
1525	2017-10-02	630136	15:10:00	Pedestrian	1	NA	FALSE	FALSE	1	Broad St	THURBERS AVE	2017-10-02	Two-Way , Not Divided	Dry	Daylight	Clear	Not a Collision Between Two Motor Vehicles in Transport	No	Traffic Control Signal	2	1	Pain Reported	NA	41.7982	-71.41467	FALSE	FALSE	Broad Street and Thurbers Ave, Providence, RI, USA	Med	Raw	NA	FALSE	41.7982	-71.41467	2017	October	Elmwood	9
1523	2017-10-03	630508	15:04:00	Pedestrian	1	NA	FALSE	FALSE	1	BRIDGHAM ST	ELMWOOD AVE	2017-10-03	Two-Way , Not Divided	Dry	Daylight	Clear	Not a Collision Between Two Motor Vehicles in Transport	No	Traffic Control Signal	3	1	Pain Reported	NA	41.81277	-71.42218	FALSE	FALSE	Bridgham Street and Elmwood Ave, Providence, RI, USA	Med High	Raw	NA	FALSE	41.81277	-71.42218	2017	October	West End	11
1521	2017-10-05	631403	20:33:00	Pedestrian	2	NA	FALSE	FALSE	1	WESTMINSTER ST	SERVICE ROAD 8	2017-10-05	One-Way Trafficway	Dry	Dark - Lighted	Clear	Not a Collision Between Two Motor Vehicles in Transport	No	No Controls	4	2	Pain Reported	NA	41.81923	-71.41782	FALSE	FALSE	Westminster Street and Service Road 8, Providence, RI, USA	Med High	Raw	distance greater than 100m	TRUE	41.81923	-71.41782	2017	October	Downtown	1
1522	2017-10-05	631432	17:52:00	Pedestrian	1	NA	FALSE	FALSE	1	WESTMINSTER ST	KNIGHT ST	2017-10-05	Two-Way , Not Divided	Dry	Daylight	Clear	Not a Collision Between Two Motor Vehicles in Transport	No	No Controls	3	1	Pain Reported	NA	41.81713	-71.42626	FALSE	FALSE	Westminster Street and Knight Street, Providence, RI, USA	Med High	Raw	NA	FALSE	41.81713	-71.42626	2017	October	West End	11
1520	2017-10-06	631767	21:30:00	Pedestrian	1	NA	FALSE	FALSE	1	MERINO ST/ HARTFORD AVE	CROWNINSHIELD ST	2017-10-06	Two-Way , Not Divided	Dry	Dark - Lighted	Clear	Not a Collision Between Two Motor Vehicles in Transport	Yes	No Controls	1	0	Unknown	NA	41.81863	-71.45912	FALSE	FALSE	Merino St/ Hartford Ave and Crowninshield Street, Providence, RI, USA	Med	Raw	distance greater than 100m	TRUE	41.81863	-71.45912	2017	October	Hartford	7
1519	2017-10-07	631798	03:35:00	Pedestrian	1	NA	FALSE	FALSE	1	571 Union Ave	POCASSET AVE	2017-10-07	Two-Way , Not Divided	Dry	Dark - Lighted	Clear	Not a Collision Between Two Motor Vehicles in Transport	Yes	No Controls	1	1	Pain Reported	NA	41.80649	-71.4574	TRUE	FALSE	571 Union Ave, Providence, RI, USA	High	Raw	NA	FALSE	41.80649	-71.4574	2017	October	Silver Lake	7
1518	2017-10-08	632425	20:42:00	Bicycle	NA	1	FALSE	FALSE	1	CRANSTON STREET	POTTERS AVE	2017-10-08	Two-Way , Not Divided	Dry	Dark - Lighted	Clear	Not a Collision Between Two Motor Vehicles in Transport	Yes	Stop Signs	1	1	Pain Reported	2	41.80505	-71.43778	FALSE	FALSE	Cranston Street and Potters Ave, Providence, RI, USA	Med High	Raw	NA	FALSE	41.80505	-71.43778	2017	October	West End	8