row_number	crash_date	crash_report_id	crash_time	collision_type	count_pedestrian	count_bicycle	scooter	wheel_chair	number_of_vehicles	street_or_highway	nearest_intersection	report_date	type_of_roadway	road_surface_condition	light_condition	weather_condition	manner_of_impact	hit_and_run	traffic_control	person_count	injury_count	most_serious_injury	number_of_lanes	lat_raw	lon_raw	has_st_number	is_intersection_null	address_sent_to_geocoder	api_coord_conf	best_coordinate_set	reason_for_qa	manually_qaed_record	final_lat	final_lon	year	month	pvd_nhood	pvd_wards
1215	2018-09-21	748162	20:05:00	Pedestrian	1	NA	FALSE	FALSE	1	EXCHANGE TER	FRANCIS ST	2018-09-21	One-Way Trafficway	Dry	Dark - Lighted	Clear	Not a Collision Between Two Motor Vehicles in Transport	No	Traffic Control Signal	4	1	Pain Reported	NA	41.82497	-71.41496	FALSE	FALSE	Exchange Ter and Francis Street, Providence, RI, USA	Med High	Raw	NA	FALSE	41.82497	-71.41496	2018	September	Downtown	1
1213	2018-09-22	748256	17:19:00	Pedestrian	1	NA	FALSE	FALSE	1	450 Cranston Street	Superior Street	2018-09-22	Two-Way , Not Divided	Dry	Daylight	Clear	Not a Collision Between Two Motor Vehicles in Transport	No	No Controls	4	1	Non-Incapacitating	1	41.8107	-71.43234	TRUE	FALSE	450 Cranston Street, Providence, RI, USA	High	Raw	NA	FALSE	41.8107	-71.43234	2018	September	West End	8
1214	2018-09-22	748264	19:11:00	Pedestrian	1	NA	FALSE	FALSE	1	REYNOLDS AVE	BROAD STREET	2018-09-22	Two-Way , Not Divided	Dry	Dark - Lighted	Clear	Head-On (Front - to - Front)	No	No Controls	2	1	Pain Reported	NA	41.80357	-71.41907	FALSE	FALSE	Reynolds Ave and Broad Street, Providence, RI, USA	Med High	Raw	NA	FALSE	41.80357	-71.41907	2018	September	Elmwood	11
1212	2018-09-24	748410	23:49:00	Pedestrian	1	NA	FALSE	FALSE	1	SMITH ST	CHALKSTONE AVE	2018-09-25	Two-Way , Not Divided	Dry	Dark - Lighted	Clear	Other	Yes	Pavement Markings	2	1	Pain Reported	2	41.83507	-71.42528	FALSE	FALSE	Smith Street and Chalkstone Ave, Providence, RI, USA	Med High	Raw	NA	FALSE	41.83507	-71.42528	2018	September	Smith Hill	12
1208	2018-09-25	748422	05:58:00	Pedestrian	1	NA	FALSE	FALSE	1	201 Messer St	UNION AVE	2018-09-25	Two-Way , Not Divided	Dry	Dark - Lighted	Clear	Not a Collision Between Two Motor Vehicles in Transport	Yes	No Controls	2	1	Pain Reported	NA	41.81007	-71.43481	TRUE	FALSE	201 Messer Street, Providence, RI, USA	High	Raw	NA	FALSE	41.81007	-71.43481	2018	September	West End	8
1209	2018-09-25	748439	11:10:00	Bicycle	NA	1	FALSE	FALSE	2	DORRANCE ST	CLIFFORD ST	2018-09-25	Two-Way, Divided, Unprotected (painted>4feet) Medium	Wet	Daylight	Sleet, Hail (Freezing Rain or Drizzle)	Other	No	No Controls	4	1	Pain Reported	NA	41.82161	-71.4089	FALSE	FALSE	Dorrance Street and Clifford Street, Providence, RI, USA	Med High	Raw	NA	FALSE	41.82161	-71.4089	2018	September	Downtown	1
1210	2018-09-25	748510	19:47:00	Pedestrian	1	NA	FALSE	FALSE	1	FRICKER ST	BROAD ST	2018-09-25	Two-Way , Not Divided	Wet	Dark - Lighted	Rain	Angle - Direction Not Specified	Yes	Pavement Markings	3	1	Incapacitating	2	41.81537	-71.42074	FALSE	FALSE	Fricker Street and Broad Street, Providence, RI, USA	Med High	Raw	NA	FALSE	41.81537	-71.42074	2018	September	West End	11
1211	2018-09-25	748576	03:58:00	Pedestrian	1	NA	FALSE	FALSE	1	172 Roanoke Street	CARLETON ST	2018-09-26	Two-Way , Not Divided	Dry	Daylight	Rain	Not a Collision Between Two Motor Vehicles in Transport	Yes	No Controls	1	0	No Injury	NA	41.83139	-71.44787	TRUE	FALSE	172 Roanoke Street, Providence, RI, USA	High	Raw	distance greater than 100m	TRUE	41.83139	-71.44787	2018	September	Mount Pleasant	6
1203	2018-09-27	748620	08:22:00	Bicycle	NA	1	FALSE	FALSE	1	DOYLE AVE	HOPE ST	2018-09-27	Two-Way, Divided, Unprotected (painted>4feet) Medium	Dry	Daylight	Clear	Angle (Front - to - Side) Right Angle (Includes Broadside)	No	Traffic Control Signal	8	1	Pain Reported	2	41.83877	-71.4001	FALSE	FALSE	Doyle Ave and Hope Street, Providence, RI, USA	Med High	Raw	NA	FALSE	41.83877	-71.4001	2018	September	Mount Hope	3
1204	2018-09-27	748629	10:30:00	Pedestrian	1	NA	FALSE	FALSE	1	274 Mount Pleasant Ave	MANOMET ST	2018-09-27	Two-Way , Not Divided	Dry	Daylight	Clear	Not a Collision Between Two Motor Vehicles in Transport	No	No Controls	3	1	Pain Reported	NA	41.83393	-71.45004	TRUE	FALSE	274 Mount Pleasant Ave, Providence, RI, USA	High	Raw	NA	FALSE	41.83393	-71.45004	2018	September	Mount Pleasant	5
1205	2018-09-27	748631	12:17:00	Pedestrian	1	NA	FALSE	FALSE	1	80 Dexter St	DIVISION ST	2018-09-27	Two-Way, Divided, Unprotected (painted>4feet) Medium	Dry	Daylight	Clear	Not a Collision Between Two Motor Vehicles in Transport	Yes	No Controls	4	1	Pain Reported	NA	41.81452	-71.43044	TRUE	FALSE	80 Dexter Street, Providence, RI, USA	High	Raw	NA	FALSE	41.81452	-71.43044	2018	September	West End	13
1206	2018-09-27	748636	13:06:00	Pedestrian	1	NA	FALSE	FALSE	1	ASHBURTON ST	ASHBURTON ST	2018-09-27	One-Way Trafficway	Dry	Daylight	Clear	Not a Collision Between Two Motor Vehicles in Transport	No	No Controls	4	1	Pain Reported	NA	41.83665	-71.41407	FALSE	FALSE	Ashburton Street and Ashburton Street, Providence, RI, USA	Med	Raw	distance greater than 100m	TRUE	41.83665	-71.41407	2018	September	Mount Hope	3
1207	2018-09-27	748664	16:17:00	Pedestrian	1	NA	FALSE	FALSE	1	GANO ST	ANGELL ST	2018-09-27	Two-Way , Not Divided	Dry	Daylight	Clear	Other	No	Pavement Markings	3	1	Pain Reported	2	41.82955	-71.39097	FALSE	FALSE	Gano Street and Angell Street, Providence, RI, USA	Med High	Raw	NA	FALSE	41.82955	-71.39097	2018	September	Wayland	1
1200	2018-09-29	748894	23:48:00	Pedestrian	1	NA	FALSE	FALSE	1	BROAD ST	ELMWOOD AVE	2018-09-30	One-Way Trafficway	Dry	Dark - Lighted	Clear	Other	No	Traffic Control Signal	3	0	No Injury	3	41.81286	-71.42197	FALSE	FALSE	Broad Street and Elmwood Ave, Providence, RI, USA	Med	Raw	NA	FALSE	41.81286	-71.42197	2018	September	West End	11
1201	2018-09-29	748948	02:13:00	Bicycle	NA	1	FALSE	FALSE	1	BUCKLIN ST	REDWING ST	2018-10-01	Two-Way , Not Divided	Dry	Dark - Lighted	Clear	Not a Collision Between Two Motor Vehicles in Transport	Yes	Stop Signs	3	1	Pain Reported	NA	41.79923	-71.42774	FALSE	FALSE	Bucklin Street and Redwing Street, Providence, RI, USA	Med High	Raw	NA	FALSE	41.79923	-71.42774	2018	September	West End	9
1202	2018-09-29	749444	23:57:00	Pedestrian	1	NA	FALSE	FALSE	1	Manton	HILLARD ST	2018-10-06	Two-Way , Not Divided	Dry	Dark - Lighted	Clear	Other	No	No Controls	3	1	Pain Reported	NA	41.8201	-71.44685	FALSE	FALSE	Manton and Hillard Street, Providence, RI, USA	Med High	Raw	NA	FALSE	41.8201	-71.44685	2018	September	Olneyville	15
1197	2018-10-01	749010	13:12:00	Bicycle	NA	1	FALSE	FALSE	1	WILLIAMS ST	S WATER ST	2018-10-01	One-Way Trafficway	Wet	Daylight	Clear	Not a Collision Between Two Motor Vehicles in Transport	No	Stop Signs	3	1	Pain Reported	NA	41.82157	-71.40438	FALSE	FALSE	Williams Street and S Water Street, Providence, RI, USA	Med	Raw	distance greater than 100m	TRUE	41.82157	-71.40438	2018	October	Fox Point	1
1198	2018-10-01	749072	18:38:00	Pedestrian	1	NA	FALSE	FALSE	1	160 CHAPIN AVE	ELLERY ST	2018-10-01	Two-Way , Not Divided	Wet	Dark - Lighted	Rain	Other	No	No Controls	2	1	Pain Reported	NA	41.81186	-71.43764	TRUE	FALSE	160 Chapin Ave, Providence, RI, USA	High	Raw	NA	FALSE	41.81186	-71.43764	2018	October	West End	13
1199	2018-10-01	749095	22:15:00	Pedestrian	1	NA	FALSE	FALSE	1	SMITH ST	DANFORTH ST	2018-10-01	Two-Way, Divided, Unprotected (painted>4feet) Medium	Wet	Dark - Lighted	Sleet, Hail (Freezing Rain or Drizzle)	Not a Collision Between Two Motor Vehicles in Transport	Yes	No Controls	2	1	Pain Reported	NA	41.83557	-71.42652	FALSE	FALSE	Smith Street and Danforth Street, Providence, RI, USA	Med High	Raw	NA	FALSE	41.83557	-71.42652	2018	October	Smith Hill	12
1196	2018-10-02	749129	12:45:00	Pedestrian	1	NA	FALSE	FALSE	1	WESTMINSTER ST	DORRANCE ST	2018-10-02	Two-Way , Not Divided	Wet	Daylight	Cloudy	Other	No	Traffic Control Signal	2	1	Pain Reported	NA	41.82361	-71.41167	FALSE	FALSE	Westminster Street and Dorrance Street, Providence, RI, USA	Med High	Raw	NA	FALSE	41.82361	-71.41167	2018	October	Downtown	1
1194	2018-10-05	749512	15:02:00	Bicycle	NA	1	FALSE	FALSE	1	WASHINGTON ST	EXCHANGE ST	2018-10-06	One-Way Trafficway	Dry	Daylight	Clear	Not a Collision Between Two Motor Vehicles in Transport	No	No Controls	3	0	No Injury	NA	41.8246	-71.41254	FALSE	FALSE	Washington Street and Exchange Street, Providence, RI, USA	Med	Raw	distance greater than 100m	TRUE	41.8246	-71.41254	2018	October	Downtown	1
1195	2018-10-05	749771	16:50:00	Pedestrian	1	NA	FALSE	FALSE	1	Messer Street	Cranston Street	2018-10-09	Two-Way , Not Divided	Dry	Daylight	Clear	Not a Collision Between Two Motor Vehicles in Transport	Yes	No Controls	1	1	Non-Incapacitating	1	41.80964	-71.43347	FALSE	FALSE	Messer Street and Cranston Street, Providence, RI, USA	Med High	Raw	NA	FALSE	41.80964	-71.43347	2018	October	West End	8
1193	2018-10-06	749493	16:25:00	Pedestrian	1	NA	FALSE	FALSE	1	Smith St	CHALKSTONE AVE	2018-10-06	Two-Way , Not Divided	Dry	Daylight	Clear	Not a Collision Between Two Motor Vehicles in Transport	No	Traffic Control Signal	5	1	Pain Reported	NA	41.83522	-71.42566	FALSE	FALSE	Smith Street and Chalkstone Ave, Providence, RI, USA	Med High	Raw	NA	FALSE	41.83522	-71.42566	2018	October	Smith Hill	12
1190	2018-10-07	749561	14:42:00	Pedestrian	2	NA	FALSE	FALSE	1	315 broad st	BROAD ST	2018-10-07	Two-Way , Not Divided	Dry	Daylight	Clear	Not a Collision Between Two Motor Vehicles in Transport	Yes	No Controls	3	2	Non-Incapacitating	NA	41.8144	-71.42116	TRUE	FALSE	315 Broad Street, Providence, RI, USA	High	Raw	NA	FALSE	41.8144	-71.42116	2018	October	West End	11
1191	2018-10-07	749574	19:25:00	Bicycle	NA	2	FALSE	FALSE	1	Hawkins Street	YORKSHIRE ST	2018-10-07	Two-Way , Not Divided	Wet	Dark - Lighted	Rain	Not a Collision Between Two Motor Vehicles in Transport	No	No Controls	4	0	No Injury	NA	41.84871	-71.4257	FALSE	FALSE	Hawkins Street and Yorkshire Street, Providence, RI, USA	Med High	Raw	NA	FALSE	41.84871	-71.4257	2018	October	Wanskuck	4
1192	2018-10-07	751407	15:13:00	Pedestrian	1	NA	FALSE	FALSE	1	Douglas Avenue	Fillmore Street	2018-10-17	Two-Way, Divided, Unprotected (painted>4feet) Medium	Dry	Daylight	Clear	Not a Collision Between Two Motor Vehicles in Transport	Yes	Pavement Markings	3	1	Non-Incapacitating	1	41.83718	-71.42232	FALSE	FALSE	Douglas Avenue and Fillmore Street, Providence, RI, USA	Med High	Raw	NA	FALSE	41.83718	-71.42232	2018	October	Smith Hill	12
1188	2018-10-10	749877	17:10:00	Pedestrian	2	NA	FALSE	FALSE	1	MERINO ST	CROWNINSHIELD ST	2018-10-10	Two-Way, Divided, Unprotected (painted>4feet) Medium	Dry	Daylight	Clear	Other	Yes	No Controls	2	2	Pain Reported	NA	41.81852	-71.45909	FALSE	FALSE	Merino Street and Crowninshield Street, Providence, RI, USA	Med High	Raw	distance greater than 100m	TRUE	41.81852	-71.45909	2018	October	Hartford	7
1189	2018-10-10	749882	17:07:00	Pedestrian	1	NA	FALSE	FALSE	1	ALVERSON AVE	NYE ST	2018-10-10	Two-Way, Divided, Unprotected (painted>4feet) Medium	Dry	Daylight	Clear	Not a Collision Between Two Motor Vehicles in Transport	No	No Controls	2	1	Pain Reported	NA	41.81874	-71.46007	FALSE	FALSE	Alverson Ave and Nye Street, Providence, RI, USA	Med High	Geocoded	distance greater than 100m	TRUE	41.8169709	-71.4594499	2018	October	Hartford	7
1186	2018-10-11	749929	10:30:00	Pedestrian	1	NA	FALSE	FALSE	1	Elmwood Ave	BURNETT ST	2018-10-11	Two-Way , Not Divided	Dry	Daylight	Clear	Not a Collision Between Two Motor Vehicles in Transport	No	Pavement Markings	4	1	Pain Reported	2	41.80299	-71.42587	FALSE	FALSE	Elmwood Ave and Burnett Street, Providence, RI, USA	Med High	Raw	NA	FALSE	41.80299	-71.42587	2018	October	West End	9
1187	2018-10-11	749983	18:11:00	Bicycle	NA	1	FALSE	FALSE	1	ADMIRAL ST	DOUGLAS AVE	2018-10-11	Two-Way , Not Divided	Wet	Dark - Lighted	Rain	Not a Collision Between Two Motor Vehicles in Transport	No	Traffic Control Signal	3	1	Pain Reported	NA	41.84605	-71.429	FALSE	FALSE	Admiral Street and Douglas Ave, Providence, RI, USA	Med High	Raw	NA	FALSE	41.84605	-71.429	2018	October	Wanskuck	14
1184	2018-10-12	750049	14:11:00	Bicycle	NA	1	FALSE	FALSE	1	MANTON AVE	CHAFFEE ST	2018-10-12	Two-Way, Divided, Unprotected (painted>4feet) Medium	Dry	Daylight	Clear	Not a Collision Between Two Motor Vehicles in Transport	No	No Controls	3	1	Pain Reported	NA	41.81879	-71.44572	FALSE	FALSE	Manton Ave and Chaffee Street, Providence, RI, USA	Med High	Raw	NA	FALSE	41.81879	-71.44572	2018	October	Olneyville	15
1185	2018-10-12	751349	22:10:00	Bicycle	NA	1	FALSE	FALSE	1	ATWELLS AVENUE	ACADEMY AVE	2018-10-12	Two-Way , Not Divided	Dry	Dark - Lighted	Clear	Not a Collision Between Two Motor Vehicles in Transport	No	Traffic Control Signal	2	1	Pain Reported	NA	41.82478	-71.44338	FALSE	FALSE	Atwells Avenue and Academy Ave, Providence, RI, USA	Med High	Raw	NA	FALSE	41.82478	-71.44338	2018	October	Olneyville	12
1183	2018-10-13	751114	09:58:00	Pedestrian	1	NA	FALSE	FALSE	1	RESERVOIR AVE	ALGONQUIN ST	2018-10-13	Two-Way , Not Divided	Wet	Daylight	Rain	Other	No	No Controls	2	1	Pain Reported	2	41.79342	-71.42708	FALSE	FALSE	Reservoir Ave and Algonquin Street, Providence, RI, USA	Med High	Raw	NA	FALSE	41.79342	-71.42708	2018	October	Reservoir	8
1182	2018-10-16	751342	14:27:00	Pedestrian	1	NA	FALSE	FALSE	1	BROOK STREET	MANNING WALK	2018-10-16	Two-Way , Not Divided	Dry	Daylight	Clear	Not a Collision Between Two Motor Vehicles in Transport	No	Yield Signs	2	1	Pain Reported	2	41.82648	-71.39918	FALSE	FALSE	Brook Street and Manning Walk, Providence, RI, USA	Med High	Raw	NA	FALSE	41.82648	-71.39918	2018	October	College Hill	1
1180	2018-10-17	751370	08:33:00	Pedestrian	1	NA	FALSE	FALSE	1	HUXLEY AVE	ADMIRAL ST	2018-10-17	Two-Way , Not Divided	Dry	Daylight	Clear	Other	No	No Controls	4	1	Non-Incapacitating	2	41.84669	-71.43266	FALSE	FALSE	Huxley Ave and Admiral Street, Providence, RI, USA	Med High	Raw	NA	FALSE	41.84669	-71.43266	2018	October	Elmhurst	14
1181	2018-10-17	751418	20:58:00	Pedestrian	1	NA	FALSE	FALSE	1	Chalkstone Ave	Grosvenor Ave	2018-10-17	Two-Way , Not Divided	Dry	Dark - Lighted	Clear	Not a Collision Between Two Motor Vehicles in Transport	No	No Controls	3	1	Pain Reported	NA	41.83236	-71.43979	FALSE	FALSE	Chalkstone Ave and Grosvenor Ave, Providence, RI, USA	Med High	Raw	NA	FALSE	41.83236	-71.43979	2018	October	Valley	5
1177	2018-10-20	751607	14:00:00	Pedestrian	1	NA	FALSE	FALSE	1	Eddy Street	PAVILION AVE	2018-10-20	Two-Way , Not Divided	Dry	Daylight	Clear	Not a Collision Between Two Motor Vehicles in Transport	Yes	No Controls	1	1	Pain Reported	NA	41.79732	-71.40511	FALSE	FALSE	Eddy Street and Pavilion Ave, Providence, RI, USA	Med High	Raw	NA	FALSE	41.79732	-71.40511	2018	October	Lower South Providence	10
1178	2018-10-20	751655	19:42:00	Pedestrian	1	NA	FALSE	FALSE	1	UNION AVE	WHITEHALL ST	2018-10-20	Two-Way , Not Divided	Dry	Dark - Lighted	Clear	Unknown	No	No Controls	3	1	Pain Reported	NA	41.80789	-71.44347	FALSE	FALSE	Union Ave and Whitehall Street, Providence, RI, USA	Med	Raw	NA	FALSE	41.80789	-71.44347	2018	October	Silver Lake	15
1179	2018-10-20	751673	19:21:00	Pedestrian	1	NA	FALSE	FALSE	1	Elmwood ave/ reservoir ave	NA	2018-10-21	Two-Way , Not Divided	Dry	Daylight	Clear	Not a Collision Between Two Motor Vehicles in Transport	No	Unknown	2	1	Pain Reported	NA	41.79782	-71.42611	FALSE	TRUE	Elmwood Ave/ Reservoir Ave, Providence, RI, USA	Inaccurate	Raw	NA	FALSE	41.79782	-71.42611	2018	October	West End	9
1176	2018-10-24	751985	17:34:00	Pedestrian	1	NA	FALSE	FALSE	1	731 Eddy Street	NA	2018-10-24	Two-Way , Not Divided	Dry	Daylight	Clear	Not a Collision Between Two Motor Vehicles in Transport	No	No Controls	3	1	Non-Incapacitating	NA	41.8087	-71.40723	TRUE	TRUE	731 Eddy Street, Providence, RI, USA	High	Raw	distance greater than 100m	TRUE	41.8087	-71.40723	2018	October	Upper South Providence	11
1173	2018-10-26	752103	13:21:00	Pedestrian	1	NA	FALSE	FALSE	1	VEAZIE ST	DOUGLAS AVE	2018-10-26	Two-Way , Not Divided	Dry	Daylight	Clear	Other	No	No Controls	6	0	No Injury	NA	41.85107	-71.43444	FALSE	FALSE	Veazie Street and Douglas Ave, Providence, RI, USA	Med High	Raw	NA	FALSE	41.85107	-71.43444	2018	October	Wanskuck	14
1174	2018-10-26	752139	17:21:00	Bicycle	NA	1	FALSE	FALSE	1	WILLIAMS ST	BROOK ST	2018-10-26	Two-Way, Divided, Unprotected (painted>4feet) Medium	Dry	Daylight	Clear	Angle (Front - to - Side) Opposite Direction	No	Stop Signs	2	1	Pain Reported	NA	41.82245	-71.39859	FALSE	FALSE	Williams Street and Brook Street, Providence, RI, USA	Med	Raw	NA	FALSE	41.82245	-71.39859	2018	October	Fox Point	1
1175	2018-10-26	752155	19:33:00	Bicycle	NA	1	FALSE	FALSE	1	Smith St	Holden St	2018-10-26	Two-Way , Not Divided	Dry	Dark - Lighted	Clear	Not a Collision Between Two Motor Vehicles in Transport	No	No Controls	3	1	Incapacitating	NA	41.83226	-71.41818	FALSE	FALSE	Smith Street and Holden Street, Providence, RI, USA	Med High	Raw	NA	FALSE	41.83226	-71.41818	2018	October	Smith Hill	12
1169	2018-10-27	752173	21:58:00	Pedestrian	1	NA	FALSE	FALSE	1	BENEFIT ST	COLLEGE ST	2018-10-27	Two-Way , Not Divided	Dry	Dark - Lighted	Clear	Not a Collision Between Two Motor Vehicles in Transport	Yes	Stop Signs	2	1	Pain Reported	NA	41.826	-71.40683	FALSE	FALSE	Benefit Street and College Street, Providence, RI, USA	Med High	Raw	NA	FALSE	41.826	-71.40683	2018	October	College Hill	2
1170	2018-10-27	752183	17:43:00	Pedestrian	1	NA	FALSE	FALSE	1	ALLENS AVE	TORONTO AVE	2018-10-27	Two-Way, Divided, Unprotected (painted>4feet) Medium	Wet	Dark - Lighted	Rain	Angle (Front - to - Side) Opposite Direction	Yes	No Controls	1	1	Pain Reported	NA	41.79268	-71.39721	FALSE	FALSE	Allens Ave and Toronto Ave, Providence, RI, USA	Med High	Raw	NA	FALSE	41.79268	-71.39721	2018	October	Washington Park	10
1171	2018-10-27	752199	21:17:00	Pedestrian	1	NA	FALSE	FALSE	1	Pearl St	Broad St	2018-10-27	Two-Way , Not Divided	Wet	Dark - Lighted	Rain	Not a Collision Between Two Motor Vehicles in Transport	No	Traffic Control Signal	3	1	Pain Reported	NA	41.81528	-71.42039	FALSE	FALSE	Pearl Street and Broad Street, Providence, RI, USA	Med	Raw	NA	FALSE	41.81528	-71.42039	2018	October	West End	11
1172	2018-10-27	752235	06:30:00	Pedestrian	1	NA	FALSE	FALSE	1	141 Weybosset St	EDDY ST	2018-10-28	Two-Way , Not Divided	Wet	Dawn	Rain	Not a Collision Between Two Motor Vehicles in Transport	Yes	No Controls	1	1	Pain Reported	NA	41.82271	-71.41137	TRUE	FALSE	141 Weybosset Street, Providence, RI, USA	High	Raw	NA	FALSE	41.82271	-71.41137	2018	October	Downtown	1
1168	2018-10-29	752329	15:29:00	Bicycle	NA	1	FALSE	FALSE	1	PARK ST	PROMENADE ST	2018-10-29	Two-Way , Not Divided	Dry	Daylight	Clear	Not a Collision Between Two Motor Vehicles in Transport	No	Traffic Control Signal	3	1	Pain Reported	NA	41.82773	-71.41764	FALSE	FALSE	Park Street and Promenade Street, Providence, RI, USA	Med	Raw	NA	FALSE	41.82773	-71.41764	2018	October	Downtown	12
1165	2018-10-31	752521	07:20:00	Pedestrian	1	NA	FALSE	FALSE	1	DUDLEY ST	GAY ST	2018-10-31	Two-Way , Not Divided	Dry	Daylight	Clear	Not a Collision Between Two Motor Vehicles in Transport	No	No Controls	2	1	Pain Reported	NA	41.80998	-71.41326	FALSE	FALSE	Dudley Street and Gay Street, Providence, RI, USA	Med High	Raw	NA	FALSE	41.80998	-71.41326	2018	October	Upper South Providence	11
1166	2018-10-31	752541	08:15:00	Other	NA	NA	TRUE	FALSE	2	S MAIN ST	COLLEGE ST	2018-10-31	One-Way Trafficway	Dry	Daylight	Clear	Rear End(Front-to-Rear)	No	Pavement Markings	3	0	No Injury	2	41.82602	-71.40816	FALSE	FALSE	S Main Street and College Street, Providence, RI, USA	Med High	Raw	NA	FALSE	41.82602	-71.40816	2018	October	Downtown	2
1167	2018-10-31	752544	08:51:00	Bicycle	NA	1	FALSE	FALSE	1	EAST RIVER ST	WATERMAN ST	2018-10-31	Two-Way , Not Divided	Dry	Daylight	Clear	Other	No	No Controls	3	1	Pain Reported	2	41.82768	-71.3814	FALSE	FALSE	East River Street and Waterman Street, Providence, RI, USA	Med	Raw	distance greater than 100m	TRUE	41.82768	-71.3814	2018	October	Wayland	1
1163	2018-11-02	752714	07:22:00	Bicycle	NA	1	FALSE	FALSE	1	500 Broad St	Pine St	2018-11-02	Two-Way , Not Divided	Wet	Dawn	Cloudy	Not a Collision Between Two Motor Vehicles in Transport	Yes	No Controls	2	1	Pain Reported	2	NA	NA	TRUE	FALSE	500 Broad Street, Providence, RI, USA	High	Neither	raw coords null but geocoded coords found	TRUE	41.81088	-71.4213	2018	November	Elmwood	11
1164	2018-11-02	775754	14:25:00	Pedestrian	1	NA	FALSE	FALSE	1	35 Camp Street	Doyle Ave	2019-03-25	Two-Way , Not Divided	Dry	Daylight	Clear	Other	Yes	No Controls	4	1	Pain Reported	2	NA	NA	TRUE	FALSE	35 Camp Street, Providence, RI, USA	High	Neither	raw coords null but geocoded coords found	TRUE	41.83748	-71.40435	2018	November	Mount Hope	3
1160	2018-11-03	752842	05:43:00	Pedestrian	1	NA	FALSE	FALSE	1	Memorial Blvd	EXIT 22A  (RT )	2018-11-03	Two-Way, Divided, Positive Median Barrier	Wet	Dark - Lighted	Rain	Not a Collision Between Two Motor Vehicles in Transport	No	Traffic Control Signal	2	1	Incapacitating	NA	41.82583	-71.41506	FALSE	FALSE	Memorial Blvd and Exit 22a  (Rt ), Providence, RI, USA	Med	Raw	distance greater than 100m	TRUE	41.82583	-71.41506	2018	November	Downtown	1
1161	2018-11-03	752870	18:38:00	Pedestrian	1	NA	FALSE	FALSE	1	RANDALL ST	CHARLES ST	2018-11-03	Two-Way , Not Divided	Dry	Dark - Lighted	Clear	Not a Collision Between Two Motor Vehicles in Transport	No	No Controls	2	1	Pain Reported	NA	41.83761	-71.41032	FALSE	FALSE	Randall Street and Charles Street, Providence, RI, USA	Med	Raw	distance greater than 100m	TRUE	41.83761	-71.41032	2018	November	Mount Hope	3
1162	2018-11-03	752881	22:43:00	Pedestrian	1	NA	FALSE	FALSE	1	SMITH ST	CHALKSTONE AVE	2018-11-04	Two-Way , Not Divided	Dry	Dark - Lighted	Clear	Not a Collision Between Two Motor Vehicles in Transport	No	No Controls	3	1	Incapacitating	NA	41.8353	-71.42585	FALSE	FALSE	Smith Street and Chalkstone Ave, Providence, RI, USA	Med High	Raw	NA	FALSE	41.8353	-71.42585	2018	November	Smith Hill	12
1159	2018-11-04	753001	17:22:00	Pedestrian	1	NA	FALSE	FALSE	1	Camp Street	Jenkins Street	2018-11-05	Two-Way , Not Divided	Dry	Dark - Lighted	Clear	Not a Collision Between Two Motor Vehicles in Transport	Yes	Pavement Markings	2	1	Non-Incapacitating	1	41.84076	-71.4036	FALSE	FALSE	Camp Street and Jenkins Street, Providence, RI, USA	Med High	Raw	NA	FALSE	41.84076	-71.4036	2018	November	Mount Hope	3
1158	2018-11-05	753034	17:39:00	Pedestrian	1	NA	FALSE	FALSE	1	THURBERS AVE	PRAIRIE AVE	2018-11-05	Two-Way , Not Divided	Wet	Dark - Lighted	Rain	Not a Collision Between Two Motor Vehicles in Transport	No	Traffic Control Signal	4	1	Non-Incapacitating	NA	41.79873	-71.41191	FALSE	FALSE	Thurbers Ave and Prairie Ave, Providence, RI, USA	Med High	Raw	NA	FALSE	41.79873	-71.41191	2018	November	Lower South Providence	10
1157	2018-11-06	753073	08:59:00	Pedestrian	1	NA	FALSE	FALSE	1	PEACE ST	ELMWOOD AVE	2018-11-06	Two-Way , Not Divided	Wet	Daylight	Cloudy	Other	No	No Controls	4	1	Pain Reported	3	41.80655	-71.42477	FALSE	FALSE	Peace Street and Elmwood Ave, Providence, RI, USA	Med High	Raw	NA	FALSE	41.80655	-71.42477	2018	November	West End	9
1152	2018-11-07	755228	14:50:00	Pedestrian	1	NA	FALSE	FALSE	1	BUTLER AVE	S ANGELL ST	2018-11-07	Two-Way , Not Divided	Dry	Daylight	Clear	Not a Collision Between Two Motor Vehicles in Transport	No	Traffic Control Signal	2	1	Non-Incapacitating	NA	41.82947	-71.38504	FALSE	FALSE	Butler Ave and S Angell Street, Providence, RI, USA	Med High	Raw	NA	FALSE	41.82947	-71.38504	2018	November	Wayland	1
1153	2018-11-07	755230	16:31:00	Pedestrian	1	NA	FALSE	FALSE	1	51 silver spring st	NA	2018-11-07	Two-Way , Not Divided	Dry	Dusk	Clear	Not a Collision Between Two Motor Vehicles in Transport	No	No Controls	3	1	Pain Reported	NA	NA	NA	TRUE	TRUE	51 Silver Spring Street, Providence, RI, USA	High	Neither	raw coords null but geocoded coords found	TRUE	41.8458	-71.41741	2018	November	Charles	4