row_number	crash_date	crash_report_id	crash_time	collision_type	count_pedestrian	count_bicycle	scooter	wheel_chair	number_of_vehicles	street_or_highway	nearest_intersection	report_date	type_of_roadway	road_surface_condition	light_condition	weather_condition	manner_of_impact	hit_and_run	traffic_control	person_count	injury_count	most_serious_injury	number_of_lanes	lat_raw	lon_raw	has_st_number	is_intersection_null	address_sent_to_geocoder	api_coord_conf	best_coordinate_set	reason_for_qa	manually_qaed_record	final_lat	final_lon	year	month	pvd_nhood	pvd_wards
912	2019-09-20	802995	19:22:00	Bicycle	NA	1	FALSE	FALSE	1	ELMWOOD AVE	ROGER WILLIAMS AVE	2019-09-20	Two-Way, Divided, Positive Median Barrier	Dry	Dark - Lighted	Clear	Not a Collision Between Two Motor Vehicles in Transport	Yes	Traffic Control Signal	1	1	Pain Reported	NA	41.7883	-71.4209	FALSE	FALSE	Elmwood Ave and Roger Williams Ave, Providence, RI, USA	Med High	Raw	NA	FALSE	41.7883	-71.4209	2019	September	Elmwood	8
910	2019-09-21	797187	19:11:00	Pedestrian	1	NA	FALSE	FALSE	1	ATWELLS AVE	DEAN ST	2019-09-21	Two-Way , Not Divided	Dry	Dark - Lighted	Clear	Not a Collision Between Two Motor Vehicles in Transport	No	No Controls	3	0	No Injury	NA	41.82339	-71.4242	FALSE	FALSE	Atwells Ave and Dean Street, Providence, RI, USA	Med High	Raw	NA	FALSE	41.82339	-71.4242	2019	September	Federal Hill	13
908	2019-09-22	797245	11:21:00	Pedestrian	1	NA	FALSE	FALSE	1	310 Cranston Street	GILMORE ST	2019-09-22	Two-Way , Not Divided	Dry	Daylight	Clear	Sidwswipe, Opposite Direction	Yes	No Controls	1	1	Pain Reported	NA	41.81336	-71.4281	TRUE	FALSE	310 Cranston Street, Providence, RI, USA	High	Raw	distance greater than 100m	TRUE	41.81336	-71.4281	2019	September	West End	13
909	2019-09-22	797265	15:18:00	Bicycle	NA	1	FALSE	FALSE	1	39 SALMON ST	SALMON ST	2019-09-22	Two-Way , Not Divided	Dry	Daylight	Clear	Not a Collision Between Two Motor Vehicles in Transport	Yes	No Controls	1	1	Non-Incapacitating	NA	41.82376	-71.45643	TRUE	FALSE	39 Salmon Street, Providence, RI, USA	High	Raw	NA	FALSE	41.82376	-71.45643	2019	September	Olneyville	6
904	2019-09-23	797310	07:01:00	Pedestrian	1	NA	FALSE	FALSE	1	Dave Gavitt Way	Broadway	2019-09-23	One-Way Trafficway	Dry	Daylight	Clear	Not a Collision Between Two Motor Vehicles in Transport	No	Traffic Control Signal	2	1	Non-Incapacitating	3	NA	NA	FALSE	FALSE	Dave Gavitt Way and Broadway, Providence, RI, USA	Med High	Geocoded	raw coords null but geocoded coords found	TRUE	41.8221232	-71.4197767	2019	September	Federal Hill	1
905	2019-09-23	797371	15:05:00	Pedestrian	1	NA	FALSE	FALSE	1	elmwood ave	CADILLAC DR	2019-09-23	Two-Way , Not Divided	Dry	Daylight	Clear	Not a Collision Between Two Motor Vehicles in Transport	No	No Controls	2	1	Pain Reported	NA	41.78916	-71.42126	FALSE	FALSE	Elmwood Ave and Cadillac Dr, Providence, RI, USA	Med High	Raw	NA	FALSE	41.78916	-71.42126	2019	September	Elmwood	9
906	2019-09-23	797387	16:47:00	Bicycle	NA	1	FALSE	FALSE	1	SERVICE ROAD 8	WESTMINSTER ST	2019-09-23	One-Way Trafficway	Dry	Daylight	Clear	Not a Collision Between Two Motor Vehicles in Transport	No	Stop Signs	3	1	Pain Reported	NA	41.81924	-71.41784	FALSE	FALSE	Service Road 8 and Westminster Street, Providence, RI, USA	Med High	Raw	distance greater than 100m	TRUE	41.81924	-71.41784	2019	September	Downtown	1
907	2019-09-23	797431	16:43:00	Pedestrian	1	NA	FALSE	FALSE	1	Empire Street	BROADWAY	2019-09-23	Two-Way , Not Divided	Dry	Daylight	Clear	Other	No	Traffic Control Signal	5	1	Pain Reported	NA	41.82255	-71.41742	FALSE	FALSE	Empire Street and Broadway, Providence, RI, USA	Med High	Raw	NA	FALSE	41.82255	-71.41742	2019	September	Downtown	1
902	2019-09-25	797671	21:11:00	Bicycle	NA	1	FALSE	FALSE	1	BROADWAY	VALLEY ST	2019-09-25	Two-Way, Divided, Unprotected (painted>4feet) Medium	Dry	Dark - Lighted	Clear	Not a Collision Between Two Motor Vehicles in Transport	Yes	No Controls	1	1	Pain Reported	NA	41.81683	-71.44103	FALSE	FALSE	Broadway and Valley Street, Providence, RI, USA	Med	Raw	NA	FALSE	41.81683	-71.44103	2019	September	Olneyville	15
903	2019-09-25	797680	23:59:00	Pedestrian	1	NA	FALSE	FALSE	1	270 broad street	LOCKWOOD ST	2019-09-26	Two-Way , Not Divided	Dry	Dark - Lighted	Clear	Not a Collision Between Two Motor Vehicles in Transport	Yes	No Controls	1	1	Pain Reported	NA	41.81548	-71.42054	TRUE	FALSE	270 Broad Street, Providence, RI, USA	High	Raw	NA	FALSE	41.81548	-71.42054	2019	September	West End	11
901	2019-09-26	797718	12:04:00	Pedestrian	1	NA	FALSE	FALSE	1	Pine Street	Lockwood Street	2019-09-26	Two-Way , Not Divided	Dry	Daylight	Clear	Not a Collision Between Two Motor Vehicles in Transport	Yes	Pavement Markings	1	1	Pain Reported	1	NA	NA	FALSE	FALSE	Pine Street and Lockwood Street, Providence, RI, USA	Med	Geocoded	raw coords null but geocoded coords found	TRUE	41.8140786	-71.4180555	2019	September	Upper South Providence	11
900	2019-09-27	797901	16:48:00	Bicycle	NA	1	FALSE	FALSE	1	OLNEY ST	BROWN ST	2019-09-27	Two-Way , Not Divided	Dry	Daylight	Clear	Not a Collision Between Two Motor Vehicles in Transport	No	No Controls	3	1	Pain Reported	NA	41.8356	-71.40544	FALSE	FALSE	Olney Street and Brown Street, Providence, RI, USA	Med High	Raw	NA	FALSE	41.8356	-71.40544	2019	September	College Hill	2
898	2019-09-28	797975	13:10:00	Pedestrian	1	NA	FALSE	FALSE	1	HOPE ST	BLACKSTONE BLVD	2019-09-28	Two-Way , Not Divided	Dry	Daylight	Clear	Not a Collision Between Two Motor Vehicles in Transport	No	No Controls	4	1	Pain Reported	NA	41.8566	-71.39127	FALSE	FALSE	Hope Street and Blackstone Blvd, Providence, RI, USA	Med High	Raw	NA	FALSE	41.8566	-71.39127	2019	September	Hope	3
899	2019-09-28	798041	19:07:00	Pedestrian	1	NA	FALSE	FALSE	1	BROAD STREET	PORTLAND STREET	2019-09-28	Two-Way , Not Divided	Dry	Dark - Lighted	Clear	Not a Collision Between Two Motor Vehicles in Transport	No	No Controls	4	1	Pain Reported	NA	41.81413	-71.42131	FALSE	FALSE	Broad Street and Portland Street, Providence, RI, USA	Med	Raw	NA	FALSE	41.81413	-71.42131	2019	September	West End	11
897	2019-09-30	798136	12:12:00	Bicycle	NA	1	FALSE	FALSE	1	Weybosset St	Eddy St	2019-09-30	Two-Way , Not Divided	Dry	Daylight	Clear	Not a Collision Between Two Motor Vehicles in Transport	No	No Controls	4	1	Pain Reported	2	NA	NA	FALSE	FALSE	Weybosset Street and Eddy Street, Providence, RI, USA	Med High	Geocoded	raw coords null but geocoded coords found	TRUE	41.8226389	-71.4114379	2019	September	Downtown	1
895	2019-10-02	798352	19:07:00	Pedestrian	1	NA	FALSE	FALSE	1	NARRAGANSETT BLVD	MASSACHUSETTS AVE	2019-10-02	Two-Way , Not Divided	Wet	Dark - Lighted	Rain	Not a Collision Between Two Motor Vehicles in Transport	Yes	No Controls	1	1	Pain Reported	4	41.78756	-71.39551	FALSE	FALSE	Narragansett Blvd and Massachusetts Ave, Providence, RI, USA	Med High	Raw	NA	FALSE	41.78756	-71.39551	2019	October	Washington Park	10
896	2019-10-02	798383	23:48:00	Pedestrian	1	NA	FALSE	FALSE	1	Elmwood Ave	POTTERS AVE	2019-10-03	Two-Way , Not Divided	Dry	Dark - Lighted	Clear	Not a Collision Between Two Motor Vehicles in Transport	Yes	No Controls	1	1	Pain Reported	NA	41.80128	-71.42641	FALSE	FALSE	Elmwood Ave and Potters Ave, Providence, RI, USA	Med High	Raw	NA	FALSE	41.80128	-71.42641	2019	October	West End	9
893	2019-10-03	798409	12:06:00	Bicycle	NA	NA	FALSE	FALSE	1	BROADWAY	ANDREW ST	2019-10-03	Two-Way, Divided, Unprotected (painted>4feet) Medium	Dry	Daylight	Cloudy	Not a Collision Between Two Motor Vehicles in Transport	No	No Controls	3	1	Pain Reported	2	41.81966	-71.42995	FALSE	FALSE	Broadway and Andrew Street, Providence, RI, USA	Med	Raw	NA	FALSE	41.81966	-71.42995	2019	October	Federal Hill	13
894	2019-10-03	798439	16:30:00	Pedestrian	1	NA	FALSE	FALSE	1	KNIGHT ST	BROADWAY	2019-10-03	Two-Way , Not Divided	Dry	Daylight	Cloudy	Not a Collision Between Two Motor Vehicles in Transport	No	Traffic Control Signal	3	1	Pain Reported	NA	41.81981	-71.42938	FALSE	FALSE	Knight Street and Broadway, Providence, RI, USA	Med High	Raw	NA	FALSE	41.81981	-71.42938	2019	October	Federal Hill	13
892	2019-10-04	798578	16:12:00	Bicycle	1	NA	FALSE	FALSE	1	PLAINFIELD ST	SILVER LAKE AVE	2019-10-04	Two-Way , Not Divided	Dry	Daylight	Clear	Sideswipe, Same Direction	No	No Controls	2	1	Incapacitating	NA	41.80587	-71.46492	FALSE	FALSE	Plainfield Street and Silver Lake Ave, Providence, RI, USA	Med High	Raw	NA	FALSE	41.80587	-71.46492	2019	October	Silver Lake	NA
890	2019-10-05	798596	00:50:00	Pedestrian	1	NA	FALSE	FALSE	1	S Water Street	Tockwotton Street	2019-10-05	One-Way Trafficway	Dry	Dark - Lighted	Clear	Not a Collision Between Two Motor Vehicles in Transport	Yes	No Controls	1	1	Pain Reported	NA	41.81694	-71.40012	FALSE	FALSE	S Water Street and Tockwotton Street, Providence, RI, USA	Med High	Raw	NA	FALSE	41.81694	-71.40012	2019	October	Fox Point	1
889	2019-10-09	798844	09:24:00	Pedestrian	1	NA	FALSE	FALSE	1	Smith St	Maude St	2019-10-09	Two-Way , Not Divided	Wet	Daylight	Rain	Not a Collision Between Two Motor Vehicles in Transport	No	No Controls	3	1	Pain Reported	2	NA	NA	FALSE	FALSE	Smith Street and Maude Street, Providence, RI, USA	Med High	Geocoded	raw coords null but geocoded coords found	TRUE	41.8375814	-71.43349	2019	October	Elmhurst	14
887	2019-10-11	799139	17:47:00	Bicycle	NA	1	FALSE	FALSE	1	HARRIS AVE	ATWELLS AVE	2019-10-11	Two-Way , Not Divided	Wet	Daylight	Rain	Not a Collision Between Two Motor Vehicles in Transport	No	Traffic Control Signal	2	0	No Injury	NA	41.82446	-71.4355	FALSE	FALSE	Harris Ave and Atwells Ave, Providence, RI, USA	Med High	Raw	NA	FALSE	41.82446	-71.4355	2019	October	Olneyville	15
888	2019-10-11	799178	23:00:00	Pedestrian	1	NA	FALSE	FALSE	1	SISSON ST	MANTON AVE	2019-10-12	Two-Way , Not Divided	Wet	Dark - Lighted	Rain	Not a Collision Between Two Motor Vehicles in Transport	Yes	No Controls	1	1	Pain Reported	NA	41.82561	-71.45536	FALSE	FALSE	Sisson Street and Manton Ave, Providence, RI, USA	Med High	Raw	NA	FALSE	41.82561	-71.45536	2019	October	Olneyville	6
886	2019-10-12	799262	19:59:00	Bicycle	NA	1	FALSE	FALSE	1	BROAD ST	W FRIENDSHIP ST	2019-10-12	Two-Way , Not Divided	Dry	Dark - Lighted	Clear	Not a Collision Between Two Motor Vehicles in Transport	No	No Controls	3	1	Pain Reported	NA	41.80948	-71.42093	FALSE	FALSE	Broad Street and W Friendship Street, Providence, RI, USA	Med	Raw	NA	FALSE	41.80948	-71.42093	2019	October	Elmwood	11
885	2019-10-13	799336	15:59:00	Bicycle	NA	1	FALSE	FALSE	1	ADELAIDE AVE	EMERSON ST	2019-10-13	Two-Way , Not Divided	Dry	Daylight	Clear	Not a Collision Between Two Motor Vehicles in Transport	Yes	No Controls	1	1	Non-Incapacitating	2	41.79861	-71.4162	FALSE	FALSE	Adelaide Ave and Emerson Street, Providence, RI, USA	Med High	Raw	NA	FALSE	41.79861	-71.4162	2019	October	Elmwood	9
882	2019-10-15	799573	15:30:00	Pedestrian	1	NA	FALSE	FALSE	1	BROAD ST	MARLBOROUGH ST	2019-10-15	Two-Way , Not Divided	Dry	Daylight	Clear	Not a Collision Between Two Motor Vehicles in Transport	No	No Controls	2	1	Pain Reported	NA	41.80572	-71.41978	FALSE	FALSE	Broad Street and Marlborough Street, Providence, RI, USA	Med	Raw	distance greater than 100m	TRUE	41.80572	-71.41978	2019	October	Elmwood	9
883	2019-10-15	799577	21:22:00	Pedestrian	1	NA	FALSE	FALSE	1	Imera St	CHALKSTONE AVE	2019-10-15	Two-Way , Not Divided	Dry	Dark - Lighted	Clear	Not a Collision Between Two Motor Vehicles in Transport	No	No Controls	3	1	Incapacitating	NA	41.83205	-71.45649	FALSE	FALSE	Imera Street and Chalkstone Ave, Providence, RI, USA	Med High	Raw	NA	FALSE	41.83205	-71.45649	2019	October	Manton	6
884	2019-10-15	799651	22:03:00	Pedestrian	1	NA	FALSE	FALSE	1	Atwells Ave	NEWTON ST	2019-10-16	Two-Way, Divided, Unprotected (painted>4feet) Medium	Dry	Dark - Lighted	Clear	Not a Collision Between Two Motor Vehicles in Transport	Yes	No Controls	1	1	Pain Reported	NA	41.82327	-71.42228	FALSE	FALSE	Atwells Ave and Newton Street, Providence, RI, USA	Med High	Raw	NA	FALSE	41.82327	-71.42228	2019	October	Federal Hill	13
881	2019-10-16	799597	10:06:00	Bicycle	NA	NA	FALSE	FALSE	2	95 Lydia St	CANDACE ST	2019-10-16	Two-Way , Not Divided	Dry	Daylight	Clear	Angle (Front - to - Side) Right Angle (Includes Broadside)	No	No Controls	3	1	Pain Reported	1	41.83493	-71.42109	TRUE	FALSE	95 Lydia Street, Providence, RI, USA	High	Raw	NA	FALSE	41.83493	-71.42109	2019	October	Smith Hill	12
880	2019-10-17	799790	15:43:00	Bicycle	NA	1	FALSE	FALSE	1	Veazie Street	DOUGLAS AVE	2019-10-17	Two-Way , Not Divided	Dry	Daylight	Cloudy	Angle (Front - to - Side) Right Angle (Includes Broadside)	No	No Controls	2	1	Pain Reported	NA	41.85154	-71.43468	FALSE	FALSE	Veazie Street and Douglas Ave, Providence, RI, USA	Med High	Raw	distance greater than 100m	TRUE	41.85154	-71.43468	2019	October	Wanskuck	14
879	2019-10-18	799861	15:29:00	Pedestrian	1	NA	FALSE	FALSE	1	66 BENEFIT STREET	NA	2019-10-18	Two-Way , Not Divided	Dry	Daylight	Clear	Not a Collision Between Two Motor Vehicles in Transport	No	No Controls	2	1	Pain Reported	NA	41.83168	-71.40933	TRUE	TRUE	66 Benefit Street, Providence, RI, USA	High	Raw	NA	FALSE	41.83168	-71.40933	2019	October	College Hill	3
878	2019-10-19	799978	16:32:00	Bicycle	NA	1	FALSE	FALSE	1	TRANSIT ST	BROOK ST	2019-10-19	Two-Way , Not Divided	Dry	Daylight	Clear	Not a Collision Between Two Motor Vehicles in Transport	No	Stop Signs	6	1	Non-Incapacitating	NA	41.82056	-71.39839	FALSE	FALSE	Transit Street and Brook Street, Providence, RI, USA	Med High	Raw	NA	FALSE	41.82056	-71.39839	2019	October	Fox Point	1
877	2019-10-20	800132	17:05:00	Pedestrian	1	NA	FALSE	FALSE	1	60 VALLEY ST	SAN SOUCI DR	2019-10-20	Two-Way , Not Divided	Dry	Unknown	Clear	Unknown	Yes	No Controls	1	1	Pain Reported	NA	41.81767	-71.44086	TRUE	FALSE	60 Valley Street, Providence, RI, USA	High	Raw	distance greater than 100m	TRUE	41.81767	-71.44086	2019	October	Olneyville	15
876	2019-10-21	800245	15:31:00	Pedestrian	1	NA	FALSE	FALSE	1	380 HOPE ST	CARRINGTON AVE	2019-10-21	Two-Way , Not Divided	Dry	Daylight	Clear	Not a Collision Between Two Motor Vehicles in Transport	Yes	No Controls	1	1	Pain Reported	NA	41.83668	-71.40113	TRUE	FALSE	380 Hope Street, Providence, RI, USA	High	Raw	NA	FALSE	41.83668	-71.40113	2019	October	Mount Hope	3
875	2019-10-23	800520	16:04:00	Bicycle	NA	1	FALSE	FALSE	1	EDDY ST	EDDY ST EXIT	2019-10-23	Two-Way , Not Divided	Dry	Daylight	Clear	Not a Collision Between Two Motor Vehicles in Transport	Yes	No Controls	1	0	No Injury	NA	41.81156	-71.40709	FALSE	FALSE	Eddy Street and Eddy St Exit, Providence, RI, USA	Med	Raw	distance greater than 100m	TRUE	41.81156	-71.40709	2019	October	Upper South Providence	11
874	2019-10-24	800606	14:50:00	Bicycle	NA	1	FALSE	FALSE	1	533 ELMWOOD AVE	533 ELMWOOD AVE	2019-10-24	Two-Way , Not Divided	Dry	Daylight	Clear	Angle (Front - to - Side) Opposite Direction	No	No Controls	2	1	Pain Reported	NA	41.79939	-71.42649	TRUE	FALSE	533 Elmwood Ave, Providence, RI, USA	High	Geocoded	distance greater than 100m	TRUE	41.7976099	-71.4267799	2019	October	West End	9
872	2019-10-25	800693	07:51:00	Pedestrian	1	NA	FALSE	FALSE	1	ACADEMY AVE	REGENT AVE	2019-10-25	Two-Way , Not Divided	Dry	Daylight	Clear	Not a Collision Between Two Motor Vehicles in Transport	Yes	Person	2	1	Pain Reported	NA	41.82926	-71.44403	FALSE	FALSE	Academy Ave and Regent Ave, Providence, RI, USA	Med High	Raw	NA	FALSE	41.82926	-71.44403	2019	October	Mount Pleasant	6
873	2019-10-25	800745	17:43:00	Bicycle	NA	1	FALSE	FALSE	1	CLEMATIS ST	MOLLOY ST	2019-10-25	Two-Way , Not Divided	Dry	Dark - Lighted	Clear	Rear End(Front-to-Rear)	No	No Controls	2	1	Incapacitating	2	41.83357	-71.44595	FALSE	FALSE	Clematis Street and Molloy Street, Providence, RI, USA	Med High	Raw	NA	FALSE	41.83357	-71.44595	2019	October	Mount Pleasant	5
870	2019-10-29	801148	17:13:00	Bicycle	NA	1	FALSE	FALSE	1	537 BROAD STREET	NA	2019-10-29	Two-Way , Not Divided	Dry	Daylight	Cloudy	Not a Collision Between Two Motor Vehicles in Transport	No	No Controls	3	0	No Injury	NA	41.80968	-71.42098	TRUE	TRUE	537 Broad Street, Providence, RI, USA	High	Raw	NA	FALSE	41.80968	-71.42098	2019	October	Elmwood	11
871	2019-10-29	801151	18:00:00	Pedestrian	1	NA	FALSE	FALSE	1	SMITH ST	GENTIAN AVE	2019-10-29	Two-Way , Not Divided	Dry	Dark - Lighted	Cloudy	Not a Collision Between Two Motor Vehicles in Transport	No	Traffic Control Signal	5	0	No Injury	NA	41.846	-71.45167	FALSE	FALSE	Smith Street and Gentian Ave, Providence, RI, USA	Med High	Raw	NA	FALSE	41.846	-71.45167	2019	October	Mount Pleasant	5
869	2019-10-30	801206	14:43:00	Pedestrian	1	NA	FALSE	FALSE	1	COLLEGE ST	BENEFIT ST	2019-10-30	One-Way Trafficway	Wet	Daylight	Rain	Not a Collision Between Two Motor Vehicles in Transport	No	Traffic Control Signal	2	1	Pain Reported	NA	41.826	-71.40683	FALSE	FALSE	College Street and Benefit Street, Providence, RI, USA	Med	Raw	NA	FALSE	41.826	-71.40683	2019	October	College Hill	2
866	2019-10-31	801281	14:15:00	Bicycle	NA	1	FALSE	FALSE	1	SORRENTO ST	LINWOOD AVE	2019-10-31	Two-Way , Not Divided	Wet	Daylight	Rain	Sidwswipe, Opposite Direction	No	Stop Signs	3	1	Pain Reported	2	41.80789	-71.43735	FALSE	FALSE	Sorrento Street and Linwood Ave, Providence, RI, USA	Med High	Raw	NA	FALSE	41.80789	-71.43735	2019	October	West End	8
867	2019-10-31	801300	18:03:00	Pedestrian	1	NA	FALSE	FALSE	1	ATWELLS AVE	TUXEDO AVE	2019-10-31	Two-Way , Not Divided	Wet	Dark - Lighted	Rain	Not a Collision Between Two Motor Vehicles in Transport	No	Other	2	1	Incapacitating	NA	41.82454	-71.43894	FALSE	FALSE	Atwells Ave and Tuxedo Ave, Providence, RI, USA	Med High	Raw	NA	FALSE	41.82454	-71.43894	2019	October	Olneyville	12
868	2019-10-31	801320	20:58:00	Pedestrian	1	NA	FALSE	FALSE	1	ATWELLS AVE	CUTLER ST	2019-10-31	Two-Way , Not Divided	Wet	Dark - Lighted	Rain	Not a Collision Between Two Motor Vehicles in Transport	Yes	No Controls	1	1	Incapacitating	NA	41.82467	-71.44135	FALSE	FALSE	Atwells Ave and Cutler Street, Providence, RI, USA	Med High	Raw	NA	FALSE	41.82467	-71.44135	2019	October	Olneyville	12
864	2019-11-01	801458	17:57:00	Pedestrian	1	NA	FALSE	FALSE	1	HARTFORD AVE	HARTFORD AVE	2019-11-01	Two-Way, Divided, Unprotected (painted>4feet) Medium	Dry	Daylight	Clear	Head-On (Front - to - Front)	Yes	Unknown	2	1	Pain Reported	NA	41.81827	-71.45698	FALSE	FALSE	Hartford Ave and Hartford Ave, Providence, RI, USA	Med	Raw	distance greater than 100m	TRUE	41.81827	-71.45698	2019	November	Hartford	7
865	2019-11-01	801460	15:36:00	Pedestrian	1	NA	FALSE	FALSE	1	Dean St	W EXCHANGE ST	2019-11-01	Two-Way, Divided, Positive Median Barrier	Dry	Daylight	Clear	Not a Collision Between Two Motor Vehicles in Transport	Yes	Traffic Control Signal	1	1	Pain Reported	NA	41.82543	-71.42583	FALSE	FALSE	Dean Street and W Exchange Street, Providence, RI, USA	Med	Raw	NA	FALSE	41.82543	-71.42583	2019	November	Federal Hill	13
863	2019-11-04	802737	14:16:00	Pedestrian	1	NA	FALSE	FALSE	1	BROADWAY	HARRIS AVE	2019-11-05	Two-Way, Divided, Unprotected (painted>4feet) Medium	Dry	Daylight	Clear	Other	No	No Controls	3	1	Pain Reported	2	41.81705	-71.44029	FALSE	FALSE	Broadway and Harris Ave, Providence, RI, USA	Med	Raw	NA	FALSE	41.81705	-71.44029	2019	November	Olneyville	15
861	2019-11-05	802806	16:59:00	Bicycle	NA	1	FALSE	FALSE	1	DUPONT DR	NIANTIC AVE	2019-11-05	Two-Way , Not Divided	Wet	Dark - Lighted	Rain	Angle (Front - to - Side) Right Angle (Includes Broadside)	No	Traffic Control Signal	2	1	Pain Reported	NA	41.80066	-71.43901	FALSE	FALSE	Dupont Dr and Niantic Ave, Providence, RI, USA	Med High	Raw	distance greater than 100m	TRUE	41.80066	-71.43901	2019	November	NA	8
862	2019-11-05	802844	19:53:00	Bicycle	NA	1	FALSE	FALSE	1	BROAD ST	BROAD ST	2019-11-05	Two-Way , Not Divided	Dry	Dark - Lighted	Clear	Not a Collision Between Two Motor Vehicles in Transport	Yes	Pavement Markings	2	1	Pain Reported	NA	41.81632	-71.41929	FALSE	FALSE	Broad Street and Broad Street, Providence, RI, USA	Med	Raw	distance greater than 100m	TRUE	41.81632	-71.41929	2019	November	Upper South Providence	11
860	2019-11-06	802873	15:55:00	Bicycle	NA	NA	FALSE	FALSE	2	19 Preston St	GOVERNOR ST	2019-11-06	Two-Way , Not Divided	Dry	Dusk	Clear	Not a Collision Between Two Motor Vehicles in Transport	No	No Controls	2	0	No Injury	NA	41.82425	-71.39368	TRUE	FALSE	19 Preston Street, Providence, RI, USA	High	Raw	NA	FALSE	41.82425	-71.39368	2019	November	College Hill	1
858	2019-11-07	802933	17:47:00	Pedestrian	1	NA	FALSE	FALSE	1	DOYLE AVE	PROCTOR PL	2019-11-07	Two-Way , Not Divided	Wet	Dark - Lighted	Rain	Not a Collision Between Two Motor Vehicles in Transport	Yes	No Controls	2	1	Pain Reported	NA	41.83877	-71.40094	FALSE	FALSE	Doyle Ave and Proctor Pl, Providence, RI, USA	Med High	Raw	NA	FALSE	41.83877	-71.40094	2019	November	Mount Hope	3
859	2019-11-07	802957	15:55:00	Pedestrian	1	NA	FALSE	FALSE	1	Point	Eddy	2019-11-07	Two-Way , Not Divided	Dry	Daylight	Clear	Angle (Front - to - Side) Same Direction	No	Traffic Control Signal	2	1	Pain Reported	2	41.81655	-71.40727	FALSE	FALSE	Point and Eddy, Providence, RI, USA	Med	Raw	NA	FALSE	41.81655	-71.40727	2019	November	Downtown	1
856	2019-11-08	802963	01:23:00	Bicycle	NA	1	FALSE	FALSE	1	VALLEY ST	DELAINE ST	2019-11-08	Two-Way , Not Divided	Wet	Dark - Lighted	Rain	Not a Collision Between Two Motor Vehicles in Transport	No	Stop Signs	2	1	Non-Incapacitating	NA	41.8195	-71.4405	FALSE	FALSE	Valley Street and Delaine Street, Providence, RI, USA	Med High	Raw	NA	FALSE	41.8195	-71.4405	2019	November	Olneyville	15
857	2019-11-08	803027	23:31:00	Pedestrian	1	NA	FALSE	FALSE	1	N MAIN ST	RANDALL ST	2019-11-09	Two-Way, Divided, Positive Median Barrier	Dry	Dusk	Clear	Angle - Direction Not Specified	No	No Controls	5	1	Non-Incapacitating	2	41.83888	-71.40937	FALSE	FALSE	N Main Street and Randall Street, Providence, RI, USA	Med	Raw	distance greater than 100m	TRUE	41.83888	-71.40937	2019	November	Mount Hope	3
855	2019-11-11	805194	16:30:00	Pedestrian	1	NA	FALSE	FALSE	1	OAKWOOD AVE	CHALKSTONE AVE	2019-11-11	Two-Way , Not Divided	Dry	Dark - Lighted	Cloudy	Not a Collision Between Two Motor Vehicles in Transport	No	No Controls	4	1	Incapacitating	NA	41.83316	-71.45964	FALSE	FALSE	Oakwood Ave and Chalkstone Ave, Providence, RI, USA	Med High	Raw	NA	FALSE	41.83316	-71.45964	2019	November	Manton	5
853	2019-11-13	805387	15:57:00	Pedestrian	1	NA	FALSE	FALSE	1	UNION AVE	RICOM WAY	2019-11-13	Two-Way , Not Divided	Dry	Daylight	Clear	Not a Collision Between Two Motor Vehicles in Transport	No	No Controls	3	1	Pain Reported	NA	41.80829	-71.44198	FALSE	FALSE	Union Ave and Ricom Way, Providence, RI, USA	Med	Raw	NA	FALSE	41.80829	-71.44198	2019	November	Silver Lake	15
854	2019-11-13	805704	15:16:00	Pedestrian	1	NA	FALSE	FALSE	1	BROAD ST	FRICKER ST	2019-11-13	Two-Way , Not Divided	Dry	Daylight	Clear	Not a Collision Between Two Motor Vehicles in Transport	No	Pavement Markings	3	1	Pain Reported	NA	41.81528	-71.42066	FALSE	FALSE	Broad Street and Fricker Street, Providence, RI, USA	Med	Raw	NA	FALSE	41.81528	-71.42066	2019	November	West End	11
851	2019-11-15	805597	09:50:00	Pedestrian	1	NA	FALSE	FALSE	1	ROUTE 10 SOUTH RESERVOIR AVE EXIT	RESERVOIR AVE	2019-11-15	One-Way Trafficway	Dry	Daylight	Clear	Not a Collision Between Two Motor Vehicles in Transport	No	Pavement Markings	3	1	Pain Reported	NA	41.78762	-71.43257	FALSE	FALSE	Route 10 South Reservoir Ave Exit and Reservoir Ave, Providence, RI, USA	Med	Raw	distance greater than 100m	TRUE	41.78762	-71.43257	2019	November	Reservoir	8
852	2019-11-15	805662	16:45:00	Pedestrian	1	NA	FALSE	FALSE	1	MEMORIAL BLVD	FRANCIS ST	2019-11-15	Two-Way , Not Divided	Dry	Dark - Lighted	Clear	Not a Collision Between Two Motor Vehicles in Transport	No	Traffic Control Signal	3	1	Incapacitating	NA	41.82589	-71.41539	FALSE	FALSE	Memorial Blvd and Francis Street, Providence, RI, USA	Med High	Raw	NA	FALSE	41.82589	-71.41539	2019	November	Downtown	12