row_number	crash_date	crash_report_id	crash_time	collision_type	count_pedestrian	count_bicycle	scooter	wheel_chair	number_of_vehicles	street_or_highway	nearest_intersection	report_date	type_of_roadway	road_surface_condition	light_condition	weather_condition	manner_of_impact	hit_and_run	traffic_control	person_count	injury_count	most_serious_injury	number_of_lanes	lat_raw	lon_raw	has_st_number	is_intersection_null	address_sent_to_geocoder	api_coord_conf	best_coordinate_set	reason_for_qa	manually_qaed_record	final_lat	final_lon	year	month	pvd_nhood	pvd_wards
791	2020-02-05	811713	09:19:00	Pedestrian	1	NA	FALSE	FALSE	1	100 Butler Drive	100 Butler Drive	2020-02-05	Two-Way , Not Divided	Dry	Daylight	Clear	Not a Collision Between Two Motor Vehicles in Transport	No	No Controls	3	1	Pain Reported	1	NA	NA	TRUE	FALSE	100 Butler Drive, Providence, RI, USA	High	Neither	raw coords null but geocoded coords found	TRUE	41.84173	-71.37979	2020	February	Blackstone	2
788	2020-02-11	812012	07:56:00	Pedestrian	1	NA	FALSE	FALSE	1	Sabin Street	West Exchange Street	2020-02-11	One-Way Trafficway	Wet	Daylight	Rain	Not a Collision Between Two Motor Vehicles in Transport	No	No Controls	4	1	Pain Reported	1	NA	NA	FALSE	FALSE	Sabin Street and West Exchange Street, Providence, RI, USA	Med High	Geocoded	raw coords null but geocoded coords found	TRUE	41.8248645	-71.4152876	2020	February	Downtown	1
789	2020-02-11	812015	08:13:00	Pedestrian	1	NA	FALSE	FALSE	1	BROAD ST	ADELAIDE AVE	2020-02-11	Two-Way , Not Divided	Wet	Daylight	Rain	Not a Collision Between Two Motor Vehicles in Transport	No	Pavement Markings	3	1	Pain Reported	NA	41.79891	-71.41554	FALSE	FALSE	Broad Street and Adelaide Ave, Providence, RI, USA	Med	Raw	NA	FALSE	41.79891	-71.41554	2020	February	Elmwood	9
790	2020-02-11	812072	19:05:00	Pedestrian	1	NA	FALSE	FALSE	1	FRANCIS ST	FINANCE WAY	2020-02-11	Two-Way , Not Divided	Wet	Dark - Lighted	Rain	Not a Collision Between Two Motor Vehicles in Transport	No	Traffic Control Signal	3	1	Incapacitating	NA	41.82754	-71.41539	FALSE	FALSE	Francis Street and Finance Way, Providence, RI, USA	Med	Raw	NA	FALSE	41.82754	-71.41539	2020	February	Downtown	12
786	2020-02-13	812169	06:32:00	Pedestrian	1	NA	FALSE	FALSE	1	Plain Street	Lockwood Street	2020-02-13	Two-Way , Not Divided	Wet	Dark - Unknown Lighting	Rain	Not a Collision Between Two Motor Vehicles in Transport	No	No Controls	3	1	Incapacitating	NA	41.81238	-71.41199	FALSE	FALSE	Plain Street and Lockwood Street, Providence, RI, USA	Med High	Raw	NA	FALSE	41.81238	-71.41199	2020	February	Upper South Providence	11
787	2020-02-13	812260	21:09:00	Pedestrian	1	NA	FALSE	FALSE	1	Smith St	Orms St	2020-02-13	Two-Way, Divided, Unprotected (painted>4feet) Medium	Wet	Dark - Lighted	Cloudy	Not a Collision Between Two Motor Vehicles in Transport	Yes	No Controls	1	1	Pain Reported	NA	41.83377	-71.42198	FALSE	FALSE	Smith Street and Orms Street, Providence, RI, USA	Med High	Raw	NA	FALSE	41.83377	-71.42198	2020	February	Smith Hill	12
785	2020-02-17	812530	23:50:00	Pedestrian	1	NA	FALSE	FALSE	1	NA	CRANSTON ST	2020-02-17	Two-Way , Not Divided	Dry	Dark - Lighted	Clear	Not a Collision Between Two Motor Vehicles in Transport	Yes	Traffic Control Signal	1	1	Pain Reported	NA	41.80316	-71.43987	NA	FALSE	NA and Cranston Street, Providence, RI, USA	Med	Raw	distance greater than 100m	TRUE	41.80316	-71.43987	2020	February	NA	NA
784	2020-02-19	812675	15:49:00	Pedestrian	1	NA	FALSE	FALSE	1	ROCHAMBEAU AVE	HOPE ST	2020-02-19	Two-Way , Not Divided	Dry	Daylight	Clear	Not a Collision Between Two Motor Vehicles in Transport	No	Traffic Control Signal	2	1	Pain Reported	NA	41.84691	-71.39599	FALSE	FALSE	Rochambeau Ave and Hope Street, Providence, RI, USA	Med High	Raw	NA	FALSE	41.84691	-71.39599	2020	February	Mount Hope	3
783	2020-02-20	812757	18:49:00	Pedestrian	1	NA	FALSE	FALSE	1	Wayland Ave	Waterman St	2020-02-20	Two-Way , Not Divided	Dry	Dark - Lighted	Clear	Not a Collision Between Two Motor Vehicles in Transport	No	Traffic Control Signal	4	1	Pain Reported	2	41.8286	-71.38838	FALSE	FALSE	Wayland Ave and Waterman Street, Providence, RI, USA	Med High	Raw	NA	FALSE	41.8286	-71.38838	2020	February	Wayland	1
782	2020-02-21	812856	16:00:00	Bicycle	NA	1	FALSE	FALSE	1	SERVICE ROAD 3	WESTMINSTER ST	2020-02-22	Two-Way , Not Divided	Dry	Daylight	Clear	Sidwswipe, Opposite Direction	Yes	No Controls	1	1	Pain Reported	NA	41.81632	-71.44059	FALSE	FALSE	Service Road 3 and Westminster Street, Providence, RI, USA	Med High	Raw	distance greater than 100m	TRUE	41.81632	-71.44059	2020	February	Olneyville	15
779	2020-02-23	812899	00:15:00	Pedestrian	1	NA	FALSE	FALSE	1	987 NORTH MAIN ST	DEXTERDALE RD	2020-02-23	Two-Way, Divided, Positive Median Barrier	Dry	Dark - Lighted	Clear	Not a Collision Between Two Motor Vehicles in Transport	No	No Controls	3	1	Non-Incapacitating	NA	41.84849	-71.40412	TRUE	FALSE	987 North Main Street, Providence, RI, USA	High	Raw	NA	FALSE	41.84849	-71.40412	2020	February	Mount Hope	3
780	2020-02-23	812906	02:19:00	Pedestrian	1	NA	FALSE	FALSE	1	Broad Street	Detroit Avenue	2020-02-23	Two-Way , Not Divided	Dry	Dark - Lighted	Clear	Not a Collision Between Two Motor Vehicles in Transport	Yes	No Controls	2	1	Non-Incapacitating	1	NA	NA	FALSE	FALSE	Broad Street and Detroit Avenue, Providence, RI, USA	Med	Geocoded	raw coords null but geocoded coords found	TRUE	41.794379	-71.4099112	2020	February	Elmwood	10
781	2020-02-23	812957	21:11:00	Pedestrian	1	NA	FALSE	FALSE	1	BROAD ST	BROAD ST	2020-02-23	Two-Way , Not Divided	Dry	Daylight	Clear	Not a Collision Between Two Motor Vehicles in Transport	No	No Controls	2	1	Pain Reported	NA	41.81434	-71.42119	FALSE	FALSE	Broad Street and Broad Street, Providence, RI, USA	Med	Raw	distance greater than 100m	TRUE	41.81434	-71.42119	2020	February	West End	11
778	2020-02-26	813200	20:26:00	Pedestrian	1	NA	FALSE	FALSE	1	LIEGE ST	DOUGLAS AVE	2020-02-26	Two-Way, Divided, Unprotected (painted>4feet) Medium	Wet	Dark - Lighted	Clear	Unknown	No	No Controls	5	1	Pain Reported	NA	41.84161	-71.42747	FALSE	FALSE	Liege Street and Douglas Ave, Providence, RI, USA	Med High	Raw	NA	FALSE	41.84161	-71.42747	2020	February	Wanskuck	14
776	2020-02-27	813232	09:11:00	Pedestrian	1	NA	FALSE	FALSE	1	RUGGLES ST	Smith Street	2020-02-27	Two-Way , Not Divided	Wet	Daylight	Rain	Not a Collision Between Two Motor Vehicles in Transport	No	Stop Signs	3	1	Pain Reported	NA	41.83624	-71.42825	FALSE	FALSE	Ruggles Street and Smith Street, Providence, RI, USA	Med High	Raw	NA	FALSE	41.83624	-71.42825	2020	February	Smith Hill	12
777	2020-02-27	813256	19:25:00	Pedestrian	1	NA	FALSE	FALSE	1	4TH ST	HIGHLAND AVE	2020-02-27	Two-Way , Not Divided	Dry	Dark - Lighted	Clear	Not a Collision Between Two Motor Vehicles in Transport	No	Stop Signs	2	0	No Injury	NA	41.85116	-71.4001	FALSE	FALSE	4th Street and Highland Ave, Providence, RI, USA	Med	Raw	NA	FALSE	41.85116	-71.4001	2020	February	Hope	3
775	2020-02-28	813355	16:12:00	Pedestrian	1	NA	FALSE	FALSE	1	douglas ave	DOUGLAS AVE	2020-02-28	Two-Way , Not Divided	Dry	Daylight	Clear	Not a Collision Between Two Motor Vehicles in Transport	No	No Controls	2	1	Pain Reported	NA	41.83605	-71.41962	FALSE	FALSE	Douglas Ave and Douglas Ave, Providence, RI, USA	Med High	Raw	distance greater than 100m	TRUE	41.83605	-71.41962	2020	February	Smith Hill	12
774	2020-02-29	813409	18:40:00	Bicycle	NA	1	FALSE	FALSE	1	MEMORIAL BLVD	FRANCIS ST	2020-02-29	One-Way Trafficway	Dry	Dark - Lighted	Clear	Not a Collision Between Two Motor Vehicles in Transport	No	Traffic Control Signal	4	1	Pain Reported	NA	41.8259	-71.41535	FALSE	FALSE	Memorial Blvd and Francis Street, Providence, RI, USA	Med High	Raw	NA	FALSE	41.8259	-71.41535	2020	February	Downtown	12
771	2020-03-02	814513	09:20:00	Pedestrian	1	NA	FALSE	FALSE	1	GEORGE ST	BENEFIT ST	2020-03-02	Two-Way , Not Divided	Dry	Daylight	Clear	Not a Collision Between Two Motor Vehicles in Transport	No	Pavement Markings	2	1	Pain Reported	NA	41.82517	-71.40609	FALSE	FALSE	George Street and Benefit Street, Providence, RI, USA	Med	Raw	NA	FALSE	41.82517	-71.40609	2020	March	College Hill	2
772	2020-03-02	814563	16:03:00	Pedestrian	1	NA	FALSE	FALSE	1	George St	Brown St	2020-03-02	Two-Way , Not Divided	Dry	Daylight	Clear	Not a Collision Between Two Motor Vehicles in Transport	No	Pavement Markings	4	1	Pain Reported	2	41.82535	-71.40276	FALSE	FALSE	George Street and Brown Street, Providence, RI, USA	Med	Raw	NA	FALSE	41.82535	-71.40276	2020	March	College Hill	2
773	2020-03-02	814571	16:19:00	Pedestrian	1	NA	FALSE	FALSE	1	BARRY RD	BARRY RD	2020-03-02	Two-Way , Not Divided	Dry	Daylight	Clear	Not a Collision Between Two Motor Vehicles in Transport	Yes	No Controls	2	1	Incapacitating	NA	41.81821	-71.4504	FALSE	FALSE	Barry Rd and Barry Rd, Providence, RI, USA	Med	Raw	NA	FALSE	41.81821	-71.4504	2020	March	Hartford	7
770	2020-03-03	815286	08:30:00	Pedestrian	1	NA	FALSE	FALSE	1	CRANSTON ST	FRICKER ST	2020-03-11	Two-Way , Not Divided	Dry	Daylight	Clear	Not a Collision Between Two Motor Vehicles in Transport	Yes	Traffic Control Signal	1	1	Pain Reported	NA	41.81709	-71.4224	FALSE	FALSE	Cranston Street and Fricker Street, Providence, RI, USA	Med High	Raw	NA	FALSE	41.81709	-71.4224	2020	March	West End	11
769	2020-03-05	814758	13:42:00	Pedestrian	1	NA	FALSE	FALSE	1	UNION ST	WASHINGTON ST	2020-03-05	Two-Way , Not Divided	Dry	Daylight	Clear	Not a Collision Between Two Motor Vehicles in Transport	Yes	No Controls	1	1	Pain Reported	NA	41.82357	-71.41395	FALSE	FALSE	Union Street and Washington Street, Providence, RI, USA	Med	Raw	NA	FALSE	41.82357	-71.41395	2020	March	Downtown	1
768	2020-03-07	815010	16:25:00	Pedestrian	1	NA	FALSE	FALSE	1	Angell St	Hope St	2020-03-07	One-Way Trafficway	Dry	Daylight	Clear	Not a Collision Between Two Motor Vehicles in Transport	No	Traffic Control Signal	4	1	Pain Reported	NA	41.8284	-71.39751	FALSE	FALSE	Angell Street and Hope Street, Providence, RI, USA	Med High	Raw	NA	FALSE	41.8284	-71.39751	2020	March	College Hill	2
767	2020-03-08	815092	15:02:00	Pedestrian	1	NA	FALSE	FALSE	1	BROAD ST	ADELAIDE AVE	2020-03-08	Two-Way , Not Divided	Dry	Daylight	Clear	Not a Collision Between Two Motor Vehicles in Transport	No	No Controls	2	1	Pain Reported	NA	41.79837	-71.41488	FALSE	FALSE	Broad Street and Adelaide Ave, Providence, RI, USA	Med	Raw	NA	FALSE	41.79837	-71.41488	2020	March	Elmwood	9
764	2020-03-09	815171	13:28:00	Pedestrian	1	NA	FALSE	FALSE	1	ROGER WILLIAMS CT	ELMWOOD AVE	2020-03-09	Two-Way, Divided, Positive Median Barrier	Dry	Daylight	Clear	Not a Collision Between Two Motor Vehicles in Transport	No	No Controls	2	1	Non-Incapacitating	NA	41.78912	-71.42138	FALSE	FALSE	Roger Williams Ct and Elmwood Ave, Providence, RI, USA	Med High	Raw	NA	FALSE	41.78912	-71.42138	2020	March	Elmwood	8
765	2020-03-09	815181	14:41:00	Bicycle	NA	1	FALSE	FALSE	1	FOUNTAIN ST	DORRANCE ST	2020-03-09	One-Way Trafficway	Dry	Daylight	Clear	Not a Collision Between Two Motor Vehicles in Transport	No	Traffic Control Signal	3	1	Pain Reported	NA	41.82482	-71.41422	FALSE	FALSE	Fountain Street and Dorrance Street, Providence, RI, USA	Med High	Raw	NA	FALSE	41.82482	-71.41422	2020	March	Downtown	1
766	2020-03-09	815196	17:02:00	Pedestrian	1	NA	FALSE	FALSE	1	ACADEMY AVENUE	ARMINGTON AVE	2020-03-09	Two-Way, Divided, Unprotected (painted>4feet) Medium	Dry	Daylight	Clear	Not a Collision Between Two Motor Vehicles in Transport	No	No Controls	3	1	Pain Reported	NA	41.8274	-71.44374	FALSE	FALSE	Academy Avenue and Armington Ave, Providence, RI, USA	Med High	Raw	NA	FALSE	41.8274	-71.44374	2020	March	Mount Pleasant	6
762	2020-03-10	815226	10:15:00	Pedestrian	1	NA	FALSE	FALSE	1	WASHINGTON ST	SERVICE ROAD 8	2020-03-10	Two-Way , Not Divided	Dry	Daylight	Clear	Angle (Front - to - Side) Right Angle (Includes Broadside)	No	No Controls	2	1	Pain Reported	NA	41.82021	-71.41885	FALSE	FALSE	Washington Street and Service Road 8, Providence, RI, USA	Med High	Raw	distance greater than 100m	TRUE	41.82021	-71.41885	2020	March	Downtown	1
763	2020-03-10	815261	20:12:00	Pedestrian	1	NA	FALSE	FALSE	1	PITMAN ST	BUTLER AVE	2020-03-10	Two-Way , Not Divided	Dry	Dark - Lighted	Cloudy	Not a Collision Between Two Motor Vehicles in Transport	No	Pavement Markings	5	1	Fatal	NA	41.8268	-71.38713	FALSE	FALSE	Pitman Street and Butler Ave, Providence, RI, USA	Med High	Raw	NA	FALSE	41.8268	-71.38713	2020	March	Fox Point	1
761	2020-03-11	815306	14:42:00	Pedestrian	1	NA	FALSE	FALSE	1	BRANCH AVE	VANDEWATER ST	2020-03-11	Two-Way, Divided, Unprotected (painted>4feet) Medium	Dry	Daylight	Clear	Other	Yes	No Controls	1	1	Pain Reported	NA	41.85364	-71.42871	FALSE	FALSE	Branch Ave and Vandewater Street, Providence, RI, USA	Med High	Raw	NA	FALSE	41.85364	-71.42871	2020	March	Wanskuck	14
760	2020-03-12	815401	16:39:00	Pedestrian	1	NA	FALSE	FALSE	1	MANTON AVE	POPE ST	2020-03-12	Two-Way , Not Divided	Dry	Daylight	Clear	Not a Collision Between Two Motor Vehicles in Transport	Yes	No Controls	1	1	Pain Reported	NA	41.82186	-71.44906	FALSE	FALSE	Manton Ave and Pope Street, Providence, RI, USA	Med High	Raw	NA	FALSE	41.82186	-71.44906	2020	March	Olneyville	15
759	2020-03-13	815433	07:05:00	Pedestrian	1	NA	FALSE	FALSE	1	STEUBEN ST	ATWELLS AVE	2020-03-13	Two-Way , Not Divided	Wet	Daylight	Rain	Not a Collision Between Two Motor Vehicles in Transport	No	Pavement Markings	5	1	Pain Reported	NA	41.82504	-71.44935	FALSE	FALSE	Steuben Street and Atwells Ave, Providence, RI, USA	Med High	Raw	NA	FALSE	41.82504	-71.44935	2020	March	Olneyville	6
758	2020-03-14	815555	21:11:00	Bicycle	NA	1	FALSE	FALSE	1	MEMORIAL BLVD	FRANCIS ST	2020-03-14	Two-Way, Divided, Positive Median Barrier	Dry	Dark - Lighted	Clear	Not a Collision Between Two Motor Vehicles in Transport	No	Traffic Control Signal	3	1	Pain Reported	NA	41.8259	-71.41535	FALSE	FALSE	Memorial Blvd and Francis Street, Providence, RI, USA	Med High	Raw	NA	FALSE	41.8259	-71.41535	2020	March	Downtown	12
756	2020-03-16	815612	04:18:00	Pedestrian	1	NA	FALSE	FALSE	1	EAST DR	MIDDLE DR	2020-03-16	Two-Way , Not Divided	Dry	Dark - Lighted	Clear	Not a Collision Between Two Motor Vehicles in Transport	Yes	No Controls	2	1	Non-Incapacitating	NA	41.85234	-71.44313	FALSE	FALSE	East Dr and Middle Dr, Providence, RI, USA	Med	Raw	distance greater than 100m	TRUE	41.85234	-71.44313	2020	March	Wanskuck	14
757	2020-03-16	815629	08:06:00	Bicycle	NA	1	FALSE	FALSE	1	Manton Avenue	Chaffee Street	2020-03-16	Two-Way, Divided, Unprotected (painted>4feet) Medium	Dry	Daylight	Clear	Not a Collision Between Two Motor Vehicles in Transport	No	Pavement Markings	3	1	Incapacitating	1	NA	NA	FALSE	FALSE	Manton Avenue and Chaffee Street, Providence, RI, USA	Med High	Geocoded	raw coords null but geocoded coords found	TRUE	41.8187415	-71.4456512	2020	March	Olneyville	15
755	2020-03-19	815736	18:08:00	Pedestrian	2	NA	FALSE	FALSE	1	MANTON AVE	SHERIDAN ST	2020-03-19	Two-Way , Not Divided	Wet	Daylight	Cloudy	Not a Collision Between Two Motor Vehicles in Transport	No	No Controls	5	2	Non-Incapacitating	NA	41.8237	-71.45158	FALSE	FALSE	Manton Ave and Sheridan Street, Providence, RI, USA	Med High	Raw	NA	FALSE	41.8237	-71.45158	2020	March	Olneyville	15
753	2020-03-20	815744	06:02:00	Pedestrian	1	NA	FALSE	FALSE	1	N. Main Street	Eight Street	2020-03-20	Two-Way, Divided, Positive Median Barrier	Dry	Dawn	Clear	Not a Collision Between Two Motor Vehicles in Transport	No	No Controls	2	1	Pain Reported	2	NA	NA	FALSE	FALSE	N. Main Street and Eight Street, Providence, RI, USA	Med	Neither	raw coords null but geocoded coords found	TRUE	41.85425	-71.40059	2020	March	Hope	3
754	2020-03-20	815752	15:07:00	Pedestrian	1	NA	FALSE	FALSE	1	BROAD STREET	MARLBOROUGH AVE	2020-03-20	Two-Way , Not Divided	Dry	Daylight	Clear	Not a Collision Between Two Motor Vehicles in Transport	No	No Controls	3	1	Pain Reported	NA	41.80572	-71.41978	FALSE	FALSE	Broad Street and Marlborough Ave, Providence, RI, USA	Med	Raw	NA	FALSE	41.80572	-71.41978	2020	March	Elmwood	9
752	2020-03-24	815849	17:12:00	Pedestrian	1	NA	FALSE	FALSE	1	POCASSET AVE	MERCY ST	2020-03-24	Two-Way , Not Divided	Dry	Daylight	Cloudy	Not a Collision Between Two Motor Vehicles in Transport	Yes	No Controls	2	1	Pain Reported	NA	41.80862	-71.45557	FALSE	FALSE	Pocasset Ave and Mercy Street, Providence, RI, USA	Med High	Raw	NA	FALSE	41.80862	-71.45557	2020	March	Silver Lake	7
751	2020-03-28	815897	11:51:00	Bicycle	NA	1	FALSE	FALSE	1	POCASSET AVE	LAUREL HILL AVE	2020-03-28	Two-Way, Divided, Unprotected (painted>4feet) Medium	Dry	Daylight	Clear	Angle (Front - to - Side) Right Angle (Includes Broadside)	No	Traffic Control Signal	2	0	No Injury	NA	41.81072	-71.4541	FALSE	FALSE	Pocasset Ave and Laurel Hill Ave, Providence, RI, USA	Med High	Raw	NA	FALSE	41.81072	-71.4541	2020	March	Silver Lake	7
750	2020-04-02	815989	17:06:00	Pedestrian	1	NA	FALSE	FALSE	1	ATWELLS AVE	BRADFORD ST	2020-04-02	Two-Way , Not Divided	Dry	Daylight	Cloudy	Not a Collision Between Two Motor Vehicles in Transport	No	Pavement Markings	3	1	Pain Reported	NA	41.82323	-71.42183	FALSE	FALSE	Atwells Ave and Bradford Street, Providence, RI, USA	Med High	Raw	NA	FALSE	41.82323	-71.42183	2020	April	Federal Hill	13
749	2020-04-03	816018	20:30:00	Pedestrian	1	NA	FALSE	FALSE	1	GLENBRIDGE AVE	LARK ST	2020-04-03	Two-Way , Not Divided	Wet	Dark - Lighted	Rain	Not a Collision Between Two Motor Vehicles in Transport	No	No Controls	2	1	Pain Reported	NA	41.82556	-71.45854	FALSE	FALSE	Glenbridge Ave and Lark Street, Providence, RI, USA	Med High	Raw	NA	FALSE	41.82556	-71.45854	2020	April	Manton	6
748	2020-04-06	816048	20:10:00	Bicycle	NA	1	FALSE	FALSE	1	PLAINFIELD ST EXIT	PLAINFIELD ST	2020-04-06	Two-Way , Not Divided	Dry	Dark - Lighted	Clear	Not a Collision Between Two Motor Vehicles in Transport	No	Pavement Markings	3	1	Pain Reported	NA	41.81539	-71.44587	FALSE	FALSE	Plainfield Street Exit and Plainfield Street, Providence, RI, USA	Med	Raw	distance greater than 100m	TRUE	41.81539	-71.44587	2020	April	Silver Lake	15
747	2020-04-07	816052	11:32:00	Pedestrian	1	NA	FALSE	FALSE	1	110 LOCKWOOD ST	NA	2020-04-07	Unknown	Dry	Daylight	Clear	Not a Collision Between Two Motor Vehicles in Transport	No	No Controls	4	1	Pain Reported	NA	NA	NA	TRUE	TRUE	110 Lockwood Street, Providence, RI, USA	High	Neither	raw coords null but geocoded coords found	TRUE	41.81263	-71.41533	2020	April	Upper South Providence	11
746	2020-04-08	816135	01:26:00	Pedestrian	1	NA	FALSE	FALSE	1	ATLANTIC AVE	Broad Street	2020-04-10	Two-Way , Not Divided	Dry	Dark - Lighted	Clear	Not a Collision Between Two Motor Vehicles in Transport	Yes	No Controls	1	1	Pain Reported	NA	41.79934	-71.41632	FALSE	FALSE	Atlantic Ave and Broad Street, Providence, RI, USA	Med High	Raw	NA	FALSE	41.79934	-71.41632	2020	April	Elmwood	9
745	2020-04-10	816124	07:30:00	Bicycle	NA	1	FALSE	FALSE	1	ORMS ST	SMITH ST	2020-04-10	Two-Way, Divided, Positive Median Barrier	Dry	Daylight	Clear	Not a Collision Between Two Motor Vehicles in Transport	No	Traffic Control Signal	2	0	No Injury	NA	41.83377	-71.42198	FALSE	FALSE	Orms Street and Smith Street, Providence, RI, USA	Med High	Raw	NA	FALSE	41.83377	-71.42198	2020	April	Smith Hill	12
744	2020-04-11	816148	13:06:00	Bicycle	NA	1	FALSE	FALSE	1	NORTH MAIN ST	WHITE ST	2020-04-11	Two-Way , Not Divided	Dry	Daylight	Clear	Not a Collision Between Two Motor Vehicles in Transport	No	Traffic Control Signal	4	1	Pain Reported	NA	41.85548	-71.40015	FALSE	FALSE	North Main Street and White Street, Providence, RI, USA	Med	Raw	NA	FALSE	41.85548	-71.40015	2020	April	Hope	3
743	2020-04-13	816204	14:10:00	Bicycle	NA	1	FALSE	FALSE	1	WESTMINSTER ST	BOUGH ST	2020-04-14	Two-Way, Divided, Positive Median Barrier	Dry	Daylight	Rain	Head-On (Front - to - Front)	Yes	No Controls	2	1	Pain Reported	NA	41.81656	-71.44159	FALSE	FALSE	Westminster Street and Bough Street, Providence, RI, USA	Med High	Raw	NA	FALSE	41.81656	-71.44159	2020	April	Olneyville	15
742	2020-04-14	816215	21:17:00	Pedestrian	1	NA	FALSE	FALSE	1	CRANSTON STREET	HANOVER ST	2020-04-14	Two-Way , Not Divided	Dry	Dark - Lighted	Clear	Not a Collision Between Two Motor Vehicles in Transport	Yes	No Controls	1	1	Non-Incapacitating	NA	41.80933	-71.43368	FALSE	FALSE	Cranston Street and Hanover Street, Providence, RI, USA	Med High	Raw	NA	FALSE	41.80933	-71.43368	2020	April	West End	8
741	2020-04-18	816246	09:59:00	Pedestrian	1	NA	FALSE	FALSE	1	NORTH MAIN ST	RANDALL ST	2020-04-18	Two-Way, Divided, Positive Median Barrier	Wet	Daylight	Snow	Not a Collision Between Two Motor Vehicles in Transport	No	Pavement Markings	2	1	Pain Reported	NA	41.83666	-71.40959	FALSE	FALSE	North Main Street and Randall Street, Providence, RI, USA	Med	Raw	distance greater than 100m	TRUE	41.83666	-71.40959	2020	April	College Hill	3
740	2020-04-21	816329	17:00:00	Pedestrian	1	NA	FALSE	FALSE	1	broad street	SACKETT ST	2020-04-21	Two-Way , Not Divided	Wet	Daylight	Rain	Not a Collision Between Two Motor Vehicles in Transport	Yes	No Controls	1	1	Pain Reported	NA	41.79614	-71.4121	FALSE	FALSE	Broad Street and Sackett Street, Providence, RI, USA	Med	Raw	NA	FALSE	41.79614	-71.4121	2020	April	Elmwood	9
738	2020-04-25	816558	00:21:00	Pedestrian	1	NA	FALSE	FALSE	1	BROAD ST	BROAD ST	2020-04-25	Two-Way , Not Divided	Dry	Dark - Lighted	Clear	Not a Collision Between Two Motor Vehicles in Transport	Yes	No Controls	1	0	No Injury	NA	41.81606	-71.41988	FALSE	FALSE	Broad Street and Broad Street, Providence, RI, USA	Med	Raw	distance greater than 100m	TRUE	41.81606	-71.41988	2020	April	Upper South Providence	11
739	2020-04-25	817611	20:38:00	Pedestrian	1	NA	FALSE	FALSE	1	ELMWOOD AVENUE	PARKIS AVE	2020-04-25	Two-Way , Not Divided	Dry	Dark - Lighted	Clear	Not a Collision Between Two Motor Vehicles in Transport	No	No Controls	2	1	Incapacitating	NA	41.80892	-71.42459	FALSE	FALSE	Elmwood Avenue and Parkis Ave, Providence, RI, USA	Med High	Raw	NA	FALSE	41.80892	-71.42459	2020	April	West End	11
737	2020-05-01	817956	08:33:00	Pedestrian	2	NA	FALSE	FALSE	1	CAMP ST	DOYLE AVE	2020-05-01	Two-Way , Not Divided	Wet	Daylight	Sleet, Hail (Freezing Rain or Drizzle)	Not a Collision Between Two Motor Vehicles in Transport	Yes	Stop Signs	8	2	Incapacitating	NA	41.8388	-71.40419	FALSE	FALSE	Camp Street and Doyle Ave, Providence, RI, USA	Med High	Raw	NA	FALSE	41.8388	-71.40419	2020	May	Mount Hope	3
735	2020-05-03	818021	13:17:00	Pedestrian	1	NA	FALSE	FALSE	1	PRESIDENT AVE	ELMGROVE AVE	2020-05-03	Two-Way , Not Divided	Dry	Daylight	Clear	Not a Collision Between Two Motor Vehicles in Transport	No	Stop Signs	2	1	Pain Reported	NA	41.83523	-71.39117	FALSE	FALSE	President Ave and Elmgrove Ave, Providence, RI, USA	Med High	Raw	NA	FALSE	41.83523	-71.39117	2020	May	Blackstone	2
736	2020-05-03	818037	21:15:00	Pedestrian	1	NA	FALSE	FALSE	1	CRANSTON ST	BRIDGHAM ST	2020-05-03	Two-Way , Not Divided	Dry	Dark - Lighted	Clear	Not a Collision Between Two Motor Vehicles in Transport	Yes	Traffic Control Signal	3	1	Incapacitating	NA	41.81396	-71.42694	FALSE	FALSE	Cranston Street and Bridgham Street, Providence, RI, USA	Med High	Raw	NA	FALSE	41.81396	-71.42694	2020	May	West End	13
734	2020-05-05	818165	13:46:00	Pedestrian	1	NA	FALSE	FALSE	1	REGENT AVE	ACADEMY AVE	2020-05-05	Two-Way , Not Divided	Dry	Daylight	Clear	Not a Collision Between Two Motor Vehicles in Transport	No	No Controls	2	1	Pain Reported	NA	41.82929	-71.44397	FALSE	FALSE	Regent Ave and Academy Ave, Providence, RI, USA	Med High	Raw	NA	FALSE	41.82929	-71.44397	2020	May	Mount Pleasant	6
733	2020-05-13	818498	08:58:00	Pedestrian	1	NA	FALSE	FALSE	1	460 SMITH ST	CHALKSTONE AVE	2020-05-13	Two-Way, Divided, Unprotected (painted>4feet) Medium	Dry	Daylight	Clear	Not a Collision Between Two Motor Vehicles in Transport	Yes	No Controls	3	1	Non-Incapacitating	NA	41.83524	-71.42571	TRUE	FALSE	460 Smith Street, Providence, RI, USA	High	Raw	NA	FALSE	41.83524	-71.42571	2020	May	Smith Hill	12
732	2020-05-17	818685	14:00:00	Bicycle	NA	1	FALSE	FALSE	2	CAROLINA AVE	VIRGINIA AVE	2020-05-17	Two-Way , Not Divided	Dry	Daylight	Clear	Angle (Front - to - Side) Right Angle (Includes Broadside)	No	No Controls	4	3	Pain Reported	NA	41.79101	-71.39991	FALSE	FALSE	Carolina Ave and Virginia Ave, Providence, RI, USA	Med High	Raw	NA	FALSE	41.79101	-71.39991	2020	May	Washington Park	10