row_number	crash_date	crash_report_id	crash_time	collision_type	count_pedestrian	count_bicycle	scooter	wheel_chair	number_of_vehicles	street_or_highway	nearest_intersection	report_date	type_of_roadway	road_surface_condition	light_condition	weather_condition	manner_of_impact	hit_and_run	traffic_control	person_count	injury_count	most_serious_injury	number_of_lanes	lat_raw	lon_raw	has_st_number	is_intersection_null	address_sent_to_geocoder	api_coord_conf	best_coordinate_set	reason_for_qa	manually_qaed_record	final_lat	final_lon	year	month	pvd_nhood	pvd_wards
731	2020-05-24	819160	16:52:00	Bicycle	NA	1	FALSE	FALSE	1	PLAINFIELD ST	GIFFORD ST	2020-05-24	Two-Way , Not Divided	Dry	Daylight	Clear	Not a Collision Between Two Motor Vehicles in Transport	No	Other	2	1	Pain Reported	NA	41.81378	-71.4485	FALSE	FALSE	Plainfield Street and Gifford Street, Providence, RI, USA	Med High	Raw	NA	FALSE	41.81378	-71.4485	2020	May	Silver Lake	15
730	2020-05-25	819216	16:20:00	Bicycle	NA	1	FALSE	FALSE	1	DOVER ST	PEMBERTON ST	2020-05-25	Two-Way , Not Divided	Dry	Daylight	Cloudy	Not a Collision Between Two Motor Vehicles in Transport	No	No Controls	2	0	No Injury	NA	41.82991	-71.44564	FALSE	FALSE	Dover Street and Pemberton Street, Providence, RI, USA	Med High	Raw	NA	FALSE	41.82991	-71.44564	2020	May	Mount Pleasant	6
729	2020-05-26	819314	19:21:00	Pedestrian	1	NA	FALSE	FALSE	1	SMITH ST	RUGGLES ST	2020-05-26	Two-Way , Not Divided	Dry	Dusk	Clear	Not a Collision Between Two Motor Vehicles in Transport	No	No Controls	5	1	Pain Reported	NA	41.83616	-71.42831	FALSE	FALSE	Smith Street and Ruggles Street, Providence, RI, USA	Med High	Raw	NA	FALSE	41.83616	-71.42831	2020	May	Smith Hill	12
728	2020-05-27	819369	16:29:00	Pedestrian	1	NA	FALSE	FALSE	1	CHARLES ST	HAWKINS ST	2020-05-27	Two-Way, Divided, Unprotected (painted>4feet) Medium	Dry	Daylight	Clear	Not a Collision Between Two Motor Vehicles in Transport	No	No Controls	2	1	Incapacitating	NA	41.8514	-71.42016	FALSE	FALSE	Charles Street and Hawkins Street, Providence, RI, USA	Med	Raw	NA	FALSE	41.8514	-71.42016	2020	May	Charles	4
727	2020-05-28	819423	16:38:00	Bicycle	NA	1	FALSE	FALSE	1	BROOK ST	WILLIAMS ST	2020-05-28	Two-Way , Not Divided	Dry	Daylight	Cloudy	Angle (Front - to - Side) Right Angle (Includes Broadside)	No	Stop Signs	3	1	Pain Reported	2	41.82248	-71.3986	FALSE	FALSE	Brook Street and Williams Street, Providence, RI, USA	Med	Raw	NA	FALSE	41.82248	-71.3986	2020	May	Fox Point	1
726	2020-05-31	819586	10:48:00	Pedestrian	1	NA	FALSE	FALSE	1	CRANSTON ST	DEXTER ST	2020-05-31	Two-Way , Not Divided	Dry	Daylight	Clear	Not a Collision Between Two Motor Vehicles in Transport	No	Pavement Markings	2	1	Pain Reported	NA	41.81264	-71.42952	FALSE	FALSE	Cranston Street and Dexter Street, Providence, RI, USA	Med High	Raw	NA	FALSE	41.81264	-71.42952	2020	May	West End	13
724	2020-06-02	819708	21:25:00	Pedestrian	1	NA	FALSE	FALSE	1	EDDY ST	BROOM ST	2020-06-02	Two-Way , Not Divided	Dry	Dark - Lighted	Clear	Not a Collision Between Two Motor Vehicles in Transport	Yes	No Controls	4	1	Pain Reported	NA	41.79061	-71.40323	FALSE	FALSE	Eddy Street and Broom Street, Providence, RI, USA	Med High	Raw	NA	FALSE	41.79061	-71.40323	2020	June	Washington Park	10
722	2020-06-05	819863	14:28:00	Bicycle	NA	1	FALSE	FALSE	1	OPPER STREET	SOCIAL STREET	2020-06-05	Two-Way , Not Divided	Dry	Daylight	Clear	Angle (Front - to - Side) Right Angle (Includes Broadside)	No	Stop Signs	3	0	No Injury	NA	41.83465	-71.41632	FALSE	FALSE	Opper Street and Social Street, Providence, RI, USA	Med High	Geocoded	distance greater than 100m	TRUE	41.8538456	-71.4220131	2020	June	Charles	4
723	2020-06-05	819873	21:00:00	Pedestrian	1	NA	FALSE	FALSE	1	ROCHAMBEAU AVE	HOPE ST	2020-06-05	Two-Way, Not Divided With a Continuous Left Turn Lane	Wet	Dusk	Clear	Not a Collision Between Two Motor Vehicles in Transport	Yes	Traffic Control Signal	2	1	Pain Reported	NA	41.84691	-71.39608	FALSE	FALSE	Rochambeau Ave and Hope Street, Providence, RI, USA	Med High	Raw	NA	FALSE	41.84691	-71.39608	2020	June	Mount Hope	3
721	2020-06-07	819963	13:12:00	Bicycle	NA	1	FALSE	FALSE	1	BROAD ST	ALDRICH ST	2020-06-07	Two-Way , Not Divided	Dry	Daylight	Clear	Not a Collision Between Two Motor Vehicles in Transport	No	No Controls	2	0	No Injury	NA	41.79362	-71.40898	FALSE	FALSE	Broad Street and Aldrich Street, Providence, RI, USA	Med	Raw	NA	FALSE	41.79362	-71.40898	2020	June	South Elmwood	9
720	2020-06-09	820038	02:25:00	Pedestrian	1	NA	FALSE	FALSE	1	JEWETT ST	CALVERLY ST	2020-06-09	Two-Way , Not Divided	Dry	Dark - Lighted	Clear	Not a Collision Between Two Motor Vehicles in Transport	Yes	No Controls	2	1	Pain Reported	NA	41.83279	-71.4214	FALSE	FALSE	Jewett Street and Calverly Street, Providence, RI, USA	Med High	Raw	NA	FALSE	41.83279	-71.4214	2020	June	Smith Hill	12
719	2020-06-13	820249	17:55:00	Bicycle	NA	1	FALSE	FALSE	1	CHARLES ST	CORLISS ST	2020-06-13	One-Way Trafficway	Dry	Daylight	Clear	Not a Collision Between Two Motor Vehicles in Transport	No	No Controls	4	1	Pain Reported	NA	41.83867	-71.41526	FALSE	FALSE	Charles Street and Corliss Street, Providence, RI, USA	Med	Raw	NA	FALSE	41.83867	-71.41526	2020	June	Mount Hope	4
716	2020-06-17	820509	13:03:00	Pedestrian	1	NA	TRUE	FALSE	1	501 SILVER SPRING STREET	SMITHFIELD AVE	2020-06-17	Two-Way, Divided, Unprotected (painted>4feet) Medium	Dry	Daylight	Clear	Not a Collision Between Two Motor Vehicles in Transport	No	No Controls	3	1	Pain Reported	NA	41.85619	-71.41091	TRUE	FALSE	501 Silver Spring Street, Providence, RI, USA	High	Raw	NA	FALSE	41.85619	-71.41091	2020	June	Charles	4
717	2020-06-17	820583	12:23:00	Other	1	NA	TRUE	FALSE	1	1271 Broad St	BROAD ST	2020-06-18	Two-Way , Not Divided	Dry	Daylight	Clear	Not a Collision Between Two Motor Vehicles in Transport	Yes	No Controls	2	1	Pain Reported	NA	41.79195	-71.4069	TRUE	FALSE	1271 Broad Street, Providence, RI, USA	High	Raw	NA	FALSE	41.79195	-71.4069	2020	June	Washington Park	10
718	2020-06-17	820596	16:30:00	Bicycle	NA	1	FALSE	FALSE	1	POTTERS AVE	BROAD ST	2020-06-18	Two-Way , Not Divided	Dry	Daylight	Clear	Not a Collision Between Two Motor Vehicles in Transport	Yes	No Controls	1	1	Pain Reported	NA	41.80297	-71.41891	FALSE	FALSE	Potters Ave and Broad Street, Providence, RI, USA	Med High	Raw	NA	FALSE	41.80297	-71.41891	2020	June	Elmwood	9
715	2020-06-18	820567	03:29:00	Pedestrian	1	NA	FALSE	FALSE	1	SORRENTO ST	WADSWORTH ST	2020-06-18	Unknown	Dry	Dark - Lighted	Clear	Not a Collision Between Two Motor Vehicles in Transport	Yes	Unknown	1	1	Non-Incapacitating	NA	41.80679	-71.43831	FALSE	FALSE	Sorrento Street and Wadsworth Street, Providence, RI, USA	Med High	Raw	NA	FALSE	41.80679	-71.43831	2020	June	West End	8
714	2020-06-20	820799	18:29:00	Bicycle	NA	1	FALSE	FALSE	1	LLOYD AVE	ELMGROVE AVE	2020-06-20	Two-Way , Not Divided	Dry	Daylight	Clear	Not a Collision Between Two Motor Vehicles in Transport	No	Stop Signs	6	1	Incapacitating	2	41.83416	-71.3908	FALSE	FALSE	Lloyd Ave and Elmgrove Ave, Providence, RI, USA	Med High	Raw	NA	FALSE	41.83416	-71.3908	2020	June	Blackstone	2
713	2020-06-24	821099	15:12:00	Pedestrian	1	NA	FALSE	FALSE	1	BORDEN ST	PLAIN ST	2020-06-24	Two-Way , Not Divided	Dry	Daylight	Clear	Not a Collision Between Two Motor Vehicles in Transport	No	No Controls	2	1	Pain Reported	NA	41.81331	-71.412	FALSE	FALSE	Borden Street and Plain Street, Providence, RI, USA	Med High	Raw	NA	FALSE	41.81331	-71.412	2020	June	Upper South Providence	11
712	2020-06-26	821230	03:09:00	Pedestrian	1	NA	FALSE	FALSE	1	CASS ST	BROAD ST	2020-06-26	Two-Way , Not Divided	Dry	Dark - Not Lighted	Clear	Not a Collision Between Two Motor Vehicles in Transport	Yes	No Controls	1	1	Incapacitating	NA	41.79331	-71.40795	FALSE	FALSE	Cass Street and Broad Street, Providence, RI, USA	Med High	Raw	NA	FALSE	41.79331	-71.40795	2020	June	Washington Park	10
708	2020-06-27	821292	12:09:00	Bicycle	NA	1	FALSE	FALSE	1	Valley Street	Hemlock Street	2020-06-27	Two-Way, Divided, Unprotected (painted>4feet) Medium	Dry	Daylight	Clear	Not a Collision Between Two Motor Vehicles in Transport	No	Stop Signs	2	0	No Injury	1	NA	NA	FALSE	FALSE	Valley Street and Hemlock Street, Providence, RI, USA	Med High	Geocoded	raw coords null but geocoded coords found	TRUE	41.8304583	-71.4304933	2020	June	Valley	12
710	2020-06-27	821347	23:16:00	Pedestrian	1	NA	FALSE	FALSE	1	315 BROAD STREET	NA	2020-06-28	Two-Way , Not Divided	Other	Dark - Lighted	Cloudy	Not a Collision Between Two Motor Vehicles in Transport	No	No Controls	3	1	Incapacitating	NA	41.81433	-71.4212	TRUE	TRUE	315 Broad Street, Providence, RI, USA	High	Raw	NA	FALSE	41.81433	-71.4212	2020	June	West End	11
711	2020-06-27	821352	23:07:00	Pedestrian	1	NA	FALSE	FALSE	1	Webster Ave	Dora Street	2020-06-28	Two-Way , Not Divided	Wet	Dark - Lighted	Rain	Rear End(Front-to-Rear)	No	No Controls	3	1	Incapacitating	NA	41.8081	-71.44815	FALSE	FALSE	Webster Ave and Dora Street, Providence, RI, USA	Med High	Raw	NA	FALSE	41.8081	-71.44815	2020	June	Silver Lake	15
705	2020-06-28	821406	17:33:00	Bicycle	NA	1	FALSE	FALSE	1	COLFAX ST	OCEAN ST	2020-06-28	Two-Way , Not Divided	Dry	Daylight	Clear	Other	Yes	No Controls	1	0	Unknown	NA	41.80006	-71.40956	FALSE	FALSE	Colfax Street and Ocean Street, Providence, RI, USA	Med High	Raw	NA	FALSE	41.80006	-71.40956	2020	June	Lower South Providence	10
706	2020-06-28	821414	21:17:00	Pedestrian	1	NA	FALSE	FALSE	1	FLORA ST	ASHTON ST	2020-06-28	Two-Way , Not Divided	Wet	Dark - Lighted	Rain	Sideswipe, Same Direction	Yes	No Controls	1	1	Pain Reported	NA	41.84931	-71.41545	FALSE	FALSE	Flora Street and Ashton Street, Providence, RI, USA	Med High	Raw	NA	FALSE	41.84931	-71.41545	2020	June	Charles	4
707	2020-06-28	821420	22:56:00	Pedestrian	1	NA	FALSE	FALSE	1	Thayer Street	Bowen Street	2020-06-28	One-Way Trafficway	Wet	Dark - Lighted	Clear	Not a Collision Between Two Motor Vehicles in Transport	No	Stop Signs	3	1	Pain Reported	NA	41.83084	-71.401	FALSE	FALSE	Thayer Street and Bowen Street, Providence, RI, USA	Med High	Raw	NA	FALSE	41.83084	-71.401	2020	June	College Hill	2
704	2020-07-01	821625	19:30:00	Bicycle	NA	1	FALSE	FALSE	1	ADMIRAL ST	HAWKINS ST	2020-07-01	Two-Way , Not Divided	Dry	Daylight	Clear	Not a Collision Between Two Motor Vehicles in Transport	No	No Controls	2	1	Pain Reported	NA	41.84592	-71.42839	FALSE	FALSE	Admiral Street and Hawkins Street, Providence, RI, USA	Med High	Raw	NA	FALSE	41.84592	-71.42839	2020	July	Wanskuck	4
703	2020-07-05	821951	00:02:00	Pedestrian	1	NA	FALSE	FALSE	1	GROSVENOR AVE	CHALKSTONE AVE	2020-07-05	Two-Way, Divided, Unprotected (painted>4feet) Medium	Dry	Dark - Lighted	Clear	Not a Collision Between Two Motor Vehicles in Transport	No	No Controls	6	1	Non-Incapacitating	NA	41.83377	-71.43953	FALSE	FALSE	Grosvenor Ave and Chalkstone Ave, Providence, RI, USA	Med High	Raw	distance greater than 100m	TRUE	41.83377	-71.43953	2020	July	Elmhurst	5
701	2020-07-06	822102	15:03:00	Pedestrian	1	NA	FALSE	FALSE	1	Charles St	W River St	2020-07-06	Two-Way, Divided, Unprotected (painted>4feet) Medium	Dry	Daylight	Clear	Not a Collision Between Two Motor Vehicles in Transport	No	No Controls	2	1	Pain Reported	NA	41.83961	-71.41638	FALSE	FALSE	Charles Street and W River Street, Providence, RI, USA	Med	Raw	NA	FALSE	41.83961	-71.41638	2020	July	Mount Hope	4
702	2020-07-06	822165	21:20:00	Pedestrian	1	NA	FALSE	FALSE	1	73 AYRAULT ST	CHALKSTONE AVE	2020-07-06	One-Way Trafficway	Dry	Dark - Lighted	Clear	Not a Collision Between Two Motor Vehicles in Transport	Yes	No Controls	2	1	Incapacitating	NA	41.8336	-71.42903	TRUE	FALSE	73 Ayrault Street, Providence, RI, USA	High	Raw	NA	FALSE	41.8336	-71.42903	2020	July	Smith Hill	12
698	2020-07-08	822281	18:19:00	Bicycle	NA	1	FALSE	FALSE	1	ADELAIDE AVE	RESERVOIR AVE	2020-07-08	Two-Way, Divided, Unprotected (painted>4feet) Medium	Dry	Daylight	Clear	Not a Collision Between Two Motor Vehicles in Transport	No	Traffic Control Signal	4	1	Incapacitating	NA	41.79275	-71.42748	FALSE	FALSE	Adelaide Ave and Reservoir Ave, Providence, RI, USA	Med High	Geocoded	distance greater than 100m	TRUE	41.7955254	-71.4262013	2020	July	West End	8
699	2020-07-08	822283	17:52:00	Pedestrian	1	NA	FALSE	FALSE	1	31 Croyland Road	POTTERS AVE	2020-07-08	Two-Way , Not Divided	Dry	Daylight	Clear	Not a Collision Between Two Motor Vehicles in Transport	Yes	No Controls	3	1	Pain Reported	NA	41.80342	-71.41471	TRUE	FALSE	31 Croyland Road, Providence, RI, USA	High	Raw	NA	FALSE	41.80342	-71.41471	2020	July	Lower South Providence	11
700	2020-07-08	822339	20:56:00	Pedestrian	1	NA	FALSE	FALSE	1	EXCHANGE TER	MEMORIAL BLVD	2020-07-08	Two-Way , Not Divided	Dry	Dark - Lighted	Clear	Other	No	Traffic Control Signal	2	1	Non-Incapacitating	NA	41.82669	-71.41075	FALSE	FALSE	Exchange Ter and Memorial Blvd, Providence, RI, USA	Med High	Raw	NA	FALSE	41.82669	-71.41075	2020	July	Downtown	1
697	2020-07-09	822390	13:58:00	Pedestrian	1	NA	FALSE	FALSE	1	HOPE ST	4TH ST	2020-07-10	Two-Way , Not Divided	Dry	Daylight	Clear	Not a Collision Between Two Motor Vehicles in Transport	No	No Controls	4	1	Pain Reported	NA	41.84929	-71.39488	FALSE	FALSE	Hope Street and 4th Street, Providence, RI, USA	Med High	Raw	NA	FALSE	41.84929	-71.39488	2020	July	Hope	3
696	2020-07-13	822636	13:43:00	Pedestrian	1	NA	FALSE	FALSE	1	GOVERNOR ST	POWER ST	2020-07-13	Two-Way , Not Divided	Dry	Daylight	Clear	Not a Collision Between Two Motor Vehicles in Transport	No	Other	6	1	Incapacitating	NA	41.82373	-71.39412	FALSE	FALSE	Governor Street and Power Street, Providence, RI, USA	Med High	Raw	NA	FALSE	41.82373	-71.39412	2020	July	College Hill	1
695	2020-07-14	822723	13:34:00	Bicycle	NA	1	FALSE	FALSE	1	HARRIS AVE	ACORN ST	2020-07-14	Two-Way , Not Divided	Dry	Daylight	Clear	Not a Collision Between Two Motor Vehicles in Transport	No	No Controls	3	0	No Injury	NA	41.82636	-71.42768	FALSE	FALSE	Harris Ave and Acorn Street, Providence, RI, USA	Med High	Raw	NA	FALSE	41.82636	-71.42768	2020	July	Valley	13
693	2020-07-15	822757	11:39:00	Pedestrian	1	NA	FALSE	FALSE	1	ATWELLS AVE	VALLEY ST	2020-07-15	Two-Way , Not Divided	Dry	Daylight	Clear	Not a Collision Between Two Motor Vehicles in Transport	Yes	No Controls	1	1	Pain Reported	NA	41.82456	-71.43948	FALSE	FALSE	Atwells Ave and Valley Street, Providence, RI, USA	Med High	Raw	NA	FALSE	41.82456	-71.43948	2020	July	Olneyville	15
694	2020-07-15	822802	15:58:00	Bicycle	NA	1	FALSE	FALSE	1	PARKIS AVE	BROAD ST	2020-07-15	Two-Way, Divided, Unprotected (painted>4feet) Medium	Dry	Daylight	Clear	Not a Collision Between Two Motor Vehicles in Transport	Yes	Traffic Control Signal	1	1	Pain Reported	NA	41.80915	-71.42088	FALSE	FALSE	Parkis Ave and Broad Street, Providence, RI, USA	Med High	Raw	NA	FALSE	41.80915	-71.42088	2020	July	Elmwood	11
691	2020-07-18	823018	01:40:00	Pedestrian	2	NA	FALSE	FALSE	1	BROAD ST	SACKETT ST	2020-07-18	Two-Way , Not Divided	Dry	Dark - Lighted	Clear	Not a Collision Between Two Motor Vehicles in Transport	Yes	No Controls	2	2	Incapacitating	NA	41.79589	-71.41179	FALSE	FALSE	Broad Street and Sackett Street, Providence, RI, USA	Med	Raw	NA	FALSE	41.79589	-71.41179	2020	July	Elmwood	9
692	2020-07-18	823036	10:43:00	Pedestrian	2	NA	FALSE	FALSE	1	WILLARD AVE	BROAD ST	2020-07-18	Two-Way , Not Divided	Dry	Daylight	Clear	Not a Collision Between Two Motor Vehicles in Transport	No	No Controls	3	1	Pain Reported	NA	41.80717	-71.41967	FALSE	FALSE	Willard Ave and Broad Street, Providence, RI, USA	Med High	Raw	NA	FALSE	41.80717	-71.41967	2020	July	Upper South Providence	11
690	2020-07-20	827532	14:26:00	Pedestrian	1	NA	FALSE	FALSE	1	UNION AVE	WEBSTER AVE	2020-08-31	Two-Way , Not Divided	Dry	Daylight	Clear	Sidwswipe, Opposite Direction	No	No Controls	2	1	Pain Reported	NA	41.80697	-71.44703	FALSE	FALSE	Union Ave and Webster Ave, Providence, RI, USA	Med	Raw	NA	FALSE	41.80697	-71.44703	2020	July	Silver Lake	15
688	2020-07-21	823236	15:33:00	Bicycle	NA	1	FALSE	FALSE	1	CHARLES ST	CANAL ST	2020-07-21	Two-Way , Not Divided	Dry	Daylight	Clear	Not a Collision Between Two Motor Vehicles in Transport	No	No Controls	3	1	Pain Reported	NA	41.83329	-71.41136	FALSE	FALSE	Charles Street and Canal Street, Providence, RI, USA	Med	Raw	distance greater than 100m	TRUE	41.83329	-71.41136	2020	July	Downtown	3
689	2020-07-21	823312	20:12:00	Pedestrian	1	NA	FALSE	FALSE	1	DOUGLAS AVE	WHIPPLE ST	2020-07-22	Two-Way , Not Divided	Dry	Dark - Lighted	Clear	Not a Collision Between Two Motor Vehicles in Transport	Yes	No Controls	1	1	Pain Reported	NA	41.83686	-71.42156	FALSE	FALSE	Douglas Ave and Whipple Street, Providence, RI, USA	Med High	Raw	NA	FALSE	41.83686	-71.42156	2020	July	Smith Hill	12
687	2020-07-22	823326	16:03:00	Pedestrian	1	NA	FALSE	FALSE	1	BODELL AVE	WHELAN RD	2020-07-22	Unknown	Dry	Daylight	Clear	Sidwswipe, Opposite Direction	No	No Controls	4	1	Pain Reported	NA	41.81789	-71.45408	FALSE	FALSE	Bodell Ave and Whelan Rd, Providence, RI, USA	Med High	Raw	NA	FALSE	41.81789	-71.45408	2020	July	Hartford	7
686	2020-07-24	823463	16:56:00	Bicycle	NA	1	FALSE	FALSE	1	VALLEY ST	RIVER AVE	2020-07-24	Two-Way , Not Divided	Dry	Daylight	Clear	Not a Collision Between Two Motor Vehicles in Transport	No	Traffic Control Signal	4	1	Pain Reported	NA	41.82796	-71.43516	FALSE	FALSE	Valley Street and River Ave, Providence, RI, USA	Med High	Raw	NA	FALSE	41.82796	-71.43516	2020	July	Valley	12
685	2020-07-25	823477	00:05:00	Bicycle	NA	1	FALSE	FALSE	1	CRANSTON ST	ALTHEA ST	2020-07-25	Two-Way , Not Divided	Dry	Dark - Lighted	Clear	Not a Collision Between Two Motor Vehicles in Transport	No	No Controls	2	1	Pain Reported	NA	41.80773	-71.43508	FALSE	FALSE	Cranston Street and Althea Street, Providence, RI, USA	Med High	Raw	NA	FALSE	41.80773	-71.43508	2020	July	West End	8
684	2020-07-26	823580	19:24:00	Bicycle	NA	1	FALSE	FALSE	1	PLAINFIELD ST	LABAN ST	2020-07-26	Two-Way , Not Divided	Dry	Dusk	Clear	Not a Collision Between Two Motor Vehicles in Transport	No	No Controls	3	0	No Injury	NA	41.81501	-71.44633	FALSE	FALSE	Plainfield Street and Laban Street, Providence, RI, USA	Med High	Raw	NA	FALSE	41.81501	-71.44633	2020	July	Silver Lake	15
683	2020-07-30	823950	12:08:00	Pedestrian	1	NA	FALSE	FALSE	1	343 BROAD ST	343 BROAD ST	2020-07-30	Two-Way, Divided, Unprotected (painted>4feet) Medium	Dry	Daylight	Cloudy	Not a Collision Between Two Motor Vehicles in Transport	Yes	No Controls	1	1	Pain Reported	NA	41.81415	-71.4213	TRUE	FALSE	343 Broad Street, Providence, RI, USA	High	Raw	NA	FALSE	41.81415	-71.4213	2020	July	West End	11
681	2020-07-31	824083	18:36:00	Pedestrian	1	NA	FALSE	FALSE	1	61 AMERICA ST	FEDERAL ST	2020-07-31	One-Way Trafficway	Dry	Daylight	Clear	Not a Collision Between Two Motor Vehicles in Transport	No	Traffic Control Signal	3	1	Pain Reported	NA	41.82203	-71.42738	TRUE	FALSE	61 America Street, Providence, RI, USA	High	Raw	NA	FALSE	41.82203	-71.42738	2020	July	Federal Hill	13
682	2020-07-31	824041	12:49:00	Bicycle	NA	1	FALSE	FALSE	1	DOUGLAS AVENUE	ADMIRAL STREET	2020-07-31	Two-Way , Not Divided	Dry	Daylight	Clear	Angle (Front - to - Side) Right Angle (Includes Broadside)	No	Traffic Control Signal	2	1	Pain Reported	NA	41.84605	-71.429	FALSE	FALSE	Douglas Avenue and Admiral Street, Providence, RI, USA	Med High	Raw	NA	FALSE	41.84605	-71.429	2020	July	Wanskuck	14
680	2020-08-02	824206	12:28:00	Other	NA	1	TRUE	FALSE	1	DOYLE AVE	N MAIN ST	2020-08-02	Two-Way , Not Divided	Dry	Daylight	Clear	Not a Collision Between Two Motor Vehicles in Transport	No	No Controls	3	1	Pain Reported	NA	41.83835	-71.40896	FALSE	FALSE	Doyle Ave and N Main Street, Providence, RI, USA	Med	Raw	NA	FALSE	41.83835	-71.40896	2020	August	Mount Hope	3
679	2020-08-03	824225	08:44:00	Bicycle	NA	1	FALSE	FALSE	1	GANO ST EXIT	GANO ST	2020-08-03	One-Way Trafficway	Dry	Daylight	Clear	Not a Collision Between Two Motor Vehicles in Transport	No	Traffic Control Signal	2	0	No Injury	NA	41.82113	-71.38944	FALSE	FALSE	Gano Street Exit and Gano Street, Providence, RI, USA	Med	Raw	distance greater than 100m	TRUE	41.82113	-71.38944	2020	August	Fox Point	1
676	2020-08-06	824536	07:39:00	Bicycle	NA	1	FALSE	FALSE	1	MUTUAL PL	ROCHAMBEAU AVE	2020-08-06	Two-Way , Not Divided	Dry	Daylight	Clear	Not a Collision Between Two Motor Vehicles in Transport	Yes	No Controls	1	0	No Injury	NA	41.84706	-71.39487	FALSE	FALSE	Mutual Pl and Rochambeau Ave, Providence, RI, USA	Med High	Raw	NA	FALSE	41.84706	-71.39487	2020	August	Blackstone	3
677	2020-08-06	824563	16:04:00	Bicycle	NA	1	FALSE	FALSE	1	INDIA STREET	NA	2020-08-06	Two-Way , Not Divided	Dry	Daylight	Clear	Not a Collision Between Two Motor Vehicles in Transport	Yes	No Controls	2	1	Pain Reported	NA	41.81823	-71.39259	FALSE	TRUE	India Street, Providence, RI, USA	Inaccurate	Raw	distance greater than 100m	TRUE	41.81823	-71.39259	2020	August	Fox Point	1
678	2020-08-06	824576	21:00:00	Bicycle	NA	1	FALSE	FALSE	1	F C GREENE MEMORIAL BLVD	F C GREENE MEMORIAL BLVD	2020-08-06	Two-Way , Not Divided	Dry	Dark - Not Lighted	Clear	Not a Collision Between Two Motor Vehicles in Transport	No	No Controls	2	1	Pain Reported	NA	41.77945	-71.41418	FALSE	FALSE	F C Greene Memorial Blvd and F C Greene Memorial Blvd, Providence, RI, USA	Med High	Raw	distance greater than 100m	TRUE	41.77945	-71.41418	2020	August	South Elmwood	9
672	2020-08-09	824716	01:56:00	Pedestrian	1	NA	FALSE	FALSE	1	OAKLAND AVE	CHAD BROWN ST	2020-08-09	Two-Way , Not Divided	Dry	Dark - Lighted	Clear	Not a Collision Between Two Motor Vehicles in Transport	Yes	Stop Signs	1	1	Incapacitating	NA	41.8389	-71.42936	FALSE	FALSE	Oakland Ave and Chad Brown Street, Providence, RI, USA	Med High	Raw	NA	FALSE	41.8389	-71.42936	2020	August	Elmhurst	12
673	2020-08-09	824749	11:19:00	Pedestrian	2	NA	FALSE	FALSE	1	W RIVER ST	CHARLES ST	2020-08-09	Two-Way , Not Divided	Dry	Daylight	Clear	Not a Collision Between Two Motor Vehicles in Transport	No	Stop Signs	3	1	Pain Reported	NA	41.83972	-71.4163	FALSE	FALSE	W River Street and Charles Street, Providence, RI, USA	Med High	Raw	NA	FALSE	41.83972	-71.4163	2020	August	Mount Hope	4
674	2020-08-09	824782	22:11:00	Pedestrian	1	NA	FALSE	FALSE	1	Atwells ave	DE PASQUALE AVE	2020-08-09	Two-Way, Divided, Unprotected (painted>4feet) Medium	Dry	Dark - Lighted	Clear	Not a Collision Between Two Motor Vehicles in Transport	No	Traffic Control Signal	3	1	Pain Reported	NA	41.8236	-71.42708	FALSE	FALSE	Atwells Ave and De Pasquale Ave, Providence, RI, USA	Med High	Raw	NA	FALSE	41.8236	-71.42708	2020	August	Federal Hill	13
675	2020-08-09	824791	19:09:00	Pedestrian	1	NA	FALSE	FALSE	1	SMITH ST	CHALKSTONE AVE	2020-08-10	Two-Way , Not Divided	Dry	Daylight	Clear	Not a Collision Between Two Motor Vehicles in Transport	No	Traffic Control Signal	2	1	Pain Reported	NA	41.83522	-71.42567	FALSE	FALSE	Smith Street and Chalkstone Ave, Providence, RI, USA	Med High	Raw	NA	FALSE	41.83522	-71.42567	2020	August	Smith Hill	12
669	2020-08-10	824815	19:30:00	Pedestrian	1	NA	FALSE	FALSE	1	GANO ST	NA	2020-08-10	Two-Way , Not Divided	Dry	Daylight	Clear	Not a Collision Between Two Motor Vehicles in Transport	No	No Controls	2	2	Non-Incapacitating	NA	41.81876	-71.38931	FALSE	TRUE	Gano Street, Providence, RI, USA	Inaccurate	Raw	distance greater than 100m	TRUE	41.81876	-71.38931	2020	August	Fox Point	1
670	2020-08-10	824824	23:40:00	Bicycle	NA	1	FALSE	FALSE	1	BROAD ST	PARKSIDE CIR	2020-08-11	Two-Way , Not Divided	Dry	Dark - Lighted	Clear	Not a Collision Between Two Motor Vehicles in Transport	No	Stop Signs	3	1	Pain Reported	NA	41.78589	-71.40166	FALSE	FALSE	Broad Street and Parkside Cir, Providence, RI, USA	Med	Raw	distance greater than 100m	TRUE	41.78589	-71.40166	2020	August	NA	10