row_number	crash_date	crash_report_id	crash_time	collision_type	count_pedestrian	count_bicycle	scooter	wheel_chair	number_of_vehicles	street_or_highway	nearest_intersection	report_date	type_of_roadway	road_surface_condition	light_condition	weather_condition	manner_of_impact	hit_and_run	traffic_control	person_count	injury_count	most_serious_injury	number_of_lanes	lat_raw	lon_raw	has_st_number	is_intersection_null	address_sent_to_geocoder	api_coord_conf	best_coordinate_set	reason_for_qa	manually_qaed_record	final_lat	final_lon	year	month	pvd_nhood	pvd_wards
671	2020-08-10	825498	16:49:00	Bicycle	NA	1	FALSE	FALSE	1	VALLEY ST	DEAN ST	2020-08-19	One-Way Trafficway	Dry	Daylight	Clear	Not a Collision Between Two Motor Vehicles in Transport	No	No Controls	2	1	Pain Reported	NA	41.83139	-71.42848	FALSE	FALSE	Valley Street and Dean Street, Providence, RI, USA	Med	Raw	distance greater than 100m	TRUE	41.83139	-71.42848	2020	August	Valley	12
668	2020-08-11	824854	11:00:00	Bicycle	NA	1	FALSE	FALSE	1	336 Admiral Street	336 Admiral Street	2020-08-11	Two-Way , Not Divided	Dry	Daylight	Clear	Other	No	No Controls	2	1	Pain Reported	NA	41.83616	-71.42824	TRUE	FALSE	336 Admiral Street, Providence, RI, USA	High	Geocoded	distance greater than 100m	TRUE	41.8455374	-71.4273582	2020	August	Wanskuck	4
667	2020-08-14	825107	21:32:00	Pedestrian	1	NA	FALSE	FALSE	1	BROADWAY	SERVICE ROAD 7	2020-08-14	Two-Way , Not Divided	Dry	Dark - Not Lighted	Clear	Head-On (Front - to - Front)	No	Traffic Control Signal	2	1	Pain Reported	NA	41.82177	-71.42083	FALSE	FALSE	Broadway and Service Road 7, Providence, RI, USA	Med	Raw	NA	FALSE	41.82177	-71.42083	2020	August	Federal Hill	13
664	2020-08-15	825127	10:42:00	Pedestrian	1	NA	FALSE	FALSE	1	60 KOSSUTH ST	NA	2020-08-15	Two-Way , Not Divided	Dry	Daylight	Clear	Not a Collision Between Two Motor Vehicles in Transport	Yes	No Controls	1	0	Unknown	NA	NA	NA	TRUE	TRUE	60 Kossuth Street, Providence, RI, USA	High	Neither	raw coords null but geocoded coords found	TRUE	41.82228	-71.44729	2020	August	Olneyville	15
665	2020-08-15	825128	13:33:00	Pedestrian	1	NA	TRUE	FALSE	1	FRUIT HILL AVE	HUBER AVE	2020-08-15	Two-Way , Not Divided	Dry	Daylight	Clear	Not a Collision Between Two Motor Vehicles in Transport	No	No Controls	3	1	Pain Reported	NA	41.83429	-71.46798	FALSE	FALSE	Fruit Hill Ave and Huber Ave, Providence, RI, USA	Med High	Raw	NA	FALSE	41.83429	-71.46798	2020	August	Manton	5
666	2020-08-15	825143	13:44:00	Pedestrian	2	NA	FALSE	FALSE	1	HUMES ST	CRESCENT ST	2020-08-15	Two-Way , Not Divided	Dry	Daylight	Clear	Not a Collision Between Two Motor Vehicles in Transport	No	No Controls	6	2	Pain Reported	NA	41.79218	-71.42871	FALSE	FALSE	Humes Street and Crescent Street, Providence, RI, USA	Med High	Raw	NA	FALSE	41.79218	-71.42871	2020	August	Reservoir	8
662	2020-08-18	825398	20:30:00	Bicycle	NA	1	FALSE	FALSE	1	TRENTON ST	IVES ST	2020-08-18	Two-Way , Not Divided	Dry	Dark - Lighted	Clear	Not a Collision Between Two Motor Vehicles in Transport	No	Stop Signs	2	1	Incapacitating	NA	41.82095	-71.39197	FALSE	FALSE	Trenton Street and Ives Street, Providence, RI, USA	Med High	Raw	NA	FALSE	41.82095	-71.39197	2020	August	Fox Point	1
663	2020-08-18	825415	23:21:00	Other	NA	NA	TRUE	FALSE	2	PLAINFIELD ST	ON RAMP TO RT 6 EAST	2020-08-19	Two-Way, Divided, Unprotected (painted>4feet) Medium	Dry	Daylight	Clear	Other	No	No Controls	3	2	Incapacitating	NA	41.81541	-71.44589	FALSE	FALSE	Plainfield Street and On Ramp To Rt 6 East, Providence, RI, USA	Med High	Raw	distance greater than 100m	TRUE	41.81541	-71.44589	2020	August	Silver Lake	15
660	2020-08-19	825482	17:52:00	Pedestrian	1	NA	FALSE	FALSE	1	51 MANTON AVENUE	NA	2020-08-19	Two-Way , Not Divided	Dry	Daylight	Clear	Not a Collision Between Two Motor Vehicles in Transport	No	No Controls	3	1	Pain Reported	NA	NA	NA	TRUE	TRUE	51 Manton Avenue, Providence, RI, USA	High	Neither	raw coords null but geocoded coords found	TRUE	41.81779	-71.44442	2020	August	Olneyville	15
661	2020-08-19	825518	15:46:00	Bicycle	NA	1	FALSE	FALSE	1	Potters Ave	SEABURY ST	2020-08-19	Two-Way, Divided, Positive Median Barrier	Dry	Daylight	Clear	Angle (Front - to - Side) Opposite Direction	Yes	No Controls	1	1	Pain Reported	NA	41.80318	-71.43255	FALSE	FALSE	Potters Ave and Seabury Street, Providence, RI, USA	Med High	Raw	NA	FALSE	41.80318	-71.43255	2020	August	West End	8
659	2020-08-22	825814	21:40:00	Pedestrian	1	NA	FALSE	FALSE	1	BODELL AVE	ETNA ST	2020-08-22	Two-Way , Not Divided	Dry	Dark - Lighted	Clear	Not a Collision Between Two Motor Vehicles in Transport	No	No Controls	3	1	Pain Reported	NA	41.81655	-71.45152	FALSE	FALSE	Bodell Ave and Etna Street, Providence, RI, USA	Med High	Raw	NA	FALSE	41.81655	-71.45152	2020	August	Hartford	7
658	2020-08-26	826106	19:38:00	Bicycle	NA	1	FALSE	FALSE	1	GLENHAM ST	PRAIRIE AVE	2020-08-26	Two-Way , Not Divided	Dry	Dusk	Clear	Not a Collision Between Two Motor Vehicles in Transport	Yes	No Controls	1	1	Pain Reported	NA	41.80605	-71.41525	FALSE	FALSE	Glenham Street and Prairie Ave, Providence, RI, USA	Med High	Raw	NA	FALSE	41.80605	-71.41525	2020	August	Upper South Providence	11
657	2020-09-01	827692	23:17:00	Pedestrian	2	NA	FALSE	FALSE	1	129 BURNS ST	MANILA ST	2020-09-02	Two-Way , Not Divided	Dry	Dark - Lighted	Clear	Not a Collision Between Two Motor Vehicles in Transport	Yes	No Controls	2	1	Pain Reported	NA	41.8539	-71.44466	TRUE	FALSE	129 Burns Street, Providence, RI, USA	High	Raw	NA	FALSE	41.8539	-71.44466	2020	September	Wanskuck	14
656	2020-09-02	827769	15:12:00	Pedestrian	1	NA	FALSE	FALSE	1	CHARLES ST	CORLISS ST	2020-09-02	Two-Way, Divided, Unprotected (painted>4feet) Medium	Wet	Daylight	Rain	Not a Collision Between Two Motor Vehicles in Transport	No	Stop Signs	2	1	Pain Reported	NA	41.83806	-71.41452	FALSE	FALSE	Charles Street and Corliss Street, Providence, RI, USA	Med	Raw	NA	FALSE	41.83806	-71.41452	2020	September	Mount Hope	4
654	2020-09-03	827821	14:18:00	Pedestrian	1	NA	FALSE	FALSE	1	CANDACE ST	GODDARD ST	2020-09-03	Two-Way , Not Divided	Dry	Daylight	Clear	Not a Collision Between Two Motor Vehicles in Transport	Yes	No Controls	2	1	Pain Reported	NA	41.83426	-71.42205	FALSE	FALSE	Candace Street and Goddard Street, Providence, RI, USA	Med High	Raw	NA	FALSE	41.83426	-71.42205	2020	September	Smith Hill	12
655	2020-09-03	827875	13:15:00	Pedestrian	1	NA	FALSE	FALSE	1	Penn Street	Vinton Street	2020-09-04	Two-Way , Not Divided	Dry	Daylight	Clear	Other	No	No Controls	3	0	No Injury	1	41.82188	-71.42977	FALSE	FALSE	Penn Street and Vinton Street, Providence, RI, USA	Med	Raw	NA	FALSE	41.82188	-71.42977	2020	September	Federal Hill	13
652	2020-09-04	827893	10:25:00	Pedestrian	1	NA	FALSE	FALSE	1	BROAD ST	FRICKER ST	2020-09-04	Two-Way , Not Divided	Dry	Daylight	Clear	Not a Collision Between Two Motor Vehicles in Transport	Yes	No Controls	1	1	Pain Reported	NA	41.81528	-71.42066	FALSE	FALSE	Broad Street and Fricker Street, Providence, RI, USA	Med	Raw	NA	FALSE	41.81528	-71.42066	2020	September	West End	11
653	2020-09-04	827952	21:28:00	Bicycle	NA	1	FALSE	FALSE	1	271 RESERVOIR AVE	271 RESERVOIR AVE	2020-09-04	Two-Way, Divided, Unprotected (painted>4feet) Medium	Dry	Dark - Lighted	Clear	Not a Collision Between Two Motor Vehicles in Transport	Yes	No Controls	1	1	Pain Reported	NA	41.79216	-71.42783	TRUE	FALSE	271 Reservoir Ave, Providence, RI, USA	High	Geocoded	distance greater than 100m	TRUE	41.7894913	-71.4300523	2020	September	Reservoir	8
651	2020-09-06	828056	02:43:00	Pedestrian	1	NA	FALSE	FALSE	1	BROAD ST	CENTRAL ST	2020-09-06	Two-Way , Not Divided	Dry	Dark - Lighted	Clear	Not a Collision Between Two Motor Vehicles in Transport	No	No Controls	3	1	Pain Reported	NA	41.81323	-71.42189	FALSE	FALSE	Broad Street and Central Street, Providence, RI, USA	Med High	Geocoded	distance greater than 100m	TRUE	41.8858281	-71.3870525	2020	September	NA	NA
650	2020-09-07	828143	03:22:00	Pedestrian	1	NA	FALSE	FALSE	1	NARRAGANSETT BLVD	WASHINGTON AVE	2020-09-07	Two-Way, Divided, Unprotected (painted>4feet) Medium	Dry	Dark - Lighted	Clear	Not a Collision Between Two Motor Vehicles in Transport	Yes	No Controls	1	1	Fatal	NA	41.78818	-71.39572	FALSE	FALSE	Narragansett Blvd and Washington Ave, Providence, RI, USA	Med High	Raw	NA	FALSE	41.78818	-71.39572	2020	September	Washington Park	10
649	2020-09-10	828392	08:38:00	Pedestrian	1	NA	FALSE	FALSE	1	621 Academy Ave	SMITH ST	2020-09-10	Two-Way , Not Divided	Dry	Daylight	Clear	Not a Collision Between Two Motor Vehicles in Transport	No	Other	3	1	Pain Reported	1	41.84185	-71.44512	TRUE	FALSE	621 Academy Ave, Providence, RI, USA	High	Raw	NA	FALSE	41.84185	-71.44512	2020	September	Mount Pleasant	5
648	2020-09-11	828467	06:40:00	Bicycle	NA	1	FALSE	FALSE	1	N MAIN ST	5TH ST	2020-09-11	Two-Way , Not Divided	Dry	Daylight	Cloudy	Not a Collision Between Two Motor Vehicles in Transport	No	No Controls	3	1	Pain Reported	NA	41.85224	-71.4017	FALSE	FALSE	N Main Street and 5th Street, Providence, RI, USA	Med	Raw	NA	FALSE	41.85224	-71.4017	2020	September	Hope	3
647	2020-09-12	828565	07:00:00	Pedestrian	1	NA	FALSE	FALSE	1	CHALKSTONE AVE	GENEVA ST	2020-09-12	Two-Way , Not Divided	Dry	Daylight	Clear	Not a Collision Between Two Motor Vehicles in Transport	No	No Controls	2	1	Incapacitating	NA	41.83228	-71.44069	FALSE	FALSE	Chalkstone Ave and Geneva Street, Providence, RI, USA	Med High	Raw	NA	FALSE	41.83228	-71.44069	2020	September	Valley	6
646	2020-09-16	828976	17:14:00	Bicycle	NA	1	FALSE	FALSE	1	DEXTER ST	WALDO ST	2020-09-16	Two-Way , Not Divided	Dry	Daylight	Clear	Not a Collision Between Two Motor Vehicles in Transport	No	No Controls	3	1	Pain Reported	NA	41.80434	-71.43004	FALSE	FALSE	Dexter Street and Waldo Street, Providence, RI, USA	Med High	Raw	NA	FALSE	41.80434	-71.43004	2020	September	West End	8
645	2020-09-17	829010	12:13:00	Pedestrian	1	NA	FALSE	FALSE	1	JILLSON ST	EDDY ST	2020-09-17	Two-Way , Not Divided	Dry	Daylight	Clear	Not a Collision Between Two Motor Vehicles in Transport	Yes	No Controls	1	1	Pain Reported	NA	41.79132	-71.40397	FALSE	FALSE	Jillson Street and Eddy Street, Providence, RI, USA	Med High	Raw	NA	FALSE	41.79132	-71.40397	2020	September	Washington Park	10
644	2020-09-18	829095	23:29:00	Pedestrian	1	NA	FALSE	FALSE	1	GAY ST	DUDLEY ST	2020-09-18	Two-Way , Not Divided	Dry	Dark - Lighted	Clear	Not a Collision Between Two Motor Vehicles in Transport	Yes	Pavement Markings	1	1	Pain Reported	NA	41.81006	-71.4129	FALSE	FALSE	Gay Street and Dudley Street, Providence, RI, USA	Med	Raw	NA	FALSE	41.81006	-71.4129	2020	September	Upper South Providence	11
642	2020-09-24	829638	12:40:00	Pedestrian	1	NA	FALSE	FALSE	1	Hope St	Rochambeau Ave	2020-09-24	Two-Way , Not Divided	Dry	Daylight	Clear	Not a Collision Between Two Motor Vehicles in Transport	No	Traffic Control Signal	2	1	Pain Reported	2	NA	NA	FALSE	FALSE	Hope Street and Rochambeau Ave, Providence, RI, USA	Med High	Geocoded	raw coords null but geocoded coords found	TRUE	41.8469319	-71.3960532	2020	September	Mount Hope	3
643	2020-09-24	829641	13:27:00	Pedestrian	1	NA	FALSE	FALSE	1	WHITMARSH ST	UPDIKE ST	2020-09-24	Two-Way , Not Divided	Dry	Daylight	Clear	Not a Collision Between Two Motor Vehicles in Transport	Yes	No Controls	1	1	Pain Reported	NA	41.80605	-71.42101	FALSE	FALSE	Whitmarsh Street and Updike Street, Providence, RI, USA	Med High	Raw	distance greater than 100m	TRUE	41.80605	-71.42101	2020	September	Elmwood	9
640	2020-09-25	829771	19:31:00	Pedestrian	1	NA	FALSE	FALSE	1	ORMS ST	BATH ST	2020-09-25	Two-Way , Not Divided	Dry	Dark - Lighted	Clear	Head-On (Front - to - Front)	No	Stop Signs	2	0	No Injury	NA	41.83322	-71.42549	FALSE	FALSE	Orms Street and Bath Street, Providence, RI, USA	Med High	Raw	NA	FALSE	41.83322	-71.42549	2020	September	Smith Hill	12
641	2020-09-25	829781	22:45:00	Bicycle	NA	1	FALSE	FALSE	1	CARPENTER ST	KNIGHT ST	2020-09-25	Two-Way , Not Divided	Dry	Dark - Lighted	Clear	Not a Collision Between Two Motor Vehicles in Transport	No	Stop Signs	3	1	Incapacitating	NA	41.81825	-71.42752	FALSE	FALSE	Carpenter Street and Knight Street, Providence, RI, USA	Med High	Raw	NA	FALSE	41.81825	-71.42752	2020	September	Federal Hill	13
639	2020-09-27	829916	19:32:00	Pedestrian	1	NA	FALSE	FALSE	1	ACADEMY AVE	HEALTH AVE	2020-09-27	Two-Way , Not Divided	Dry	Dark - Lighted	Clear	Not a Collision Between Two Motor Vehicles in Transport	No	No Controls	3	1	Incapacitating	NA	41.82759	-71.44377	FALSE	FALSE	Academy Ave and Health Ave, Providence, RI, USA	Med High	Raw	NA	FALSE	41.82759	-71.44377	2020	September	Mount Pleasant	6
637	2020-09-28	829968	07:26:00	Bicycle	NA	1	FALSE	FALSE	1	HOPE ST	BLACKSTONE BLVD	2020-09-28	One-Way Trafficway	Dry	Daylight	Clear	Not a Collision Between Two Motor Vehicles in Transport	No	Stop Signs	3	1	Pain Reported	NA	41.85605	-71.39132	FALSE	FALSE	Hope Street and Blackstone Blvd, Providence, RI, USA	Med High	Raw	NA	FALSE	41.85605	-71.39132	2020	September	Hope	3
638	2020-09-28	830022	19:31:00	Pedestrian	1	NA	FALSE	FALSE	1	MESSER ST	CRANSTON ST	2020-09-28	Two-Way , Not Divided	Dry	Dark - Lighted	Clear	Not a Collision Between Two Motor Vehicles in Transport	No	No Controls	2	1	Pain Reported	NA	41.80963	-71.43345	FALSE	FALSE	Messer Street and Cranston Street, Providence, RI, USA	Med High	Raw	NA	FALSE	41.80963	-71.43345	2020	September	West End	8
636	2020-09-29	830080	19:21:00	Pedestrian	1	NA	FALSE	FALSE	1	MEMORIAL BLVD	STEEPLE ST	2020-09-29	Two-Way, Divided, Unprotected (painted>4feet) Medium	Dry	Dark - Lighted	Clear	Not a Collision Between Two Motor Vehicles in Transport	No	Traffic Control Signal	4	1	Pain Reported	NA	41.82677	-71.41063	FALSE	FALSE	Memorial Blvd and Steeple Street, Providence, RI, USA	Med	Raw	distance greater than 100m	TRUE	41.82677	-71.41063	2020	September	Downtown	1
634	2020-10-01	830210	09:24:00	Pedestrian	1	NA	FALSE	FALSE	1	314 BROAD ST	BROAD ST	2020-10-01	Two-Way , Not Divided	Dry	Daylight	Clear	Not a Collision Between Two Motor Vehicles in Transport	No	No Controls	2	1	Pain Reported	NA	41.81443	-71.42115	TRUE	FALSE	314 Broad Street, Providence, RI, USA	High	Raw	NA	FALSE	41.81443	-71.42115	2020	October	West End	11
635	2020-10-01	830241	17:22:00	Other	NA	NA	TRUE	FALSE	2	502 HARTFORD AVE	MELISSA ST	2020-10-01	Two-Way , Not Divided	Dry	Dusk	Clear	Rear End(Front-to-Rear)	No	Pavement Markings	3	1	Non-Incapacitating	2	41.80864	-71.44081	TRUE	FALSE	502 Hartford Ave, Providence, RI, USA	High	Geocoded	distance greater than 100m	TRUE	41.8187363	-71.460615	2020	October	Hartford	7
633	2020-10-03	830409	20:40:00	Pedestrian	1	NA	FALSE	FALSE	1	Broad Street	Gallup Street	2020-10-03	Two-Way , Not Divided	Dry	Dark - Lighted	Clear	Not a Collision Between Two Motor Vehicles in Transport	Yes	No Controls	2	1	Pain Reported	NA	41.79929	-71.41603	FALSE	FALSE	Broad Street and Gallup Street, Providence, RI, USA	Med	Raw	NA	FALSE	41.79929	-71.41603	2020	October	Elmwood	9
631	2020-10-06	830802	17:48:00	Pedestrian	1	NA	FALSE	FALSE	1	WESTMINSTER ST	MESSER ST	2020-10-06	Two-Way , Not Divided	Dry	Daylight	Clear	Not a Collision Between Two Motor Vehicles in Transport	No	No Controls	3	1	Pain Reported	NA	41.81581	-71.43767	FALSE	FALSE	Westminster Street and Messer Street, Providence, RI, USA	Med High	Raw	NA	FALSE	41.81581	-71.43767	2020	October	West End	13
632	2020-10-06	830812	18:33:00	Pedestrian	1	NA	FALSE	FALSE	1	sackett st	HAMILTON ST	2020-10-06	Two-Way , Not Divided	Dry	Dark - Lighted	Clear	Not a Collision Between Two Motor Vehicles in Transport	No	No Controls	7	1	Non-Incapacitating	NA	41.7943	-71.41808	FALSE	FALSE	Sackett Street and Hamilton Street, Providence, RI, USA	Med High	Raw	NA	FALSE	41.7943	-71.41808	2020	October	Elmwood	9
629	2020-10-08	830902	10:29:00	Bicycle	NA	1	FALSE	FALSE	1	HEATH ST	EASTWOOD AVE	2020-10-08	Two-Way , Not Divided	Dry	Daylight	Clear	Not a Collision Between Two Motor Vehicles in Transport	No	No Controls	3	1	Pain Reported	NA	41.8158	-71.45011	FALSE	FALSE	Heath Street and Eastwood Ave, Providence, RI, USA	Med High	Raw	NA	FALSE	41.8158	-71.45011	2020	October	Silver Lake	15
630	2020-10-08	831123	11:00:00	Bicycle	NA	1	FALSE	FALSE	1	53 Governor St	ARNOLD ST	2020-10-10	Two-Way , Not Divided	Dry	Daylight	Clear	Not a Collision Between Two Motor Vehicles in Transport	No	No Controls	2	1	Pain Reported	NA	41.82195	-71.39393	TRUE	FALSE	53 Governor Street, Providence, RI, USA	High	Raw	NA	FALSE	41.82195	-71.39393	2020	October	Fox Point	1
627	2020-10-09	831007	08:37:00	Other	NA	NA	TRUE	FALSE	2	Elmwood Ave	Bellevue Ave	2020-10-09	Two-Way , Not Divided	Dry	Daylight	Clear	Angle (Front - to - Side) Right Angle (Includes Broadside)	No	Traffic Control Signal	2	0	No Injury	2	NA	NA	FALSE	FALSE	Elmwood Ave and Bellevue Ave, Providence, RI, USA	Med High	Geocoded	raw coords null but geocoded coords found	TRUE	41.8071094	-71.4248921	2020	October	West End	11
628	2020-10-09	831103	22:38:00	Pedestrian	1	NA	FALSE	FALSE	1	575 Broad Street	Dartmouth Ave	2020-10-09	Two-Way , Not Divided	Dry	Dark - Lighted	Clear	Not a Collision Between Two Motor Vehicles in Transport	Yes	No Controls	2	1	Incapacitating	NA	41.80844	-71.42063	TRUE	FALSE	575 Broad Street, Providence, RI, USA	High	Raw	NA	FALSE	41.80844	-71.42063	2020	October	Elmwood	11
626	2020-10-10	831148	15:02:00	Bicycle	NA	1	FALSE	FALSE	1	GANO ST	PITMAN ST	2020-10-10	Two-Way , Not Divided	Dry	Daylight	Clear	Not a Collision Between Two Motor Vehicles in Transport	No	Traffic Control Signal	4	1	Non-Incapacitating	NA	41.82648	-71.3905	FALSE	FALSE	Gano Street and Pitman Street, Providence, RI, USA	Med High	Raw	NA	FALSE	41.82648	-71.3905	2020	October	Fox Point	1
625	2020-10-14	831486	12:08:00	Pedestrian	1	NA	FALSE	FALSE	1	WASHINGTON ST	EMPIRE ST	2020-10-14	Two-Way , Not Divided	Dry	Daylight	Clear	Other	No	No Controls	2	1	Incapacitating	NA	41.82182	-71.41645	FALSE	FALSE	Washington Street and Empire Street, Providence, RI, USA	Med	Raw	NA	FALSE	41.82182	-71.41645	2020	October	Downtown	1
623	2020-10-17	831798	13:15:00	Other	NA	1	TRUE	FALSE	1	Corinth St	Broad St	2020-10-17	Two-Way , Not Divided	Dry	Daylight	Clear	Not a Collision Between Two Motor Vehicles in Transport	No	Stop Signs	2	0	No Injury	1	NA	NA	FALSE	FALSE	Corinth Street and Broad Street, Providence, RI, USA	Med High	Geocoded	raw coords null but geocoded coords found	TRUE	41.7948181	-71.4104447	2020	October	Elmwood	10
624	2020-10-17	831806	14:11:00	Bicycle	NA	1	FALSE	FALSE	1	stokes st	WESTMINSTER ST	2020-10-17	Two-Way , Not Divided	Dry	Daylight	Clear	Not a Collision Between Two Motor Vehicles in Transport	No	No Controls	2	1	Non-Incapacitating	NA	41.81673	-71.44282	FALSE	FALSE	Stokes Street and Westminster Street, Providence, RI, USA	Med High	Raw	NA	FALSE	41.81673	-71.44282	2020	October	Olneyville	15
622	2020-10-18	831949	17:50:00	Other	NA	NA	TRUE	FALSE	2	ELMWOOD AVE	BISSELL ST	2020-10-18	Two-Way, Divided, Positive Median Barrier	Dry	Daylight	Clear	Other	No	No Controls	4	2	Incapacitating	NA	41.77744	-71.42118	FALSE	FALSE	Elmwood Ave and Bissell Street, Providence, RI, USA	Med High	Raw	NA	FALSE	41.77744	-71.42118	2020	October	South Elmwood	8
621	2020-10-19	831971	15:00:00	Bicycle	NA	1	FALSE	FALSE	1	ANGELL ST	BROWN ST	2020-10-19	One-Way Trafficway	Dry	Daylight	Clear	Head-On (Front - to - Front)	No	Stop Signs	3	1	Non-Incapacitating	1	41.8279	-71.40283	FALSE	FALSE	Angell Street and Brown Street, Providence, RI, USA	Med High	Raw	NA	FALSE	41.8279	-71.40283	2020	October	College Hill	2
619	2020-10-22	832157	23:22:00	Bicycle	NA	NA	FALSE	FALSE	1	GANO ST	I 195 E	2020-10-22	Two-Way , Not Divided	Dry	Dark - Lighted	Clear	Not a Collision Between Two Motor Vehicles in Transport	No	No Controls	2	0	Unknown	NA	41.81904	-71.38931	FALSE	FALSE	Gano Street and I 195 E, Providence, RI, USA	Med High	Raw	distance greater than 100m	TRUE	41.81904	-71.38931	2020	October	Fox Point	1
618	2020-10-24	832302	00:43:00	Pedestrian	1	NA	FALSE	FALSE	1	133 PEMBROKE AVE	EATON ST	2020-10-24	Two-Way , Not Divided	Dry	Dark - Lighted	Clear	Not a Collision Between Two Motor Vehicles in Transport	Yes	No Controls	2	1	Non-Incapacitating	NA	41.8403	-71.42975	TRUE	FALSE	133 Pembroke Ave, Providence, RI, USA	High	Raw	NA	FALSE	41.8403	-71.42975	2020	October	Elmhurst	14
617	2020-10-25	832371	14:02:00	Bicycle	NA	1	FALSE	FALSE	1	207 Wickenden St.	TRAVERSE ST	2020-10-25	Two-Way , Not Divided	Dry	Daylight	Clear	Not a Collision Between Two Motor Vehicles in Transport	No	No Controls	2	1	Pain Reported	NA	41.81943	-71.39905	TRUE	FALSE	207 Wickenden St., Providence, RI, USA	High	Raw	NA	FALSE	41.81943	-71.39905	2020	October	Fox Point	1
616	2020-10-29	832641	19:56:00	Pedestrian	1	NA	FALSE	FALSE	1	609 ELMWOOD AVE	LENOX AVE	2020-10-29	Two-Way, Divided, Positive Median Barrier	Wet	Dark - Lighted	Rain	Sidwswipe, Opposite Direction	No	No Controls	2	1	Incapacitating	NA	41.79545	-71.42488	TRUE	FALSE	609 Elmwood Ave, Providence, RI, USA	High	Raw	NA	FALSE	41.79545	-71.42488	2020	October	Elmwood	8
615	2020-10-30	832735	18:17:00	Pedestrian	1	NA	FALSE	FALSE	1	CATHERDAL AVE	SMITH ST	2020-10-30	Two-Way , Not Divided	Wet	Dark - Lighted	Clear	Other	No	No Controls	3	1	Non-Incapacitating	NA	41.8132	-71.45548	FALSE	FALSE	Catherdal Ave and Smith Street, Providence, RI, USA	Med High	Geocoded	distance greater than 100m	TRUE	41.8444122	-71.4491246	2020	October	Mount Pleasant	5
613	2020-10-31	832761	05:35:00	Pedestrian	1	NA	FALSE	FALSE	1	UNION AVE	WEBSTER AVE	2020-10-31	Unknown	Ice/Frost	Dark - Lighted	Clear	Unknown	Yes	Traffic Control Signal	1	1	Pain Reported	NA	41.80683	-71.44755	FALSE	FALSE	Union Ave and Webster Ave, Providence, RI, USA	Med	Raw	NA	FALSE	41.80683	-71.44755	2020	October	Silver Lake	15
614	2020-10-31	832779	10:24:00	Pedestrian	1	NA	FALSE	FALSE	1	SMITH STREET	PINEHURST AVE	2020-10-31	Two-Way , Not Divided	Wet	Daylight	Clear	Not a Collision Between Two Motor Vehicles in Transport	No	No Controls	2	1	Pain Reported	NA	41.8374	-71.43311	FALSE	FALSE	Smith Street and Pinehurst Ave, Providence, RI, USA	Med High	Raw	NA	FALSE	41.8374	-71.43311	2020	October	Elmhurst	12
611	2020-11-04	833102	07:29:00	Pedestrian	1	NA	FALSE	FALSE	1	ONEIL ST	DOUGLAS AVE	2020-11-04	Two-Way , Not Divided	Dry	Daylight	Clear	Not a Collision Between Two Motor Vehicles in Transport	No	Pavement Markings	2	1	Pain Reported	NA	41.85282	-71.4367	FALSE	FALSE	Oneil Street and Douglas Ave, Providence, RI, USA	Med High	Raw	NA	FALSE	41.85282	-71.4367	2020	November	Wanskuck	14
612	2020-11-04	833155	16:05:00	Pedestrian	1	NA	FALSE	FALSE	1	CRANSTON ST	BRIDGHAM ST	2020-11-04	Two-Way , Not Divided	Dry	Daylight	Clear	Not a Collision Between Two Motor Vehicles in Transport	No	No Controls	3	1	Pain Reported	NA	41.81419	-71.42649	FALSE	FALSE	Cranston Street and Bridgham Street, Providence, RI, USA	Med High	Raw	NA	FALSE	41.81419	-71.42649	2020	November	West End	11
610	2020-11-06	833322	18:31:00	Pedestrian	1	NA	FALSE	FALSE	1	Academy Ave	NEWARK ST	2020-11-06	Two-Way , Not Divided	Dry	Dark - Lighted	Clear	Not a Collision Between Two Motor Vehicles in Transport	No	No Controls	2	1	Pain Reported	NA	41.82544	-71.4434	FALSE	FALSE	Academy Ave and Newark Street, Providence, RI, USA	Med High	Raw	NA	FALSE	41.82544	-71.4434	2020	November	Mount Pleasant	6
609	2020-11-07	833364	19:45:00	Pedestrian	1	NA	FALSE	FALSE	1	Broad Street	OXFORD ST	2020-11-07	Two-Way , Not Divided	Dry	Dark - Lighted	Clear	Not a Collision Between Two Motor Vehicles in Transport	No	Traffic Control Signal	3	1	Pain Reported	NA	41.80038	-71.41736	FALSE	FALSE	Broad Street and Oxford Street, Providence, RI, USA	Med	Raw	NA	FALSE	41.80038	-71.41736	2020	November	Elmwood	9
608	2020-11-12	833750	16:04:00	Bicycle	NA	1	FALSE	FALSE	1	Manton Ave	FRUIT HILL AVE	2020-11-12	Two-Way , Not Divided	Dry	Daylight	Clear	Not a Collision Between Two Motor Vehicles in Transport	No	Traffic Control Signal	3	1	Pain Reported	NA	41.83388	-71.46783	FALSE	FALSE	Manton Ave and Fruit Hill Ave, Providence, RI, USA	Med High	Raw	NA	FALSE	41.83388	-71.46783	2020	November	Manton	6