row_number	crash_date	crash_report_id	crash_time	collision_type	count_pedestrian	count_bicycle	scooter	wheel_chair	number_of_vehicles	street_or_highway	nearest_intersection	report_date	type_of_roadway	road_surface_condition	light_condition	weather_condition	manner_of_impact	hit_and_run	traffic_control	person_count	injury_count	most_serious_injury	number_of_lanes	lat_raw	lon_raw	has_st_number	is_intersection_null	address_sent_to_geocoder	api_coord_conf	best_coordinate_set	reason_for_qa	manually_qaed_record	final_lat	final_lon	year	month	pvd_nhood	pvd_wards
545	2021-04-06	849381	20:52:00	Pedestrian	1	NA	TRUE	FALSE	1	BROAD ST	FRICKER ST	2021-04-06	Two-Way , Not Divided	Dry	Dark - Lighted	Clear	Not a Collision Between Two Motor Vehicles in Transport	No	Pavement Markings	2	1	Non-Incapacitating	NA	41.81528	-71.42066	FALSE	FALSE	Broad Street and Fricker Street, Providence, RI, USA	Med	Raw	NA	FALSE	41.81528	-71.42066	2021	April	West End	11
542	2021-04-07	849419	17:38:00	Bicycle	NA	1	FALSE	FALSE	1	NORTH MAIN STREET	CHURCH ST	2021-04-07	One-Way Trafficway	Dry	Daylight	Clear	Not a Collision Between Two Motor Vehicles in Transport	No	No Controls	6	1	Non-Incapacitating	NA	41.83071	-71.41035	FALSE	FALSE	North Main Street and Church Street, Providence, RI, USA	Med High	Raw	distance greater than 100m	TRUE	41.83071	-71.41035	2021	April	College Hill	3
541	2021-04-08	849507	17:21:00	Bicycle	NA	1	FALSE	FALSE	1	FLORAL AVE	CLADRASH'S AVE	2021-04-08	Two-Way , Not Divided	Dry	Daylight	Clear	Not a Collision Between Two Motor Vehicles in Transport	Yes	No Controls	2	1	Non-Incapacitating	2	41.78419	-71.40703	FALSE	FALSE	Floral Ave and Cladrash's Ave, Providence, RI, USA	Med	Raw	distance greater than 100m	TRUE	41.78419	-71.40703	2021	April	South Elmwood	9
538	2021-04-14	849748	16:05:00	Bicycle	NA	1	FALSE	FALSE	1	CLEVELAND ST	LAUREL HILL AVE	2021-04-14	Two-Way , Not Divided	Dry	Daylight	Clear	Not a Collision Between Two Motor Vehicles in Transport	No	No Controls	2	1	Non-Incapacitating	NA	41.81587	-71.45588	FALSE	FALSE	Cleveland Street and Laurel Hill Ave, Providence, RI, USA	Med	Raw	NA	FALSE	41.81587	-71.45588	2021	April	Hartford	7
539	2021-04-14	849752	18:07:00	Bicycle	NA	1	FALSE	FALSE	1	VANDEWATER ST	BRANCH AVE	2021-04-14	Two-Way , Not Divided	Dry	Daylight	Clear	Not a Collision Between Two Motor Vehicles in Transport	No	No Controls	4	1	Pain Reported	NA	41.85367	-71.42883	FALSE	FALSE	Vandewater Street and Branch Ave, Providence, RI, USA	Med High	Raw	NA	FALSE	41.85367	-71.42883	2021	April	Wanskuck	14
536	2021-04-15	849775	11:25:00	Pedestrian	1	NA	FALSE	FALSE	1	BLACKSTONE ST	EDDY ST	2021-04-15	Two-Way , Not Divided	Dry	Daylight	Cloudy	Not a Collision Between Two Motor Vehicles in Transport	No	No Controls	2	1	Pain Reported	NA	41.81013	-71.40722	FALSE	FALSE	Blackstone Street and Eddy Street, Providence, RI, USA	Med High	Raw	NA	FALSE	41.81013	-71.40722	2021	April	Upper South Providence	11
537	2021-04-15	849821	15:25:00	Pedestrian	1	NA	FALSE	FALSE	1	PUBLIC ST	BROAD ST	2021-04-16	Two-Way , Not Divided	Dry	Daylight	Cloudy	Not a Collision Between Two Motor Vehicles in Transport	Yes	No Controls	1	1	Pain Reported	NA	41.80442	-71.41935	FALSE	FALSE	Public Street and Broad Street, Providence, RI, USA	Med High	Raw	NA	FALSE	41.80442	-71.41935	2021	April	Elmwood	11
534	2021-04-20	850109	14:43:00	Pedestrian	1	NA	FALSE	FALSE	1	DEXTER ST	CRANSTON ST	2021-04-20	Two-Way , Not Divided	Dry	Daylight	Clear	Not a Collision Between Two Motor Vehicles in Transport	No	No Controls	2	1	Non-Incapacitating	NA	41.81267	-71.42962	FALSE	FALSE	Dexter Street and Cranston Street, Providence, RI, USA	Med High	Raw	NA	FALSE	41.81267	-71.42962	2021	April	West End	13
535	2021-04-20	850123	12:19:00	Bicycle	NA	1	FALSE	FALSE	1	5 BRANCH AVE	DRYDEN LN	2021-04-20	Two-Way , Not Divided	Dry	Daylight	Clear	Not a Collision Between Two Motor Vehicles in Transport	No	No Controls	3	0	No Injury	2	41.84252	-71.4083	TRUE	FALSE	5 Branch Ave, Providence, RI, USA	High	Raw	distance greater than 100m	TRUE	41.84252	-71.4083	2021	April	Mount Hope	3
533	2021-04-22	850258	12:39:00	Pedestrian	1	NA	FALSE	FALSE	1	LISI LN	LANGDON ST	2021-04-22	Two-Way , Not Divided	Dry	Daylight	Clear	Not a Collision Between Two Motor Vehicles in Transport	No	No Controls	3	1	Pain Reported	NA	41.85832	-71.42405	FALSE	FALSE	Lisi Ln and Langdon Street, Providence, RI, USA	Med High	Raw	NA	FALSE	41.85832	-71.42405	2021	April	Charles	4
532	2021-04-24	850317	14:30:00	Pedestrian	2	NA	FALSE	FALSE	1	WAVERLY ST	KENWOOD ST	2021-04-24	Two-Way , Not Divided	Dry	Daylight	Clear	Not a Collision Between Two Motor Vehicles in Transport	No	No Controls	4	1	Non-Incapacitating	2	41.80888	-71.43569	FALSE	FALSE	Waverly Street and Kenwood Street, Providence, RI, USA	Med High	Raw	NA	FALSE	41.80888	-71.43569	2021	April	West End	8
531	2021-04-27	850500	14:24:00	Bicycle	NA	1	FALSE	FALSE	1	VALLEY ST	HEMLOCK ST	2021-04-27	Two-Way , Not Divided	Dry	Daylight	Clear	Angle (Front - to - Side) Right Angle (Includes Broadside)	No	Stop Signs	3	1	Pain Reported	NA	41.83044	-71.43051	FALSE	FALSE	Valley Street and Hemlock Street, Providence, RI, USA	Med High	Raw	NA	FALSE	41.83044	-71.43051	2021	April	Valley	12
528	2021-05-04	851034	09:13:00	Pedestrian	1	NA	FALSE	FALSE	1	35 TERMINAL RD	NA	2021-05-04	Two-Way , Not Divided	Wet	Daylight	Rain	Not a Collision Between Two Motor Vehicles in Transport	No	No Controls	2	1	Pain Reported	NA	NA	NA	TRUE	TRUE	35 Terminal Rd, Providence, RI, USA	High	Neither	raw coords null but geocoded coords found	TRUE	41.79618	-71.38915	2021	May	Washington Park	10
529	2021-05-04	851049	13:28:00	Pedestrian	1	NA	FALSE	FALSE	1	601 N Main St	NA	2021-05-04	Two-Way , Not Divided	Dry	Daylight	Cloudy	Not a Collision Between Two Motor Vehicles in Transport	Yes	No Controls	1	1	Pain Reported	NA	NA	NA	TRUE	TRUE	601 N Main Street, Providence, RI, USA	High	Neither	raw coords null but geocoded coords found	TRUE	41.8373	-71.40944	2021	May	College Hill	3
530	2021-05-04	851095	20:59:00	Pedestrian	1	NA	FALSE	FALSE	1	ATWELLS AVE AT DEAN ST	DEAN ST	2021-05-04	Two-Way , Not Divided	Dry	Dark - Lighted	Clear	Not a Collision Between Two Motor Vehicles in Transport	No	Traffic Control Signal	3	1	Incapacitating	NA	41.82339	-71.4242	FALSE	FALSE	Atwells Ave At Dean Street and Dean Street, Providence, RI, USA	Med	Raw	distance greater than 100m	TRUE	41.82339	-71.4242	2021	May	Federal Hill	13
527	2021-05-05	851151	17:10:00	Pedestrian	1	NA	FALSE	FALSE	1	BROADWAY	EMPIRE ST	2021-05-05	Two-Way , Not Divided	Wet	Daylight	Rain	Not a Collision Between Two Motor Vehicles in Transport	No	Pavement Markings	2	1	Pain Reported	NA	41.82257	-71.41747	FALSE	FALSE	Broadway and Empire Street, Providence, RI, USA	Med	Raw	NA	FALSE	41.82257	-71.41747	2021	May	Downtown	1
526	2021-05-06	851187	08:12:00	Other	NA	NA	TRUE	FALSE	1	POCASSET AVE	LOWELL AVE	2021-05-06	Two-Way , Not Divided	Dry	Daylight	Clear	Not a Collision Between Two Motor Vehicles in Transport	No	Stop Signs	2	1	Non-Incapacitating	NA	41.80976	-71.45478	FALSE	FALSE	Pocasset Ave and Lowell Ave, Providence, RI, USA	Med High	Raw	NA	FALSE	41.80976	-71.45478	2021	May	Silver Lake	7
525	2021-05-09	851493	23:00:00	Pedestrian	2	NA	FALSE	FALSE	1	160 Benedict St	CRANSTON ST	2021-05-10	Unknown	Wet	Dark - Lighted	Rain	Not a Collision Between Two Motor Vehicles in Transport	Yes	No Controls	2	2	Pain Reported	NA	41.80585	-71.43835	TRUE	FALSE	160 Benedict Street, Providence, RI, USA	High	Raw	NA	FALSE	41.80585	-71.43835	2021	May	West End	8
523	2021-05-10	851513	14:07:00	Pedestrian	1	NA	FALSE	FALSE	1	POTTERS AVE	BROAD ST	2021-05-10	Two-Way , Not Divided	Dry	Daylight	Clear	Not a Collision Between Two Motor Vehicles in Transport	No	Traffic Control Signal	2	0	No Injury	NA	41.80297	-71.41891	FALSE	FALSE	Potters Ave and Broad Street, Providence, RI, USA	Med High	Raw	NA	FALSE	41.80297	-71.41891	2021	May	Elmwood	9
524	2021-05-10	851564	17:00:00	Bicycle	1	NA	FALSE	FALSE	1	MERINO ST	EASTWOOD AVE	2021-05-11	Two-Way , Not Divided	Dry	Daylight	Clear	Angle (Front - to - Side) Right Angle (Includes Broadside)	Yes	No Controls	2	1	Pain Reported	NA	41.81504	-71.45787	FALSE	FALSE	Merino Street and Eastwood Ave, Providence, RI, USA	Med High	Raw	NA	FALSE	41.81504	-71.45787	2021	May	Hartford	7
522	2021-05-11	851603	15:58:00	Pedestrian	1	NA	FALSE	TRUE	1	SORRENTO ST	WADSWORTH ST	2021-05-11	Two-Way , Not Divided	Dry	Daylight	Clear	Not a Collision Between Two Motor Vehicles in Transport	No	No Controls	2	1	Pain Reported	NA	41.80663	-71.43846	FALSE	FALSE	Sorrento Street and Wadsworth Street, Providence, RI, USA	Med High	Raw	NA	FALSE	41.80663	-71.43846	2021	May	West End	8
521	2021-05-12	851670	15:26:00	Bicycle	NA	1	FALSE	FALSE	1	Manton ave	TANYARD LN	2021-05-12	Two-Way, Divided, Unprotected (painted>4feet) Medium	Dry	Daylight	Clear	Sideswipe, Same Direction	No	No Controls	3	1	Pain Reported	NA	41.81729	-71.44379	FALSE	FALSE	Manton Ave and Tanyard Ln, Providence, RI, USA	Med High	Raw	NA	FALSE	41.81729	-71.44379	2021	May	Olneyville	15
520	2021-05-15	852927	19:44:00	Pedestrian	1	NA	FALSE	FALSE	1	Lowell Ave	NYE ST	2021-05-16	Two-Way , Not Divided	Dry	Dark - Lighted	Clear	Not a Collision Between Two Motor Vehicles in Transport	Yes	No Controls	2	0	No Injury	NA	41.81648	-71.46019	FALSE	FALSE	Lowell Ave and Nye Street, Providence, RI, USA	Med High	Raw	NA	FALSE	41.81648	-71.46019	2021	May	Hartford	7
519	2021-05-16	852911	13:14:00	Pedestrian	1	NA	FALSE	FALSE	1	325 VALLEY ST	TURNER ST	2021-05-16	Two-Way , Not Divided	Dry	Daylight	Cloudy	Not a Collision Between Two Motor Vehicles in Transport	No	No Controls	3	1	Pain Reported	NA	41.82588	-71.43896	TRUE	FALSE	325 Valley Street, Providence, RI, USA	High	Raw	NA	FALSE	41.82588	-71.43896	2021	May	Valley	12
517	2021-05-20	853093	14:56:00	Pedestrian	1	NA	FALSE	FALSE	1	CLARENCE ST	WEBSTER AVE	2021-05-20	Two-Way , Not Divided	Dry	Daylight	Clear	Not a Collision Between Two Motor Vehicles in Transport	No	Pavement Markings	3	1	Pain Reported	NA	41.80999	-71.44906	FALSE	FALSE	Clarence Street and Webster Ave, Providence, RI, USA	Med High	Raw	NA	FALSE	41.80999	-71.44906	2021	May	Silver Lake	15
518	2021-05-20	853135	19:54:00	Pedestrian	1	NA	FALSE	FALSE	1	Houghton St	Veazie St	2021-05-20	Two-Way , Not Divided	Dry	Daylight	Clear	Not a Collision Between Two Motor Vehicles in Transport	Yes	No Controls	1	1	Non-Incapacitating	NA	41.85651	-71.43483	FALSE	FALSE	Houghton Street and Veazie Street, Providence, RI, USA	Med High	Raw	NA	FALSE	41.85651	-71.43483	2021	May	Wanskuck	4
515	2021-05-24	853281	14:41:00	Bicycle	NA	1	FALSE	FALSE	1	CAMP ST	DOYLE AVE	2021-05-24	Two-Way , Not Divided	Dry	Daylight	Clear	Not a Collision Between Two Motor Vehicles in Transport	No	Stop Signs	2	1	Pain Reported	NA	41.8388	-71.40419	FALSE	FALSE	Camp Street and Doyle Ave, Providence, RI, USA	Med High	Raw	NA	FALSE	41.8388	-71.40419	2021	May	Mount Hope	3
516	2021-05-24	853283	16:23:00	Pedestrian	1	NA	TRUE	FALSE	1	N MAIN ST	DOYLE AVE	2021-05-24	Two-Way , Not Divided	Dry	Daylight	Clear	Not a Collision Between Two Motor Vehicles in Transport	No	Traffic Control Signal	2	1	Pain Reported	NA	41.83835	-71.40923	FALSE	FALSE	N Main Street and Doyle Ave, Providence, RI, USA	Med	Raw	NA	FALSE	41.83835	-71.40923	2021	May	Mount Hope	3
514	2021-05-25	853318	16:07:00	Pedestrian	1	NA	FALSE	FALSE	1	WASHINGTON ST	EDDY ST	2021-05-25	Two-Way , Not Divided	Dry	Daylight	Clear	Not a Collision Between Two Motor Vehicles in Transport	No	Pavement Markings	2	1	Non-Incapacitating	NA	41.82401	-71.4134	FALSE	FALSE	Washington Street and Eddy Street, Providence, RI, USA	Med	Raw	NA	FALSE	41.82401	-71.4134	2021	May	Downtown	1
512	2021-05-27	853375	10:44:00	Pedestrian	1	NA	FALSE	FALSE	1	SMITH ST	ORMS ST	2021-05-27	Two-Way , Not Divided	Dry	Daylight	Clear	Other	No	Traffic Control Signal	3	1	Pain Reported	NA	41.8338	-71.42207	FALSE	FALSE	Smith Street and Orms Street, Providence, RI, USA	Med High	Raw	NA	FALSE	41.8338	-71.42207	2021	May	Smith Hill	12
513	2021-05-27	853381	09:08:00	Bicycle	NA	1	FALSE	FALSE	1	Ledge St	Silver Spring St	2021-05-27	Two-Way , Not Divided	Dry	Daylight	Clear	Not a Collision Between Two Motor Vehicles in Transport	No	Stop Signs	5	1	Pain Reported	2	NA	NA	FALSE	FALSE	Ledge Street and Silver Spring Street, Providence, RI, USA	Med High	Geocoded	raw coords null but geocoded coords found	TRUE	41.8531992	-71.412629	2021	May	Charles	4
511	2021-05-30	853479	00:19:00	Pedestrian	1	NA	FALSE	FALSE	1	Francis Street	Fountain Street	2021-05-30	Two-Way , Not Divided	Wet	Dark - Lighted	Clear	Not a Collision Between Two Motor Vehicles in Transport	Yes	Traffic Control Signal	2	1	Incapacitating	NA	41.82492	-71.41462	FALSE	FALSE	Francis Street and Fountain Street, Providence, RI, USA	Med	Raw	distance greater than 100m	TRUE	41.82492	-71.41462	2021	May	Downtown	1
509	2021-06-02	853631	14:26:00	Pedestrian	1	NA	FALSE	TRUE	1	MANTON AVE	OLNEYVILLE SQ	2021-06-02	Two-Way, Divided, Positive Median Barrier	Dry	Daylight	Clear	Not a Collision Between Two Motor Vehicles in Transport	Yes	Pavement Markings	2	1	Pain Reported	NA	41.81677	-71.44322	FALSE	FALSE	Manton Ave and Olneyville Sq, Providence, RI, USA	Med	Raw	NA	FALSE	41.81677	-71.44322	2021	June	Olneyville	15
510	2021-06-02	853644	16:31:00	Bicycle	NA	1	FALSE	FALSE	1	BROADWAY	WESTMINSTER ST	2021-06-02	Two-Way , Not Divided	Dry	Daylight	Clear	Sideswipe, Same Direction	No	No Controls	2	1	Pain Reported	NA	41.81663	-71.44201	FALSE	FALSE	Broadway and Westminster Street, Providence, RI, USA	Med	Raw	NA	FALSE	41.81663	-71.44201	2021	June	Olneyville	15
508	2021-06-03	853666	18:36:00	Pedestrian	1	NA	FALSE	FALSE	1	ROSEDALE ST	MESSER ST	2021-06-03	Two-Way , Not Divided	Dry	Daylight	Clear	Not a Collision Between Two Motor Vehicles in Transport	No	No Controls	4	0	No Injury	NA	41.81038	-71.4356	FALSE	FALSE	Rosedale Street and Messer Street, Providence, RI, USA	Med High	Raw	NA	FALSE	41.81038	-71.4356	2021	June	West End	13
507	2021-06-05	853749	06:29:00	Pedestrian	2	NA	FALSE	FALSE	1	CRANSTON ST	POTTERS AVE	2021-06-05	Two-Way, Divided, Unprotected (painted>4feet) Medium	Dry	Daylight	Clear	Not a Collision Between Two Motor Vehicles in Transport	Yes	No Controls	3	2	Incapacitating	2	41.80471	-71.43816	FALSE	FALSE	Cranston Street and Potters Ave, Providence, RI, USA	Med High	Raw	NA	FALSE	41.80471	-71.43816	2021	June	West End	8
506	2021-06-06	853801	01:53:00	Pedestrian	1	NA	FALSE	FALSE	1	SILVER SPRING ST	CHARLES ST	2021-06-06	Two-Way, Not Divided With a Continuous Left Turn Lane	Dry	Dark - Lighted	Clear	Not a Collision Between Two Motor Vehicles in Transport	Yes	Traffic Control Signal	3	1	Pain Reported	NA	41.84501	-71.41842	FALSE	FALSE	Silver Spring Street and Charles Street, Providence, RI, USA	Med High	Raw	NA	FALSE	41.84501	-71.41842	2021	June	Charles	4
505	2021-06-08	853952	19:13:00	Bicycle	NA	1	FALSE	FALSE	1	CHAFFEE ST	BAILEY CT	2021-06-08	Two-Way , Not Divided	Dry	Daylight	Clear	Not a Collision Between Two Motor Vehicles in Transport	No	No Controls	2	1	Non-Incapacitating	NA	41.81931	-71.44445	FALSE	FALSE	Chaffee Street and Bailey Ct, Providence, RI, USA	Med High	Raw	NA	FALSE	41.81931	-71.44445	2021	June	Olneyville	15
504	2021-06-12	854148	22:48:00	Pedestrian	1	NA	FALSE	FALSE	1	Broad Street	Stewart Street	2021-06-12	Two-Way , Not Divided	Dry	Dark - Lighted	Clear	Not a Collision Between Two Motor Vehicles in Transport	Yes	Traffic Control Signal	1	1	Pain Reported	NA	41.81692	-71.41795	FALSE	FALSE	Broad Street and Stewart Street, Providence, RI, USA	Med	Raw	NA	FALSE	41.81692	-71.41795	2021	June	Upper South Providence	11
503	2021-06-14	854220	15:06:00	Pedestrian	1	NA	FALSE	FALSE	1	River Ave.	Smith St.	2021-06-14	Two-Way , Not Divided	Wet	Daylight	Rain	Not a Collision Between Two Motor Vehicles in Transport	No	Traffic Control Signal	2	1	Pain Reported	NA	41.84058	-71.44055	FALSE	FALSE	River Ave. and Smith St., Providence, RI, USA	Med High	Raw	NA	FALSE	41.84058	-71.44055	2021	June	Elmhurst	5
500	2021-06-18	854337	02:10:00	Pedestrian	1	NA	FALSE	FALSE	1	51 Silver Spring Street	Charles Street	2021-06-18	Unknown	Dry	Dark - Lighted	Clear	Not a Collision Between Two Motor Vehicles in Transport	Yes	No Controls	1	1	Incapacitating	NA	41.84501	-71.41842	TRUE	FALSE	51 Silver Spring Street, Providence, RI, USA	High	Raw	distance greater than 100m	TRUE	41.84501	-71.41842	2021	June	Charles	4
501	2021-06-18	854356	20:06:00	Pedestrian	1	NA	FALSE	FALSE	1	FRANCIS ST	AMERICAN EXPRESS PLZ	2021-06-18	Two-Way , Not Divided	Dry	Dark - Lighted	Clear	Head-On (Front - to - Front)	Yes	No Controls	1	1	Pain Reported	NA	41.82745	-71.41541	FALSE	FALSE	Francis Street and American Express Plz, Providence, RI, USA	Med	Raw	distance greater than 100m	TRUE	41.82745	-71.41541	2021	June	Downtown	12
502	2021-06-18	854362	23:05:00	Pedestrian	1	NA	FALSE	FALSE	1	Broad Street	Fricker Street	2021-06-18	Two-Way , Not Divided	Dry	Dark - Lighted	Clear	Not a Collision Between Two Motor Vehicles in Transport	Yes	No Controls	1	1	Pain Reported	NA	41.81528	-71.42066	FALSE	FALSE	Broad Street and Fricker Street, Providence, RI, USA	Med	Raw	NA	FALSE	41.81528	-71.42066	2021	June	West End	11
498	2021-06-22	854527	06:27:00	Pedestrian	1	NA	FALSE	FALSE	1	PROMENADE ST	KINSLEY AVE	2021-06-22	Two-Way , Not Divided	Dry	Daylight	Clear	Not a Collision Between Two Motor Vehicles in Transport	No	Stop Signs	2	1	Pain Reported	NA	41.82937	-71.4241	FALSE	FALSE	Promenade Street and Kinsley Ave, Providence, RI, USA	Med High	Raw	NA	FALSE	41.82937	-71.4241	2021	June	Smith Hill	12
499	2021-06-22	854593	14:03:00	Pedestrian	1	NA	FALSE	FALSE	1	ABBOTT ST	ROYAL ST	2021-06-23	One-Way Trafficway	Wet	Daylight	Rain	Not a Collision Between Two Motor Vehicles in Transport	No	No Controls	2	1	Pain Reported	NA	41.81911	-71.3893	FALSE	FALSE	Abbott Street and Royal Street, Providence, RI, USA	Med	Geocoded	distance greater than 100m	TRUE	41.8434195	-71.4056432	2021	June	Mount Hope	3
496	2021-06-23	854579	10:41:00	Bicycle	NA	1	FALSE	FALSE	1	IRVING AVE	BLACKSTONE BLVD	2021-06-23	Two-Way, Divided, Positive Median Barrier	Dry	Daylight	Clear	Not a Collision Between Two Motor Vehicles in Transport	No	Pavement Markings	4	1	Incapacitating	NA	41.83413	-71.38419	FALSE	FALSE	Irving Ave and Blackstone Blvd, Providence, RI, USA	Med High	Raw	NA	FALSE	41.83413	-71.38419	2021	June	Wayland	2
497	2021-06-23	854584	12:45:00	Pedestrian	1	NA	FALSE	FALSE	1	POTTERS AVE	ELMWOOD AVE	2021-06-23	Two-Way , Not Divided	Dry	Daylight	Clear	Not a Collision Between Two Motor Vehicles in Transport	No	Traffic Control Signal	3	1	Incapacitating	NA	41.80151	-71.42635	FALSE	FALSE	Potters Ave and Elmwood Ave, Providence, RI, USA	Med High	Raw	NA	FALSE	41.80151	-71.42635	2021	June	West End	9
495	2021-06-24	854647	13:21:00	Pedestrian	1	NA	FALSE	FALSE	1	POTTERS AVE	BROAD ST	2021-06-24	Two-Way , Not Divided	Dry	Daylight	Clear	Not a Collision Between Two Motor Vehicles in Transport	No	Traffic Control Signal	4	1	Non-Incapacitating	NA	41.80297	-71.41891	FALSE	FALSE	Potters Ave and Broad Street, Providence, RI, USA	Med High	Raw	NA	FALSE	41.80297	-71.41891	2021	June	Elmwood	9
493	2021-06-28	854829	10:53:00	Bicycle	NA	1	FALSE	FALSE	2	LENOX AVE	NIAGARA ST	2021-06-28	Two-Way , Not Divided	Dry	Daylight	Clear	Not a Collision Between Two Motor Vehicles in Transport	No	Stop Signs	4	2	Incapacitating	NA	41.79732	-71.41793	FALSE	FALSE	Lenox Ave and Niagara Street, Providence, RI, USA	Med High	Raw	NA	FALSE	41.79732	-71.41793	2021	June	Elmwood	9
492	2021-06-29	854911	22:44:00	Bicycle	NA	1	FALSE	FALSE	1	Smith Street	Chalkstone Ave	2021-06-29	Two-Way , Not Divided	Dry	Dark - Lighted	Clear	Not a Collision Between Two Motor Vehicles in Transport	Yes	Traffic Control Signal	1	1	Pain Reported	NA	41.83521	-71.42565	FALSE	FALSE	Smith Street and Chalkstone Ave, Providence, RI, USA	Med High	Raw	NA	FALSE	41.83521	-71.42565	2021	June	Smith Hill	12
491	2021-06-30	854967	16:59:00	Pedestrian	2	NA	TRUE	FALSE	1	ATWELLS AVE	WEEDEN ST	2021-06-30	Two-Way , Not Divided	Dry	Daylight	Clear	Not a Collision Between Two Motor Vehicles in Transport	Yes	No Controls	3	1	Non-Incapacitating	NA	41.8234	-71.42431	FALSE	FALSE	Atwells Ave and Weeden Street, Providence, RI, USA	Med High	Raw	NA	FALSE	41.8234	-71.42431	2021	June	Federal Hill	13
489	2021-07-06	855177	15:04:00	Bicycle	NA	1	FALSE	FALSE	1	CRANSTON ST	FRICKER ST	2021-07-06	Two-Way , Not Divided	Dry	Daylight	Clear	Angle (Front - to - Side) Same Direction	No	No Controls	3	1	Pain Reported	2	41.81695	-71.4226	FALSE	FALSE	Cranston Street and Fricker Street, Providence, RI, USA	Med High	Raw	NA	FALSE	41.81695	-71.4226	2021	July	West End	11
490	2021-07-06	855180	17:54:00	Pedestrian	1	NA	FALSE	FALSE	1	ATWELLS AVE	JULIAN ST	2021-07-06	Two-Way , Not Divided	Dry	Daylight	Cloudy	Not a Collision Between Two Motor Vehicles in Transport	No	No Controls	3	1	Non-Incapacitating	NA	41.82484	-71.44448	FALSE	FALSE	Atwells Ave and Julian Street, Providence, RI, USA	Med High	Raw	NA	FALSE	41.82484	-71.44448	2021	July	Olneyville	6
488	2021-07-07	855195	01:06:00	Pedestrian	1	NA	FALSE	FALSE	1	Hartford Ave	Olneyville Sq	2021-07-07	One-Way Trafficway	Dry	Dark - Lighted	Clear	Not a Collision Between Two Motor Vehicles in Transport	Yes	No Controls	1	1	Pain Reported	NA	41.81673	-71.44427	FALSE	FALSE	Hartford Ave and Olneyville Sq, Providence, RI, USA	Med	Raw	NA	FALSE	41.81673	-71.44427	2021	July	Olneyville	15
487	2021-07-08	855272	18:50:00	Pedestrian	1	NA	FALSE	FALSE	1	HAWKINS ST	BRANCH AVE	2021-07-08	Two-Way , Not Divided	Wet	Dusk	Rain	Not a Collision Between Two Motor Vehicles in Transport	No	Traffic Control Signal	4	1	Incapacitating	NA	41.8509	-71.42142	FALSE	FALSE	Hawkins Street and Branch Ave, Providence, RI, USA	Med High	Raw	NA	FALSE	41.8509	-71.42142	2021	July	Charles	4
486	2021-07-10	855348	13:09:00	Pedestrian	1	NA	FALSE	FALSE	1	CRANSTON ST	ALTHEA ST	2021-07-10	Two-Way , Not Divided	Dry	Daylight	Clear	Not a Collision Between Two Motor Vehicles in Transport	No	No Controls	2	1	Pain Reported	NA	41.80773	-71.43508	FALSE	FALSE	Cranston Street and Althea Street, Providence, RI, USA	Med High	Raw	NA	FALSE	41.80773	-71.43508	2021	July	West End	8
485	2021-07-11	855394	09:28:00	Bicycle	NA	1	FALSE	FALSE	1	LEDGE ST	CHARLES ST	2021-07-11	Two-Way , Not Divided	Dry	Daylight	Cloudy	Not a Collision Between Two Motor Vehicles in Transport	Yes	No Controls	2	1	Pain Reported	NA	41.85325	-71.41996	FALSE	FALSE	Ledge Street and Charles Street, Providence, RI, USA	Med High	Raw	NA	FALSE	41.85325	-71.41996	2021	July	Charles	4
483	2021-07-12	855448	20:36:00	Bicycle	NA	1	FALSE	FALSE	1	Broad St	Potters Ave	2021-07-12	Two-Way , Not Divided	Dry	Dark - Lighted	Clear	Angle (Front - to - Side) Right Angle (Includes Broadside)	No	Traffic Control Signal	2	1	Pain Reported	NA	41.80297	-71.41891	FALSE	FALSE	Broad Street and Potters Ave, Providence, RI, USA	Med	Raw	NA	FALSE	41.80297	-71.41891	2021	July	Elmwood	9
484	2021-07-12	855449	19:43:00	Pedestrian	1	NA	FALSE	FALSE	1	BENEDICT ST	SORRENTO ST	2021-07-12	Two-Way , Not Divided	Dry	Daylight	Cloudy	Not a Collision Between Two Motor Vehicles in Transport	Yes	No Controls	1	1	Pain Reported	NA	41.80607	-71.43881	FALSE	FALSE	Benedict Street and Sorrento Street, Providence, RI, USA	Med High	Raw	NA	FALSE	41.80607	-71.43881	2021	July	West End	8
480	2021-07-14	855537	15:44:00	Pedestrian	1	NA	FALSE	FALSE	1	ARLINGTON AVE	IRVING AVE	2021-07-14	Two-Way , Not Divided	Dry	Daylight	Clear	Not a Collision Between Two Motor Vehicles in Transport	Yes	No Controls	4	1	Incapacitating	NA	41.83169	-71.39327	FALSE	FALSE	Arlington Ave and Irving Ave, Providence, RI, USA	Med High	Raw	NA	FALSE	41.83169	-71.39327	2021	July	College Hill	2
481	2021-07-14	855554	22:05:00	Bicycle	NA	1	FALSE	FALSE	1	99 KENNEDY PLAZA	DORRANCE ST	2021-07-14	Two-Way , Not Divided	Dry	Dark - Lighted	Clear	Unknown	Yes	No Controls	1	1	Pain Reported	NA	41.82428	-71.41216	TRUE	FALSE	99 Kennedy Plaza, Providence, RI, USA	High	Raw	NA	FALSE	41.82428	-71.41216	2021	July	Downtown	1