row_number	crash_date	crash_report_id	crash_time	collision_type	count_pedestrian	count_bicycle	scooter	wheel_chair	number_of_vehicles	street_or_highway	nearest_intersection	report_date	type_of_roadway	road_surface_condition	light_condition	weather_condition	manner_of_impact	hit_and_run	traffic_control	person_count	injury_count	most_serious_injury	number_of_lanes	lat_raw	lon_raw	has_st_number	is_intersection_null	address_sent_to_geocoder	api_coord_conf	best_coordinate_set	reason_for_qa	manually_qaed_record	final_lat	final_lon	year	month	pvd_nhood	pvd_wards
482	2021-07-14	855555	22:50:00	Bicycle	NA	1	FALSE	FALSE	1	CRANSTON ST	DEXTER ST	2021-07-14	Two-Way , Not Divided	Dry	Dark - Lighted	Clear	Unknown	Yes	No Controls	1	1	Non-Incapacitating	NA	41.81264	-71.42951	FALSE	FALSE	Cranston Street and Dexter Street, Providence, RI, USA	Med High	Raw	NA	FALSE	41.81264	-71.42951	2021	July	West End	11
477	2021-07-16	855638	13:29:00	Pedestrian	1	NA	FALSE	FALSE	1	BRANCH AVE	OPPER ST	2021-07-16	Two-Way, Divided, Unprotected (painted>4feet) Medium	Dry	Daylight	Clear	Not a Collision Between Two Motor Vehicles in Transport	No	Traffic Control Signal	2	1	Pain Reported	NA	41.85173	-71.42336	FALSE	FALSE	Branch Ave and Opper Street, Providence, RI, USA	Med High	Raw	NA	FALSE	41.85173	-71.42336	2021	July	Charles	4
478	2021-07-16	855639	14:49:00	Pedestrian	1	1	FALSE	FALSE	2	BROAD ST	PEARL ST	2021-07-16	Two-Way , Not Divided	Dry	Daylight	Clear	Not a Collision Between Two Motor Vehicles in Transport	Yes	No Controls	3	2	Incapacitating	NA	41.81475	-71.42095	FALSE	FALSE	Broad Street and Pearl Street, Providence, RI, USA	Med	Raw	NA	FALSE	41.81475	-71.42095	2021	July	West End	11
479	2021-07-16	855689	23:24:00	Bicycle	NA	1	FALSE	FALSE	1	PLAINFIELD ST	WEBSTER AVE	2021-07-17	Two-Way , Not Divided	Dry	Dark - Lighted	Clear	Angle (Front - to - Side) Right Angle (Includes Broadside)	No	Traffic Control Signal	5	1	Fatal	NA	41.81366	-71.45082	FALSE	FALSE	Plainfield Street and Webster Ave, Providence, RI, USA	Med High	Raw	NA	FALSE	41.81366	-71.45082	2021	July	Silver Lake	7
476	2021-07-18	855728	23:21:00	Pedestrian	1	NA	FALSE	FALSE	1	451 SMITH ST	CHALKSTONE AVE	2021-07-19	Two-Way, Divided, Unprotected (painted>4feet) Medium	Dry	Dark - Lighted	Clear	Other	No	Traffic Control Signal	2	1	Fatal	NA	41.83531	-71.4259	TRUE	FALSE	451 Smith Street, Providence, RI, USA	High	Raw	NA	FALSE	41.83531	-71.4259	2021	July	Smith Hill	12
475	2021-07-21	855831	14:36:00	Bicycle	NA	1	FALSE	FALSE	1	Cranston St	POTTERS AVE	2021-07-21	Two-Way, Divided, Positive Median Barrier	Dry	Daylight	Clear	Other	No	No Controls	5	1	Pain Reported	NA	41.80506	-71.43777	FALSE	FALSE	Cranston Street and Potters Ave, Providence, RI, USA	Med High	Raw	NA	FALSE	41.80506	-71.43777	2021	July	West End	8
474	2021-07-23	855913	22:52:00	Pedestrian	1	NA	FALSE	FALSE	1	HARTFORD AVE	BODELL AVE	2021-07-23	Two-Way, Divided, Unprotected (painted>4feet) Medium	Wet	Dark - Lighted	Clear	Not a Collision Between Two Motor Vehicles in Transport	Yes	Traffic Control Signal	1	1	Pain Reported	NA	41.81768	-71.45395	FALSE	FALSE	Hartford Ave and Bodell Ave, Providence, RI, USA	Med High	Raw	NA	FALSE	41.81768	-71.45395	2021	July	Hartford	7
473	2021-07-24	855959	21:30:00	Bicycle	NA	1	FALSE	FALSE	1	CHALKSTONE AVE	SMITH ST	2021-07-24	Two-Way , Not Divided	Dry	Dark - Lighted	Clear	Not a Collision Between Two Motor Vehicles in Transport	Yes	Traffic Control Signal	1	0	No Injury	NA	41.83521	-71.42565	FALSE	FALSE	Chalkstone Ave and Smith Street, Providence, RI, USA	Med High	Raw	NA	FALSE	41.83521	-71.42565	2021	July	Smith Hill	12
472	2021-07-30	856179	20:55:00	Pedestrian	1	NA	FALSE	FALSE	1	Broad Street	FRICKER ST	2021-07-30	Two-Way , Not Divided	Dry	Dark - Lighted	Clear	Not a Collision Between Two Motor Vehicles in Transport	No	No Controls	3	1	Pain Reported	NA	41.81478	-71.42094	FALSE	FALSE	Broad Street and Fricker Street, Providence, RI, USA	Med	Raw	NA	FALSE	41.81478	-71.42094	2021	July	West End	11
470	2021-07-31	856204	13:04:00	Pedestrian	1	NA	FALSE	FALSE	1	FREMONT ST	IVES ST	2021-07-31	Two-Way , Not Divided	Dry	Daylight	Clear	Not a Collision Between Two Motor Vehicles in Transport	No	Other	3	1	Non-Incapacitating	NA	41.82231	-71.39212	FALSE	FALSE	Fremont Street and Ives Street, Providence, RI, USA	Med High	Raw	NA	FALSE	41.82231	-71.39212	2021	July	Fox Point	1
471	2021-07-31	856207	16:09:00	Other	NA	1	TRUE	FALSE	1	LOCKWOOD ST	HAYWARD ST	2021-07-31	Unknown	Dry	Daylight	Clear	Unknown	Unknown	Unknown	2	1	Pain Reported	NA	41.81473	-71.41935	FALSE	FALSE	Lockwood Street and Hayward Street, Providence, RI, USA	Med High	Raw	NA	FALSE	41.81473	-71.41935	2021	July	Upper South Providence	11
469	2021-08-02	856314	21:10:00	Pedestrian	1	NA	FALSE	FALSE	1	BROAD ST	SACKETT ST	2021-08-02	Two-Way , Not Divided	Dry	Dark - Lighted	Clear	Not a Collision Between Two Motor Vehicles in Transport	No	Traffic Control Signal	4	1	Fatal	NA	41.79614	-71.4121	FALSE	FALSE	Broad Street and Sackett Street, Providence, RI, USA	Med	Raw	NA	FALSE	41.79614	-71.4121	2021	August	Elmwood	9
468	2021-08-03	856367	17:04:00	Bicycle	NA	1	FALSE	FALSE	1	Academy Ave	HEALTH AVE	2021-08-03	Two-Way , Not Divided	Dry	Daylight	Clear	Head-On (Front - to - Front)	No	No Controls	4	1	Pain Reported	NA	41.82778	-71.4438	FALSE	FALSE	Academy Ave and Health Ave, Providence, RI, USA	Med High	Raw	NA	FALSE	41.82778	-71.4438	2021	August	Mount Pleasant	6
467	2021-08-06	856439	09:38:00	Pedestrian	1	NA	FALSE	FALSE	1	775 Cranston Street	NA	2021-08-06	Unknown	Dry	Daylight	Clear	Other	No	No Controls	3	1	Pain Reported	NA	NA	NA	TRUE	TRUE	775 Cranston Street, Providence, RI, USA	High	Neither	raw coords null but geocoded coords found	TRUE	41.80413	-71.43886	2021	August	West End	8
466	2021-08-07	856479	14:43:00	Pedestrian	1	NA	FALSE	FALSE	1	N MAIN ST	DOYLE AVE	2021-08-07	Two-Way, Divided, Positive Median Barrier	Dry	Daylight	Clear	Not a Collision Between Two Motor Vehicles in Transport	Yes	Traffic Control Signal	1	1	Pain Reported	NA	41.83823	-71.40925	FALSE	FALSE	N Main Street and Doyle Ave, Providence, RI, USA	Med	Raw	NA	FALSE	41.83823	-71.40925	2021	August	Mount Hope	3
465	2021-08-08	856518	20:43:00	Pedestrian	1	NA	FALSE	FALSE	1	24 MORNING STAR ROAD	NA	2021-08-08	Two-Way , Not Divided	Dry	Dark - Lighted	Clear	Not a Collision Between Two Motor Vehicles in Transport	Yes	No Controls	1	1	Non-Incapacitating	NA	NA	NA	TRUE	TRUE	24 Morning Star Road, Providence, RI, USA	High	Neither	raw coords null but geocoded coords found	TRUE	41.81166	-71.42018	2021	August	Upper South Providence	11
464	2021-08-10	856563	13:46:00	Pedestrian	1	NA	FALSE	FALSE	1	CUSHING ST	BROOK STREET	2021-08-10	Two-Way , Not Divided	Dry	Daylight	Clear	Head-On (Front - to - Front)	No	Stop Signs	5	1	Pain Reported	2	41.83018	-71.39876	FALSE	FALSE	Cushing Street and Brook Street, Providence, RI, USA	Med High	Raw	NA	FALSE	41.83018	-71.39876	2021	August	College Hill	2
462	2021-08-11	856619	19:39:00	Pedestrian	1	NA	FALSE	FALSE	1	MEMORIAL BLVD	FRACIS STREET	2021-08-11	Two-Way, Divided, Positive Median Barrier	Dry	Dusk	Clear	Not a Collision Between Two Motor Vehicles in Transport	No	Traffic Control Signal	3	1	Non-Incapacitating	NA	41.82578	-71.41524	FALSE	FALSE	Memorial Blvd and Fracis Street, Providence, RI, USA	Med High	Raw	NA	FALSE	41.82578	-71.41524	2021	August	Downtown	1
463	2021-08-11	856622	21:09:00	Pedestrian	1	NA	FALSE	FALSE	1	ADELAIDE AVE	BROAD ST	2021-08-11	Two-Way , Not Divided	Dry	Dark - Lighted	Clear	Not a Collision Between Two Motor Vehicles in Transport	Yes	No Controls	2	1	Non-Incapacitating	NA	41.79871	-71.41591	FALSE	FALSE	Adelaide Ave and Broad Street, Providence, RI, USA	Med High	Raw	NA	FALSE	41.79871	-71.41591	2021	August	Elmwood	9
459	2021-08-12	856630	00:44:00	Pedestrian	1	NA	FALSE	FALSE	1	NIANTIC AVE	NA	2021-08-12	Unknown	Dry	Dark - Lighted	Clear	Other	No	No Controls	3	1	Pain Reported	NA	41.79468	-71.43867	FALSE	TRUE	Niantic Ave, Providence, RI, USA	Inaccurate	Raw	NA	FALSE	41.79468	-71.43867	2021	August	NA	NA
460	2021-08-12	856644	10:37:00	Bicycle	NA	1	FALSE	FALSE	1	Blackstone Bluv	Upton Ave	2021-08-12	Two-Way , Not Divided	Dry	Daylight	Clear	Not a Collision Between Two Motor Vehicles in Transport	Yes	No Controls	2	1	Pain Reported	2	NA	NA	FALSE	FALSE	Blackstone Bluv and Upton Ave, Providence, RI, USA	Med High	Geocoded	raw coords null but geocoded coords found	TRUE	41.8395728	-71.385763	2021	August	Blackstone	2
461	2021-08-12	856661	15:00:00	Pedestrian	1	NA	FALSE	FALSE	2	CAMP ST	DOYLE AVE	2021-08-12	Two-Way , Not Divided	Dry	Daylight	Clear	Not a Collision Between Two Motor Vehicles in Transport	No	Stop Signs	4	0	No Injury	NA	41.83877	-71.4042	FALSE	FALSE	Camp Street and Doyle Ave, Providence, RI, USA	Med High	Raw	NA	FALSE	41.83877	-71.4042	2021	August	Mount Hope	3
458	2021-08-13	856699	10:00:00	Pedestrian	1	NA	FALSE	FALSE	1	BROADWAY	VALLEY ST	2021-08-13	Two-Way, Divided, Unprotected (painted>4feet) Medium	Dry	Daylight	Clear	Other	No	No Controls	2	1	Pain Reported	NA	41.81689	-71.44083	FALSE	FALSE	Broadway and Valley Street, Providence, RI, USA	Med	Raw	NA	FALSE	41.81689	-71.44083	2021	August	Olneyville	15
456	2021-08-14	856729	01:53:00	Pedestrian	1	NA	FALSE	FALSE	1	HAYES STREET	FRANCIS ST	2021-08-14	Unknown	Dry	Dark - Lighted	Clear	Not a Collision Between Two Motor Vehicles in Transport	Yes	No Controls	1	0	No Injury	2	41.82925	-71.41635	FALSE	FALSE	Hayes Street and Francis Street, Providence, RI, USA	Med High	Raw	NA	FALSE	41.82925	-71.41635	2021	August	Downtown	12
457	2021-08-14	856789	21:13:00	Pedestrian	1	NA	FALSE	FALSE	1	CRANSTON ST	HANOVER ST	2021-08-14	Two-Way , Not Divided	Dry	Dark - Lighted	Clear	Not a Collision Between Two Motor Vehicles in Transport	No	Pavement Markings	3	1	Pain Reported	NA	41.80947	-71.43356	FALSE	FALSE	Cranston Street and Hanover Street, Providence, RI, USA	Med High	Raw	NA	FALSE	41.80947	-71.43356	2021	August	West End	8
455	2021-08-16	856850	16:05:00	Bicycle	NA	1	FALSE	FALSE	1	BROAD ST	EARLY ST	2021-08-16	Two-Way , Not Divided	Dry	Daylight	Cloudy	Not a Collision Between Two Motor Vehicles in Transport	No	Pavement Markings	2	1	Pain Reported	NA	41.7955	-71.41131	FALSE	FALSE	Broad Street and Early Street, Providence, RI, USA	Med	Raw	NA	FALSE	41.7955	-71.41131	2021	August	Elmwood	9
452	2021-08-17	856892	12:38:00	Bicycle	NA	1	FALSE	FALSE	1	355 Reservoir Ave	PONTIAC AVE	2021-08-17	Two-Way , Not Divided	Dry	Daylight	Clear	Not a Collision Between Two Motor Vehicles in Transport	No	Traffic Control Signal	3	1	Pain Reported	3	41.78819	-71.43152	TRUE	FALSE	355 Reservoir Ave, Providence, RI, USA	High	Raw	distance greater than 100m	TRUE	41.78819	-71.43152	2021	August	Reservoir	8
453	2021-08-17	856893	12:20:00	Pedestrian	1	NA	TRUE	FALSE	1	BARBARA LEONARD WAY	N MAIN ST	2021-08-17	Two-Way , Not Divided	Dry	Daylight	Clear	Not a Collision Between Two Motor Vehicles in Transport	No	Traffic Control Signal	4	0	No Injury	2	41.84063	-71.40879	FALSE	FALSE	Barbara Leonard Way and N Main Street, Providence, RI, USA	Med	Raw	NA	FALSE	41.84063	-71.40879	2021	August	Mount Hope	3
454	2021-08-17	856906	21:58:00	Bicycle	NA	1	FALSE	FALSE	1	BROAD ST	BAKER ST	2021-08-17	Two-Way , Not Divided	Dry	Dark - Lighted	Clear	Not a Collision Between Two Motor Vehicles in Transport	Yes	Traffic Control Signal	4	1	Non-Incapacitating	NA	41.79275	-71.40789	FALSE	FALSE	Broad Street and Baker Street, Providence, RI, USA	Med	Raw	NA	FALSE	41.79275	-71.40789	2021	August	South Elmwood	10
451	2021-08-18	856941	14:53:00	Pedestrian	1	NA	FALSE	FALSE	1	ORMS ST	SMITH ST	2021-08-18	Two-Way , Not Divided	Dry	Daylight	Clear	Not a Collision Between Two Motor Vehicles in Transport	No	Traffic Control Signal	4	1	Pain Reported	NA	41.83372	-71.42229	FALSE	FALSE	Orms Street and Smith Street, Providence, RI, USA	Med High	Raw	NA	FALSE	41.83372	-71.42229	2021	August	Smith Hill	12
450	2021-08-23	857149	12:31:00	Pedestrian	1	NA	FALSE	FALSE	1	274 BENEFIT ST	GEORGE ST	2021-08-23	Two-Way , Not Divided	Dry	Daylight	Clear	Not a Collision Between Two Motor Vehicles in Transport	Yes	No Controls	2	1	Pain Reported	NA	41.8251	-71.40615	TRUE	FALSE	274 Benefit Street, Providence, RI, USA	High	Raw	NA	FALSE	41.8251	-71.40615	2021	August	College Hill	2
448	2021-08-26	857265	06:33:00	Pedestrian	1	NA	FALSE	FALSE	1	CHAPIN AVE	PARADE ST	2021-08-26	Two-Way , Not Divided	Dry	Daylight	Clear	Not a Collision Between Two Motor Vehicles in Transport	No	Stop Signs	2	1	Non-Incapacitating	NA	41.81189	-71.43122	FALSE	FALSE	Chapin Ave and Parade Street, Providence, RI, USA	Med High	Raw	NA	FALSE	41.81189	-71.43122	2021	August	West End	13
449	2021-08-26	857301	19:15:00	Pedestrian	1	NA	FALSE	FALSE	1	BROAD ST	PARKIS AVE	2021-08-26	Two-Way , Not Divided	Dry	Dusk	Clear	Not a Collision Between Two Motor Vehicles in Transport	Yes	No Controls	1	1	Pain Reported	NA	41.80925	-71.42087	FALSE	FALSE	Broad Street and Parkis Ave, Providence, RI, USA	Med	Raw	NA	FALSE	41.80925	-71.42087	2021	August	Elmwood	11
445	2021-08-30	857475	17:15:00	Pedestrian	1	NA	FALSE	FALSE	1	HOPE STREET	4TH ST	2021-08-30	Two-Way , Not Divided	Dry	Daylight	Clear	Not a Collision Between Two Motor Vehicles in Transport	No	No Controls	3	1	Pain Reported	NA	41.84909	-71.39498	FALSE	FALSE	Hope Street and 4th Street, Providence, RI, USA	Med High	Raw	NA	FALSE	41.84909	-71.39498	2021	August	Hope	3
446	2021-08-30	857480	19:17:00	Bicycle	NA	1	FALSE	FALSE	1	MEMORIAL BLVD	FRANCIS ST	2021-08-30	Two-Way , Not Divided	Dry	Daylight	Clear	Not a Collision Between Two Motor Vehicles in Transport	No	Traffic Control Signal	2	1	Non-Incapacitating	NA	41.82577	-71.41527	FALSE	FALSE	Memorial Blvd and Francis Street, Providence, RI, USA	Med High	Raw	NA	FALSE	41.82577	-71.41527	2021	August	Downtown	1
447	2021-08-30	857484	21:28:00	Bicycle	NA	1	FALSE	FALSE	1	Cranston Street	DEXTER ST	2021-08-30	Two-Way , Not Divided	Dry	Dark - Lighted	Clear	Not a Collision Between Two Motor Vehicles in Transport	No	Traffic Control Signal	2	0	No Injury	NA	41.81257	-71.42965	FALSE	FALSE	Cranston Street and Dexter Street, Providence, RI, USA	Med High	Raw	NA	FALSE	41.81257	-71.42965	2021	August	West End	11
444	2021-08-31	857498	12:45:00	Bicycle	NA	1	FALSE	FALSE	1	BOWDITCH PL	DEAN ST	2021-08-31	Two-Way , Not Divided	Dry	Daylight	Clear	Other	No	No Controls	2	1	Pain Reported	2	41.81988	-71.4213	FALSE	FALSE	Bowditch Pl and Dean Street, Providence, RI, USA	Med High	Raw	NA	FALSE	41.81988	-71.4213	2021	August	Federal Hill	13
443	2021-09-02	857612	11:07:00	Other	NA	NA	FALSE	FALSE	1	391 CHARLES ST	SILVER SPRING ST	2021-09-02	Two-Way , Not Divided	Dry	Daylight	Clear	Not a Collision Between Two Motor Vehicles in Transport	No	No Controls	4	1	Pain Reported	NA	41.84476	-71.41869	TRUE	FALSE	391 Charles Street, Providence, RI, USA	High	Raw	NA	FALSE	41.84476	-71.41869	2021	September	Charles	4
441	2021-09-08	857830	17:43:00	Bicycle	NA	1	FALSE	FALSE	1	S WATER ST	NA	2021-09-08	One-Way Trafficway	Dry	Daylight	Clear	Angle - Direction Not Specified	No	Traffic Control Signal	2	1	Pain Reported	NA	41.81877	-71.4019	FALSE	TRUE	S Water Street, Providence, RI, USA	Inaccurate	Raw	distance greater than 100m	TRUE	41.81877	-71.4019	2021	September	Fox Point	1
439	2021-09-11	857914	10:38:00	Pedestrian	1	NA	FALSE	FALSE	1	ATWELLS AVE	EAGLE ST	2021-09-11	Unknown	Dry	Daylight	Clear	Other	Yes	No Controls	1	0	No Injury	NA	41.82446	-71.4355	FALSE	FALSE	Atwells Ave and Eagle Street, Providence, RI, USA	Med High	Raw	NA	FALSE	41.82446	-71.4355	2021	September	Olneyville	15
440	2021-09-11	857917	16:36:00	Pedestrian	1	NA	FALSE	FALSE	1	MEMORIAL BLVD	WASHINGTON ST	2021-09-11	Two-Way, Divided, Positive Median Barrier	Dry	Daylight	Clear	Other	No	Traffic Control Signal	3	1	Pain Reported	NA	41.82637	-71.41019	FALSE	FALSE	Memorial Blvd and Washington Street, Providence, RI, USA	Med High	Raw	NA	FALSE	41.82637	-71.41019	2021	September	Downtown	1
437	2021-09-12	857938	13:15:00	Bicycle	NA	1	FALSE	FALSE	1	Killingly st	PLAINFIELD ST	2021-09-12	Two-Way, Divided, Unprotected (painted>4feet) Medium	Dry	Daylight	Clear	Not a Collision Between Two Motor Vehicles in Transport	No	No Controls	2	1	Pain Reported	NA	41.81313	-71.459460000000007	FALSE	FALSE	Killingly Street and Plainfield Street, Providence, RI, USA	Med High	Raw	NA	FALSE	41.81313	-71.459460000000007	2021	September	Hartford	7
438	2021-09-12	857942	14:43:00	Pedestrian	1	NA	FALSE	FALSE	1	1049 ATWELLS AVENUE	LYNCH ST	2021-09-12	Two-Way, Divided, Unprotected (painted>4feet) Medium	Dry	Daylight	Clear	Not a Collision Between Two Motor Vehicles in Transport	No	No Controls	3	1	Incapacitating	NA	41.82525	-71.45239	TRUE	FALSE	1049 Atwells Avenue, Providence, RI, USA	High	Raw	NA	FALSE	41.82525	-71.45239	2021	September	Olneyville	6
435	2021-09-13	858004	21:57:00	Pedestrian	1	NA	FALSE	FALSE	1	Douglas Ave	Fillmore St	2021-09-13	Two-Way , Not Divided	Dry	Dark - Lighted	Clear	Other	No	No Controls	2	1	Pain Reported	NA	NA	NA	FALSE	FALSE	Douglas Ave and Fillmore Street, Providence, RI, USA	Med High	Geocoded	raw coords null but geocoded coords found	TRUE	41.8371944	-71.422311	2021	September	Smith Hill	12
436	2021-09-13	858005	21:43:00	Pedestrian	1	NA	FALSE	FALSE	1	N MAIN ST	CEMETERY ST	2021-09-13	Two-Way, Divided, Positive Median Barrier	Dry	Dark - Lighted	Clear	Other	Yes	No Controls	1	1	Pain Reported	NA	41.84859	-71.40405	FALSE	FALSE	N Main Street and Cemetery Street, Providence, RI, USA	Med	Raw	NA	FALSE	41.84859	-71.40405	2021	September	Mount Hope	3
433	2021-09-15	858083	18:42:00	Pedestrian	1	NA	FALSE	FALSE	1	CHARLES ST	W RIVER ST	2021-09-15	Two-Way, Divided, Unprotected (painted>4feet) Medium	Dry	Dark - Lighted	Clear	Not a Collision Between Two Motor Vehicles in Transport	No	Stop Signs	5	1	Incapacitating	NA	41.83961	-71.4164	FALSE	FALSE	Charles Street and W River Street, Providence, RI, USA	Med	Raw	NA	FALSE	41.83961	-71.4164	2021	September	Mount Hope	4
434	2021-09-15	858208	15:49:00	Bicycle	NA	1	FALSE	FALSE	1	STEEPLE ST	CANAL ST	2021-09-19	One-Way Trafficway	Dry	Daylight	Clear	Not a Collision Between Two Motor Vehicles in Transport	Yes	Traffic Control Signal	1	0	No Injury	NA	41.82718	-71.40991	FALSE	FALSE	Steeple Street and Canal Street, Providence, RI, USA	Med High	Raw	NA	FALSE	41.82718	-71.40991	2021	September	Downtown	1
432	2021-09-16	858115	23:32:00	Bicycle	NA	1	FALSE	FALSE	1	BENEVOLENT ST	BROOK ST	2021-09-17	Two-Way , Not Divided	Dry	Dark - Lighted	Clear	Not a Collision Between Two Motor Vehicles in Transport	Yes	Stop Signs	1	1	Pain Reported	NA	41.8249	-71.39892	FALSE	FALSE	Benevolent Street and Brook Street, Providence, RI, USA	Med High	Raw	NA	FALSE	41.8249	-71.39892	2021	September	College Hill	1
431	2021-09-18	858172	21:15:00	Bicycle	NA	1	FALSE	FALSE	1	THURBERS AVE	PRAIRIE AVE	2021-09-18	Two-Way , Not Divided	Dry	Dark - Lighted	Clear	Angle (Front - to - Side) Right Angle (Includes Broadside)	No	Traffic Control Signal	2	0	No Injury	NA	41.79873	-71.41191	FALSE	FALSE	Thurbers Ave and Prairie Ave, Providence, RI, USA	Med High	Raw	NA	FALSE	41.79873	-71.41191	2021	September	Lower South Providence	10
430	2021-09-19	858210	18:00:00	Bicycle	NA	1	FALSE	FALSE	1	NORTH MAIN ST	DOYLE AVE	2021-09-19	Two-Way, Divided, Positive Median Barrier	Dry	Daylight	Clear	Angle (Front - to - Side) Right Angle (Includes Broadside)	No	Traffic Control Signal	9	1	Non-Incapacitating	NA	41.83835	-71.40923	FALSE	FALSE	North Main Street and Doyle Ave, Providence, RI, USA	Med	Raw	NA	FALSE	41.83835	-71.40923	2021	September	Mount Hope	3
429	2021-09-20	858283	19:16:00	Pedestrian	1	NA	FALSE	FALSE	1	BROAD ST	COLFAX ST	2021-09-20	Two-Way , Not Divided	Dry	Daylight	Clear	Not a Collision Between Two Motor Vehicles in Transport	Yes	No Controls	1	1	Pain Reported	NA	41.79888	-71.4155	FALSE	FALSE	Broad Street and Colfax Street, Providence, RI, USA	Med	Raw	NA	FALSE	41.79888	-71.4155	2021	September	Elmwood	9
428	2021-09-21	858324	12:19:00	Other	NA	NA	FALSE	FALSE	1	CHALKSTONE AVE	ROSEBANK AVE	2021-09-21	Two-Way , Not Divided	Dry	Daylight	Clear	Not a Collision Between Two Motor Vehicles in Transport	Yes	Stop Signs	3	1	Non-Incapacitating	NA	41.8339	-71.43335	FALSE	FALSE	Chalkstone Ave and Rosebank Ave, Providence, RI, USA	Med High	Raw	NA	FALSE	41.8339	-71.43335	2021	September	Valley	12
427	2021-09-23	858444	05:43:00	Pedestrian	1	NA	FALSE	FALSE	1	Grosvenor Ave	Chalkstone Ave	2021-09-23	Two-Way , Not Divided	Dry	Dark - Lighted	Clear	Not a Collision Between Two Motor Vehicles in Transport	No	Stop Signs	3	1	Pain Reported	NA	41.83239	-71.43954	FALSE	FALSE	Grosvenor Ave and Chalkstone Ave, Providence, RI, USA	Med High	Raw	NA	FALSE	41.83239	-71.43954	2021	September	Valley	12
425	2021-09-27	860540	07:26:00	Pedestrian	1	NA	FALSE	FALSE	1	ATWELLS AVE	BRADFORD ST	2021-09-27	Two-Way , Not Divided	Dry	Daylight	Clear	Not a Collision Between Two Motor Vehicles in Transport	No	Flashing Traffic Control Signal	4	1	Incapacitating	NA	41.82324	-71.42195	FALSE	FALSE	Atwells Ave and Bradford Street, Providence, RI, USA	Med High	Raw	NA	FALSE	41.82324	-71.42195	2021	September	Federal Hill	13
426	2021-09-27	860604	22:22:00	Pedestrian	1	NA	FALSE	FALSE	1	Plain St	PUBLIC ST	2021-09-27	Two-Way , Not Divided	Dry	Dark - Lighted	Clear	Unknown	Yes	Stop Signs	1	1	Non-Incapacitating	NA	41.80666	-71.40998	FALSE	FALSE	Plain Street and Public Street, Providence, RI, USA	Med High	Raw	NA	FALSE	41.80666	-71.40998	2021	September	Upper South Providence	11
421	2021-10-01	860829	16:53:00	Pedestrian	1	NA	FALSE	FALSE	1	FRANCIS ST	GASPEE ST	2021-10-01	Two-Way, Divided, Positive Median Barrier	Dry	Daylight	Clear	Not a Collision Between Two Motor Vehicles in Transport	No	Traffic Control Signal	2	0	No Injury	NA	41.82897	-71.4153	FALSE	FALSE	Francis Street and Gaspee Street, Providence, RI, USA	Med	Raw	distance greater than 100m	TRUE	41.82897	-71.4153	2021	October	Downtown	12
422	2021-10-01	860830	16:48:00	Pedestrian	1	NA	FALSE	FALSE	1	EXIT 22A (RT )	FRANCIS ST	2021-10-01	Two-Way, Divided, Positive Median Barrier	Dry	Daylight	Clear	Not a Collision Between Two Motor Vehicles in Transport	Yes	Traffic Control Signal	1	1	Pain Reported	NA	41.82577	-71.41527	FALSE	FALSE	Exit 22a (Rt ) and Francis Street, Providence, RI, USA	Med	Raw	distance greater than 100m	TRUE	41.82577	-71.41527	2021	October	Downtown	1
423	2021-10-01	860837	20:40:00	Bicycle	NA	1	FALSE	FALSE	1	WESTMINSTER ST	BATTEY ST	2021-10-01	Two-Way , Not Divided	Dry	Dark - Lighted	Clear	Not a Collision Between Two Motor Vehicles in Transport	Yes	No Controls	2	1	Incapacitating	NA	41.81724	-71.42463	FALSE	FALSE	Westminster Street and Battey Street, Providence, RI, USA	Med High	Raw	NA	FALSE	41.81724	-71.42463	2021	October	West End	13
424	2021-10-01	860842	22:36:00	Pedestrian	1	NA	FALSE	FALSE	1	Smith st	CHALKSTONE AVE	2021-10-02	Two-Way , Not Divided	Dry	Dark - Lighted	Clear	Not a Collision Between Two Motor Vehicles in Transport	No	Traffic Control Signal	2	1	Pain Reported	NA	41.83521	-71.42565	FALSE	FALSE	Smith Street and Chalkstone Ave, Providence, RI, USA	Med High	Raw	NA	FALSE	41.83521	-71.42565	2021	October	Smith Hill	12
420	2021-10-02	860857	15:46:00	Pedestrian	1	NA	FALSE	FALSE	1	DOUGLAS AVE	WHIPPLE ST	2021-10-02	Two-Way , Not Divided	Dry	Daylight	Clear	Not a Collision Between Two Motor Vehicles in Transport	No	Pavement Markings	2	1	Non-Incapacitating	NA	41.83685	-71.42154	FALSE	FALSE	Douglas Ave and Whipple Street, Providence, RI, USA	Med High	Raw	NA	FALSE	41.83685	-71.42154	2021	October	Smith Hill	12
419	2021-10-05	861020	19:09:00	Bicycle	NA	1	FALSE	FALSE	1	VALLEY ST	RIVER AVE	2021-10-05	Two-Way, Divided, Unprotected (painted>4feet) Medium	Dry	Dark - Lighted	Clear	Not a Collision Between Two Motor Vehicles in Transport	Yes	No Controls	1	1	Pain Reported	NA	41.82796	-71.43516	FALSE	FALSE	Valley Street and River Ave, Providence, RI, USA	Med High	Raw	NA	FALSE	41.82796	-71.43516	2021	October	Valley	12