row_number	crash_date	crash_report_id	crash_time	collision_type	count_pedestrian	count_bicycle	scooter	wheel_chair	number_of_vehicles	street_or_highway	nearest_intersection	report_date	type_of_roadway	road_surface_condition	light_condition	weather_condition	manner_of_impact	hit_and_run	traffic_control	person_count	injury_count	most_serious_injury	number_of_lanes	lat_raw	lon_raw	has_st_number	is_intersection_null	address_sent_to_geocoder	api_coord_conf	best_coordinate_set	reason_for_qa	manually_qaed_record	final_lat	final_lon	year	month	pvd_nhood	pvd_wards
418	2021-10-08	861146	18:32:00	Pedestrian	1	NA	TRUE	FALSE	2	COLLEGE ST	SOUTH MAIN ST	2021-10-08	Two-Way , Not Divided	Dry	Daylight	Clear	Sideswipe, Same Direction	Yes	Pavement Markings	6	1	Non-Incapacitating	NA	41.82564	-71.40785	FALSE	FALSE	College Street and South Main Street, Providence, RI, USA	Med	Raw	NA	FALSE	41.82564	-71.40785	2021	October	Downtown	1
417	2021-10-12	861288	19:02:00	Pedestrian	1	NA	FALSE	FALSE	1	ELMWOOD AVE	DARTMOUTH AVE	2021-10-12	Two-Way , Not Divided	Dry	Dark - Lighted	Clear	Not a Collision Between Two Motor Vehicles in Transport	No	No Controls	2	0	No Injury	NA	41.80839	-71.42469	FALSE	FALSE	Elmwood Ave and Dartmouth Ave, Providence, RI, USA	Med High	Raw	NA	FALSE	41.80839	-71.42469	2021	October	West End	11
415	2021-10-13	861308	13:33:00	Pedestrian	1	NA	FALSE	FALSE	1	WICKHAM ST	BROAD ST	2021-10-13	Two-Way , Not Divided	Dry	Daylight	Clear	Not a Collision Between Two Motor Vehicles in Transport	No	Stop Signs	3	1	Pain Reported	NA	41.81579	-71.41998	FALSE	FALSE	Wickham Street and Broad Street, Providence, RI, USA	Med High	Raw	NA	FALSE	41.81579	-71.41998	2021	October	Upper South Providence	11
416	2021-10-13	861328	16:39:00	Other	NA	1	TRUE	FALSE	1	PUBLIC ST	TAYLOR ST	2021-10-13	Two-Way , Not Divided	Dry	Daylight	Clear	Not a Collision Between Two Motor Vehicles in Transport	No	No Controls	2	1	Pain Reported	NA	41.80503	-71.41708	FALSE	FALSE	Public Street and Taylor Street, Providence, RI, USA	Med High	Raw	NA	FALSE	41.80503	-71.41708	2021	October	Upper South Providence	11
414	2021-10-14	861388	18:24:00	Bicycle	NA	1	FALSE	FALSE	1	CRANSTON ST	WAVERLY ST	2021-10-14	Two-Way , Not Divided	Dry	Dark - Lighted	Clear	Not a Collision Between Two Motor Vehicles in Transport	No	Pavement Markings	4	1	Non-Incapacitating	NA	41.80845	-71.43444	FALSE	FALSE	Cranston Street and Waverly Street, Providence, RI, USA	Med High	Raw	NA	FALSE	41.80845	-71.43444	2021	October	West End	8
413	2021-10-16	861449	17:49:00	Pedestrian	1	NA	FALSE	FALSE	1	74 CONCORD ST	CONCORD ST	2021-10-16	Two-Way , Not Divided	Dry	Daylight	Cloudy	Not a Collision Between Two Motor Vehicles in Transport	No	No Controls	2	1	Non-Incapacitating	NA	41.85337	-71.40322	TRUE	FALSE	74 Concord Street, Providence, RI, USA	High	Raw	NA	FALSE	41.85337	-71.40322	2021	October	Hope	3
412	2021-10-17	861508	21:39:00	Pedestrian	1	NA	FALSE	FALSE	1	Dexter Street	SPRAGUE ST	2021-10-17	Two-Way , Not Divided	Dry	Dark - Lighted	Clear	Not a Collision Between Two Motor Vehicles in Transport	Yes	No Controls	1	1	Pain Reported	NA	41.80977	-71.42834	FALSE	FALSE	Dexter Street and Sprague Street, Providence, RI, USA	Med High	Raw	NA	FALSE	41.80977	-71.42834	2021	October	West End	11
409	2021-10-18	861534	13:05:00	Pedestrian	1	NA	FALSE	TRUE	1	ELMWOOD AVE	ROGER WILLIAMS AVE	2021-10-18	Two-Way, Divided, Positive Median Barrier	Dry	Daylight	Clear	Not a Collision Between Two Motor Vehicles in Transport	No	Traffic Control Signal	3	1	Pain Reported	NA	41.78878	-71.42116	FALSE	FALSE	Elmwood Ave and Roger Williams Ave, Providence, RI, USA	Med High	Raw	NA	FALSE	41.78878	-71.42116	2021	October	Elmwood	8
410	2021-10-18	861536	14:24:00	Bicycle	NA	1	FALSE	FALSE	1	ELMWOOD AVE	PRINCETON AVE	2021-10-18	Two-Way , Not Divided	Dry	Daylight	Clear	Not a Collision Between Two Motor Vehicles in Transport	No	No Controls	3	1	Pain Reported	NA	41.80556	-71.42517	FALSE	FALSE	Elmwood Ave and Princeton Ave, Providence, RI, USA	Med High	Raw	NA	FALSE	41.80556	-71.42517	2021	October	West End	9
411	2021-10-18	861566	18:01:00	Pedestrian	1	NA	FALSE	FALSE	1	ROGER WILLIAMS AVE	ELMWOOD AVE	2021-10-18	Two-Way , Not Divided	Dry	Dusk	Clear	Not a Collision Between Two Motor Vehicles in Transport	Yes	Traffic Control Signal	1	1	Pain Reported	NA	41.78851	-71.42102	FALSE	FALSE	Roger Williams Ave and Elmwood Ave, Providence, RI, USA	Med High	Raw	NA	FALSE	41.78851	-71.42102	2021	October	Elmwood	8
408	2021-10-20	861659	17:51:00	Pedestrian	1	NA	FALSE	FALSE	1	WASHINGTON ST	EMPIRE ST	2021-10-20	Two-Way , Not Divided	Dry	Dark - Lighted	Clear	Sideswipe, Same Direction	No	Traffic Control Signal	2	1	Pain Reported	NA	41.82198	-71.41623	FALSE	FALSE	Washington Street and Empire Street, Providence, RI, USA	Med	Raw	NA	FALSE	41.82198	-71.41623	2021	October	Downtown	1
407	2021-10-22	861720	21:03:00	Pedestrian	1	NA	FALSE	FALSE	1	THAYER ST	ANGELL ST	2021-10-22	One-Way Trafficway	Dry	Dark - Lighted	Clear	Not a Collision Between Two Motor Vehicles in Transport	Yes	Traffic Control Signal	1	1	Pain Reported	NA	41.82812	-71.40066	FALSE	FALSE	Thayer Street and Angell Street, Providence, RI, USA	Med High	Raw	NA	FALSE	41.82812	-71.40066	2021	October	College Hill	2
406	2021-10-23	861454	20:14:00	Bicycle	NA	1	FALSE	FALSE	1	WESTMINSTER ST	DEXTER ST	2021-10-16	Two-Way , Not Divided	Dry	Dark - Lighted	Clear	Not a Collision Between Two Motor Vehicles in Transport	No	Other	2	1	Non-Incapacitating	NA	41.81659	-71.43134	FALSE	FALSE	Westminster Street and Dexter Street, Providence, RI, USA	Med High	Raw	NA	FALSE	41.81659	-71.43134	2021	October	West End	13
405	2021-10-29	863666	13:00:00	Pedestrian	1	NA	FALSE	FALSE	1	BRANCH AVE	SILVER SPRING ST	2021-11-25	Two-Way , Not Divided	Dry	Daylight	Clear	Other	Yes	No Controls	2	1	Pain Reported	NA	41.84782	-71.41467	FALSE	FALSE	Branch Ave and Silver Spring Street, Providence, RI, USA	Med High	Raw	NA	FALSE	41.84782	-71.41467	2021	October	Charles	4
403	2021-10-30	862064	18:33:00	Pedestrian	1	NA	FALSE	FALSE	1	OAKLAND AVE	SMITH ST	2021-10-30	Two-Way , Not Divided	Wet	Dark - Lighted	Rain	Not a Collision Between Two Motor Vehicles in Transport	No	Traffic Control Signal	2	1	Pain Reported	NA	41.83623	-71.43046	FALSE	FALSE	Oakland Ave and Smith Street, Providence, RI, USA	Med High	Raw	NA	FALSE	41.83623	-71.43046	2021	October	Elmhurst	12
401	2021-11-01	862162	15:18:00	Pedestrian	1	NA	FALSE	FALSE	1	KILLINGLY ST	HARTFORD AVE	2021-11-01	Two-Way , Not Divided	Dry	Daylight	Clear	Not a Collision Between Two Motor Vehicles in Transport	No	No Controls	3	0	No Injury	NA	41.81984	-71.46884	FALSE	FALSE	Killingly Street and Hartford Ave, Providence, RI, USA	Med High	Raw	NA	FALSE	41.81984	-71.46884	2021	November	Hartford	7
402	2021-11-01	862164	16:01:00	Pedestrian	1	NA	FALSE	FALSE	1	HARVARD AVE	TAYLOR ST	2021-11-01	Two-Way , Not Divided	Dry	Daylight	Clear	Not a Collision Between Two Motor Vehicles in Transport	Yes	No Controls	3	1	Non-Incapacitating	NA	41.80862	-71.4188	FALSE	FALSE	Harvard Ave and Taylor Street, Providence, RI, USA	Med High	Raw	NA	FALSE	41.80862	-71.4188	2021	November	Upper South Providence	11
400	2021-11-03	862247	11:29:00	Pedestrian	1	NA	FALSE	FALSE	1	HOPKINS ST	BENEFIT ST	2021-11-03	Two-Way , Not Divided	Dry	Daylight	Clear	Not a Collision Between Two Motor Vehicles in Transport	No	No Controls	3	1	Pain Reported	NA	41.82533	-71.40635	FALSE	FALSE	Hopkins Street and Benefit Street, Providence, RI, USA	Med High	Raw	NA	FALSE	41.82533	-71.40635	2021	November	College Hill	2
399	2021-11-05	862376	21:06:00	Pedestrian	1	NA	FALSE	FALSE	1	SAYLES ST	PRAIRIE AVE	2021-11-05	Two-Way , Not Divided	Dry	Dark - Lighted	Clear	Not a Collision Between Two Motor Vehicles in Transport	No	No Controls	3	1	Pain Reported	NA	41.80264	-71.41358	FALSE	FALSE	Sayles Street and Prairie Ave, Providence, RI, USA	Med High	Raw	NA	FALSE	41.80264	-71.41358	2021	November	Lower South Providence	11
398	2021-11-06	862395	15:40:00	Pedestrian	1	NA	FALSE	FALSE	1	EDGEHILL RD	SUMMIT AVE	2021-11-06	Two-Way , Not Divided	Dry	Daylight	Clear	Angle (Front - to - Side) Right Angle (Includes Broadside)	No	No Controls	3	1	Pain Reported	NA	41.84876	-71.39794	FALSE	FALSE	Edgehill Rd and Summit Ave, Providence, RI, USA	Med High	Raw	NA	FALSE	41.84876	-71.39794	2021	November	Hope	3
397	2021-11-07	862410	08:29:00	Pedestrian	1	NA	FALSE	FALSE	1	ATWELLS AVE	DEAN ST	2021-11-07	Two-Way , Not Divided	Dry	Daylight	Clear	Not a Collision Between Two Motor Vehicles in Transport	No	Traffic Control Signal	2	1	Incapacitating	NA	41.82339	-71.4242	FALSE	FALSE	Atwells Ave and Dean Street, Providence, RI, USA	Med High	Raw	NA	FALSE	41.82339	-71.4242	2021	November	Federal Hill	13
396	2021-11-08	862467	08:10:00	Pedestrian	1	NA	FALSE	FALSE	1	BLACKSTONE BLVD	EAST AVE	2021-11-08	Two-Way, Divided, Positive Median Barrier	Dry	Daylight	Clear	Not a Collision Between Two Motor Vehicles in Transport	No	No Controls	3	1	Pain Reported	NA	41.85657	-71.39103	FALSE	FALSE	Blackstone Blvd and East Ave, Providence, RI, USA	Med	Raw	distance greater than 100m	TRUE	41.85657	-71.39103	2021	November	Hope	2
392	2021-11-09	862511	06:04:00	Other	1	NA	TRUE	FALSE	1	Hartford Ave	Plainfield Street	2021-11-09	Two-Way , Not Divided	Dry	Dawn	Clear	Not a Collision Between Two Motor Vehicles in Transport	No	No Controls	3	1	Pain Reported	NA	41.81668	-71.44385	FALSE	FALSE	Hartford Ave and Plainfield Street, Providence, RI, USA	Med High	Raw	NA	FALSE	41.81668	-71.44385	2021	November	Olneyville	15
393	2021-11-09	862555	17:47:00	Pedestrian	1	NA	FALSE	FALSE	1	ADELAIDE AVE	HAMILTON ST	2021-11-09	Two-Way , Not Divided	Dry	Dark - Not Lighted	Clear	Not a Collision Between Two Motor Vehicles in Transport	No	Stop Signs	3	1	Pain Reported	NA	41.80357	-71.42571	FALSE	FALSE	Adelaide Ave and Hamilton Street, Providence, RI, USA	Med High	Geocoded	distance greater than 100m	TRUE	41.7973969	-71.4201379	2021	November	Elmwood	9
394	2021-11-09	862561	20:51:00	Pedestrian	1	NA	FALSE	FALSE	1	7 Pemberton St.	Roanoke St.	2021-11-09	Two-Way , Not Divided	Dry	Dark - Lighted	Clear	Not a Collision Between Two Motor Vehicles in Transport	Yes	No Controls	2	1	Pain Reported	NA	41.83136	-71.44589	TRUE	FALSE	7 Pemberton St., Providence, RI, USA	High	Raw	NA	FALSE	41.83136	-71.44589	2021	November	Mount Pleasant	6
395	2021-11-09	862566	21:45:00	Pedestrian	1	NA	FALSE	FALSE	1	HAGAN ST	MENDON ST	2021-11-09	Two-Way , Not Divided	Dry	Dark - Lighted	Clear	Not a Collision Between Two Motor Vehicles in Transport	Yes	No Controls	1	1	Pain Reported	NA	41.85692	-71.4224	FALSE	FALSE	Hagan Street and Mendon Street, Providence, RI, USA	Med	Raw	distance greater than 100m	TRUE	41.85692	-71.4224	2021	November	Charles	4
391	2021-11-10	862644	17:22:00	Pedestrian	1	NA	FALSE	FALSE	1	Waterman St	WAYLAND AVE	2021-11-10	Two-Way , Not Divided	Dry	Dark - Lighted	Clear	Not a Collision Between Two Motor Vehicles in Transport	Yes	Traffic Control Signal	1	1	Non-Incapacitating	NA	41.8286	-71.38838	FALSE	FALSE	Waterman Street and Wayland Ave, Providence, RI, USA	Med High	Raw	NA	FALSE	41.8286	-71.38838	2021	November	Wayland	1
388	2021-11-17	863090	08:53:00	Pedestrian	1	NA	FALSE	FALSE	1	POINT ST	CHESTNUT ST	2021-11-17	Two-Way , Not Divided	Dry	Daylight	Clear	Not a Collision Between Two Motor Vehicles in Transport	No	Stop Signs	3	1	Pain Reported	NA	41.81626	-71.408	FALSE	FALSE	Point Street and Chestnut Street, Providence, RI, USA	Med High	Raw	NA	FALSE	41.81626	-71.408	2021	November	Downtown	1
389	2021-11-17	863106	09:52:00	Pedestrian	1	NA	FALSE	FALSE	1	Empire St	Broad St	2021-11-17	Two-Way , Not Divided	Dry	Daylight	Clear	Not a Collision Between Two Motor Vehicles in Transport	No	Traffic Control Signal	3	1	Pain Reported	2	NA	NA	FALSE	FALSE	Empire Street and Broad Street, Providence, RI, USA	Med High	Geocoded	raw coords null but geocoded coords found	TRUE	41.8200721	-71.4143573	2021	November	Downtown	1
390	2021-11-17	863136	19:24:00	Pedestrian	1	NA	FALSE	FALSE	1	ELMWOOD AVE	ARCH ST	2021-11-18	Two-Way , Not Divided	Dry	Dark - Lighted	Clear	Not a Collision Between Two Motor Vehicles in Transport	Yes	No Controls	1	1	Pain Reported	2	41.81206	-71.42258	FALSE	FALSE	Elmwood Ave and Arch Street, Providence, RI, USA	Med High	Raw	NA	FALSE	41.81206	-71.42258	2021	November	West End	11
387	2021-11-18	863175	08:28:00	Pedestrian	1	NA	FALSE	FALSE	1	POWER ST	THAYER ST	2021-11-18	Two-Way , Not Divided	Dry	Daylight	Clear	Not a Collision Between Two Motor Vehicles in Transport	No	Stop Signs	3	1	Pain Reported	NA	41.82295	-71.40009	FALSE	FALSE	Power Street and Thayer Street, Providence, RI, USA	Med High	Raw	NA	FALSE	41.82295	-71.40009	2021	November	College Hill	1
386	2021-11-19	863301	22:40:00	Pedestrian	1	NA	FALSE	FALSE	1	Broad Street	Central Street	2021-11-19	Two-Way, Divided, Positive Median Barrier	Dry	Dark - Lighted	Clear	Not a Collision Between Two Motor Vehicles in Transport	No	No Controls	5	1	Incapacitating	2	NA	NA	FALSE	FALSE	Broad Street and Central Street, Providence, RI, USA	Med High	Geocoded	raw coords null but geocoded coords found	TRUE	41.8858281	-71.3870525	2021	November	NA	NA
385	2021-11-20	863341	14:05:00	Pedestrian	1	NA	FALSE	FALSE	1	ACADEMY AVE	LINTON ST	2021-11-20	Two-Way , Not Divided	Dry	Daylight	Clear	Not a Collision Between Two Motor Vehicles in Transport	No	No Controls	3	1	Pain Reported	NA	41.83114	-71.44434	FALSE	FALSE	Academy Ave and Linton Street, Providence, RI, USA	Med High	Raw	NA	FALSE	41.83114	-71.44434	2021	November	Mount Pleasant	6
384	2021-11-22	863478	08:28:00	Pedestrian	1	NA	FALSE	FALSE	1	Broadway	Knight St	2021-11-22	Two-Way , Not Divided	Wet	Daylight	Rain	Not a Collision Between Two Motor Vehicles in Transport	No	No Controls	2	1	Pain Reported	2	NA	NA	FALSE	FALSE	Broadway and Knight Street, Providence, RI, USA	Med	Geocoded	raw coords null but geocoded coords found	TRUE	41.8198212	-71.4293417	2021	November	Federal Hill	13
381	2021-11-24	863608	14:12:00	Pedestrian	1	NA	FALSE	FALSE	1	DORRANCE ST	EXCHANGE TER	2021-11-24	Two-Way , Not Divided	Dry	Daylight	Clear	Other	Yes	Traffic Control Signal	2	1	Pain Reported	NA	41.82482	-71.41415	FALSE	FALSE	Dorrance Street and Exchange Ter, Providence, RI, USA	Med	Raw	distance greater than 100m	TRUE	41.82482	-71.41415	2021	November	Downtown	1
382	2021-11-24	863626	15:37:00	Pedestrian	1	NA	FALSE	FALSE	1	Broad St	FENNER ST	2021-11-24	Two-Way , Not Divided	Dry	Daylight	Clear	Not a Collision Between Two Motor Vehicles in Transport	No	No Controls	4	1	Pain Reported	NA	41.81816	-71.41608	FALSE	FALSE	Broad Street and Fenner Street, Providence, RI, USA	Med	Raw	NA	FALSE	41.81816	-71.41608	2021	November	Downtown	1
383	2021-11-24	863655	20:15:00	Pedestrian	1	NA	FALSE	FALSE	1	POINT ST	CHESTNUT ST	2021-11-24	Two-Way , Not Divided	Dry	Dark - Lighted	Clear	Not a Collision Between Two Motor Vehicles in Transport	No	Traffic Control Signal	2	1	Pain Reported	2	41.81655	-71.40729	FALSE	FALSE	Point Street and Chestnut Street, Providence, RI, USA	Med High	Raw	NA	FALSE	41.81655	-71.40729	2021	November	Downtown	1
380	2021-11-26	863720	20:56:00	Bicycle	NA	2	FALSE	FALSE	1	PUBLIC ST	BROAD ST	2021-11-26	Two-Way , Not Divided	Dry	Dark - Lighted	Clear	Not a Collision Between Two Motor Vehicles in Transport	Yes	Traffic Control Signal	2	2	Pain Reported	NA	41.80442	-71.41935	FALSE	FALSE	Public Street and Broad Street, Providence, RI, USA	Med High	Raw	NA	FALSE	41.80442	-71.41935	2021	November	Elmwood	11
379	2021-11-30	863985	17:21:00	Pedestrian	1	NA	FALSE	FALSE	1	CHARLES ST	EXIT  (RT 146N )	2021-11-30	Two-Way , Not Divided	Dry	Dark - Lighted	Clear	Not a Collision Between Two Motor Vehicles in Transport	No	Pavement Markings	3	1	Non-Incapacitating	NA	41.8422	-71.41799	FALSE	FALSE	Charles Street and Exit  (Rt 146n ), Providence, RI, USA	Med	Raw	distance greater than 100m	TRUE	41.8422	-71.41799	2021	November	Charles	4
378	2021-12-01	864037	15:23:00	Pedestrian	1	NA	FALSE	FALSE	1	HARTFORD AVE	LAUREL HILL AVE	2021-12-01	Two-Way , Not Divided	Dry	Daylight	Clear	Not a Collision Between Two Motor Vehicles in Transport	No	School Zone Signs	3	1	Pain Reported	NA	41.81795	-71.45532	FALSE	FALSE	Hartford Ave and Laurel Hill Ave, Providence, RI, USA	Med High	Raw	NA	FALSE	41.81795	-71.45532	2021	December	Hartford	7
376	2021-12-03	864151	18:26:00	Pedestrian	1	NA	FALSE	FALSE	1	1 AVENUE OF THE ARTS	NA	2021-12-03	Two-Way , Not Divided	Dry	Dark - Lighted	Clear	Not a Collision Between Two Motor Vehicles in Transport	No	No Controls	2	1	Pain Reported	NA	NA	NA	TRUE	TRUE	1 Avenue Of The Arts, Providence, RI, USA	High	Neither	raw coords null but geocoded coords found	TRUE	41.83028	-71.41707	2021	December	Downtown	12
377	2021-12-03	864160	16:16:00	Pedestrian	1	NA	FALSE	FALSE	1	Atwells Ave/ Valley Street	NA	2021-12-03	Two-Way , Not Divided	Dry	Dark - Lighted	Clear	Other	No	Unknown	2	0	No Injury	NA	NA	NA	FALSE	TRUE	Atwells Ave/ Valley Street, Providence, RI, USA	Inaccurate	Geocoded	raw coords null but geocoded coords found	TRUE	41.8245768	-71.4394736	2021	December	Olneyville	12
375	2021-12-06	864350	21:37:00	Pedestrian	1	NA	FALSE	FALSE	1	ANGELL ST	BROOK ST	2021-12-06	Two-Way , Not Divided	Wet	Dark - Lighted	Rain	Not a Collision Between Two Motor Vehicles in Transport	Yes	Pavement Markings	1	1	Non-Incapacitating	NA	41.82823	-71.39931	FALSE	FALSE	Angell Street and Brook Street, Providence, RI, USA	Med High	Raw	NA	FALSE	41.82823	-71.39931	2021	December	College Hill	2
374	2021-12-07	864372	14:06:00	Pedestrian	1	NA	FALSE	FALSE	1	ELMWOOD AVE	ADELAIDE AVE	2021-12-07	Two-Way, Divided, Positive Median Barrier	Dry	Daylight	Clear	Not a Collision Between Two Motor Vehicles in Transport	No	Traffic Control Signal	2	1	Pain Reported	NA	41.79583	-71.42508	FALSE	FALSE	Elmwood Ave and Adelaide Ave, Providence, RI, USA	Med High	Raw	NA	FALSE	41.79583	-71.42508	2021	December	Elmwood	9
373	2021-12-08	864434	16:55:00	Pedestrian	1	NA	FALSE	FALSE	1	FRUIT HILL AVE	EDENDALE AVE	2021-12-08	Two-Way, Divided, Unprotected (painted>4feet) Medium	Dry	Dark - Lighted	Clear	Not a Collision Between Two Motor Vehicles in Transport	No	Pavement Markings	3	1	Pain Reported	NA	41.83672	-71.46839	FALSE	FALSE	Fruit Hill Ave and Edendale Ave, Providence, RI, USA	Med High	Raw	NA	FALSE	41.83672	-71.46839	2021	December	Manton	5
371	2021-12-10	864553	14:56:00	Bicycle	NA	1	FALSE	FALSE	1	BAINBRIDGE AVE	BROADWAY	2021-12-10	Two-Way, Divided, Unprotected (painted>4feet) Medium	Dry	Daylight	Clear	Not a Collision Between Two Motor Vehicles in Transport	No	No Controls	3	1	Pain Reported	NA	41.81824	-71.43594	FALSE	FALSE	Bainbridge Ave and Broadway, Providence, RI, USA	Med High	Raw	NA	FALSE	41.81824	-71.43594	2021	December	Federal Hill	13
372	2021-12-10	864567	18:07:00	Pedestrian	1	NA	TRUE	FALSE	1	GEORGE ST	BROOK ST	2021-12-10	Two-Way, Divided, Unprotected (painted>4feet) Medium	Dry	Dark - Lighted	Clear	Not a Collision Between Two Motor Vehicles in Transport	No	Stop Signs	3	1	Pain Reported	NA	41.82561	-71.39906	FALSE	FALSE	George Street and Brook Street, Providence, RI, USA	Med	Raw	NA	FALSE	41.82561	-71.39906	2021	December	College Hill	1
370	2021-12-11	864693	22:49:00	Pedestrian	1	NA	FALSE	FALSE	1	Atwells Avenue	DEAN ST	2021-12-12	Two-Way , Not Divided	Wet	Dark - Lighted	Rain	Other	No	Flashing Traffic Control Signal	5	1	Incapacitating	NA	41.82339	-71.4242	FALSE	FALSE	Atwells Avenue and Dean Street, Providence, RI, USA	Med High	Raw	NA	FALSE	41.82339	-71.4242	2021	December	Federal Hill	13
369	2021-12-14	864850	17:20:00	Pedestrian	1	NA	FALSE	FALSE	1	WESTMINSTER ST	STOKES ST	2021-12-14	Two-Way , Not Divided	Dry	Dark - Lighted	Clear	Not a Collision Between Two Motor Vehicles in Transport	No	No Controls	2	0	No Injury	NA	41.81671	-71.44262	FALSE	FALSE	Westminster Street and Stokes Street, Providence, RI, USA	Med High	Raw	NA	FALSE	41.81671	-71.44262	2021	December	Olneyville	15
368	2021-12-17	869745	09:48:00	Bicycle	NA	1	FALSE	FALSE	1	BROADWAY	VALLEY ST	2022-03-01	Unknown	Dry	Daylight	Clear	Not a Collision Between Two Motor Vehicles in Transport	No	Traffic Control Signal	2	1	Pain Reported	NA	41.81684	-71.441	FALSE	FALSE	Broadway and Valley Street, Providence, RI, USA	Med	Raw	NA	FALSE	41.81684	-71.441	2021	December	Olneyville	15
366	2021-12-18	865034	01:15:00	Pedestrian	1	NA	FALSE	FALSE	1	WASHINGTON ST	DORRANCE ST	2021-12-18	One-Way Trafficway	Dry	Dark - Lighted	Clear	Not a Collision Between Two Motor Vehicles in Transport	Yes	Unknown	1	1	Pain Reported	NA	41.82447	-71.41274	FALSE	FALSE	Washington Street and Dorrance Street, Providence, RI, USA	Med High	Raw	NA	FALSE	41.82447	-71.41274	2021	December	Downtown	1
367	2021-12-18	865091	18:47:00	Pedestrian	1	NA	FALSE	FALSE	1	PUBLIC ST	BROAD ST	2021-12-18	Two-Way , Not Divided	Wet	Dark - Lighted	Rain	Other	No	No Controls	2	1	Pain Reported	NA	41.8044	-71.41939	FALSE	FALSE	Public Street and Broad Street, Providence, RI, USA	Med High	Raw	NA	FALSE	41.8044	-71.41939	2021	December	Elmwood	9
363	2021-12-20	865167	10:15:00	Pedestrian	2	NA	FALSE	FALSE	1	GREENWICH ST	BUCKLIN ST	2021-12-20	Two-Way , Not Divided	Dry	Daylight	Clear	Not a Collision Between Two Motor Vehicles in Transport	No	Stop Signs	3	2	Pain Reported	NA	41.80232	-71.42765	FALSE	FALSE	Greenwich Street and Bucklin Street, Providence, RI, USA	Med High	Raw	NA	FALSE	41.80232	-71.42765	2021	December	West End	9
364	2021-12-20	865191	19:04:00	Pedestrian	1	NA	FALSE	FALSE	1	academy ave	HEALTH AVE	2021-12-20	Two-Way, Divided, Unprotected (painted>4feet) Medium	Dry	Dark - Lighted	Clear	Other	Yes	No Controls	1	1	Pain Reported	NA	41.82775	-71.4438	FALSE	FALSE	Academy Ave and Health Ave, Providence, RI, USA	Med High	Raw	NA	FALSE	41.82775	-71.4438	2021	December	Mount Pleasant	6
365	2021-12-20	865202	21:48:00	Pedestrian	1	NA	FALSE	FALSE	1	BELLEVUE AVE	CRANSTON ST	2021-12-20	Two-Way, Divided, Unprotected (painted>4feet) Medium	Dry	Dark - Lighted	Clear	Not a Collision Between Two Motor Vehicles in Transport	Yes	No Controls	1	1	Pain Reported	NA	41.8088	-71.43373	FALSE	FALSE	Bellevue Ave and Cranston Street, Providence, RI, USA	Med High	Raw	NA	FALSE	41.8088	-71.43373	2021	December	West End	8
359	2021-12-22	865261	06:43:00	Pedestrian	1	NA	FALSE	FALSE	1	elmwood ave	CADILLAC DR	2021-12-22	Two-Way , Not Divided	Dry	Dawn	Clear	Other	No	No Controls	2	1	Pain Reported	NA	41.78916	-71.42126	FALSE	FALSE	Elmwood Ave and Cadillac Dr, Providence, RI, USA	Med High	Raw	NA	FALSE	41.78916	-71.42126	2021	December	Elmwood	9
360	2021-12-22	865287	17:38:00	Pedestrian	1	NA	FALSE	FALSE	1	90 Westminster Street	WEYBOSSET ST	2021-12-22	One-Way Trafficway	Dry	Dark - Lighted	Clear	Not a Collision Between Two Motor Vehicles in Transport	No	No Controls	2	1	Pain Reported	NA	41.82516	-71.40953	TRUE	FALSE	90 Westminster Street, Providence, RI, USA	High	Raw	NA	FALSE	41.82516	-71.40953	2021	December	Downtown	1
361	2021-12-22	865295	17:54:00	Pedestrian	1	NA	FALSE	FALSE	1	51 SILVER SPRING ST	CHATHAM ST	2021-12-22	Two-Way , Not Divided	Dry	Dark - Lighted	Clear	Not a Collision Between Two Motor Vehicles in Transport	No	No Controls	2	1	Pain Reported	NA	41.84618	-71.41688	TRUE	FALSE	51 Silver Spring Street, Providence, RI, USA	High	Raw	NA	FALSE	41.84618	-71.41688	2021	December	Charles	4
357	2021-12-24	865378	23:42:00	Pedestrian	1	NA	FALSE	FALSE	1	SILVER LAKE AVE	UNION AVE	2021-12-24	Two-Way , Not Divided	Wet	Daylight	Cloudy	Not a Collision Between Two Motor Vehicles in Transport	No	Stop Signs	3	1	Non-Incapacitating	NA	41.80746	-71.45974	FALSE	FALSE	Silver Lake Ave and Union Ave, Providence, RI, USA	Med High	Raw	NA	FALSE	41.80746	-71.45974	2021	December	Silver Lake	7
358	2021-12-24	865397	16:49:00	Pedestrian	1	NA	FALSE	FALSE	1	HAYES ST	FRANCIS ST	2021-12-24	Two-Way , Not Divided	Snow	Daylight	Snow	Not a Collision Between Two Motor Vehicles in Transport	No	Traffic Control Signal	2	0	No Injury	NA	41.8293	-71.41559	FALSE	FALSE	Hayes Street and Francis Street, Providence, RI, USA	Med High	Raw	NA	FALSE	41.8293	-71.41559	2021	December	Downtown	12