row_number	crash_date	crash_report_id	crash_time	collision_type	count_pedestrian	count_bicycle	scooter	wheel_chair	number_of_vehicles	street_or_highway	nearest_intersection	report_date	type_of_roadway	road_surface_condition	light_condition	weather_condition	manner_of_impact	hit_and_run	traffic_control	person_count	injury_count	most_serious_injury	number_of_lanes	lat_raw	lon_raw	has_st_number	is_intersection_null	address_sent_to_geocoder	api_coord_conf	best_coordinate_set	reason_for_qa	manually_qaed_record	final_lat	final_lon	year	month	pvd_nhood	pvd_wards
43	2023-02-15	889267	18:07:00	Pedestrian	1	NA	FALSE	FALSE	1	SMITH ST.	GASPEE ST	2023-02-15	Two-Way , Not Divided	Dry	Dark - Lighted	Clear	Not a Collision Between Two Motor Vehicles in Transport	No	No Controls	3	1	Non-Incapacitating	NA	41.83154	-71.41297	FALSE	FALSE	Smith St. and Gaspee Street, Providence, RI, USA	Med High	Raw	NA	FALSE	41.83154	-71.41297	2023	February	Downtown	12
41	2023-02-16	889278	06:53:00	Pedestrian	1	NA	FALSE	FALSE	1	WICKENDEN ST	GOVERNOR ST	2023-02-16	Two-Way , Not Divided	Dry	Daylight	Clear	Not a Collision Between Two Motor Vehicles in Transport	No	Stop Signs	3	1	Pain Reported	NA	41.82036	-71.39367	FALSE	FALSE	Wickenden Street and Governor Street, Providence, RI, USA	Med High	Raw	NA	FALSE	41.82036	-71.39367	2023	February	Fox Point	1
42	2023-02-16	889281	14:16:00	Pedestrian	1	NA	FALSE	FALSE	1	264 Weybossett St	Snow St	2023-02-16	Two-Way , Not Divided	Dry	Daylight	Cloudy	Not a Collision Between Two Motor Vehicles in Transport	No	No Controls	3	1	Pain Reported	2	NA	NA	TRUE	FALSE	264 Weybossett Street, Providence, RI, USA	High	Neither	raw coords null but geocoded coords found	TRUE	41.82082	-71.41315	2023	February	Downtown	1
39	2023-02-17	889326	18:44:00	Pedestrian	1	NA	FALSE	FALSE	1	LLOYD AVE.	HOPE ST	2023-02-17	Two-Way , Not Divided	Wet	Dark - Lighted	Sleet, Hail (Freezing Rain or Drizzle)	Rear End(Front-to-Rear)	No	No Controls	3	1	Pain Reported	NA	41.83156	-71.39974	FALSE	FALSE	Lloyd Ave. and Hope Street, Providence, RI, USA	Med High	Raw	NA	FALSE	41.83156	-71.39974	2023	February	College Hill	2
40	2023-02-17	889330	19:30:00	Pedestrian	1	NA	FALSE	FALSE	1	dudley st	GAY ST	2023-02-17	Two-Way , Not Divided	Wet	Dark - Lighted	Clear	Not a Collision Between Two Motor Vehicles in Transport	Yes	Stop Signs	2	1	Pain Reported	NA	41.81003	-71.4129	FALSE	FALSE	Dudley Street and Gay Street, Providence, RI, USA	Med High	Raw	NA	FALSE	41.81003	-71.4129	2023	February	Upper South Providence	11
38	2023-02-18	889350	12:46:00	Pedestrian	1	NA	FALSE	FALSE	1	AMICA CENTER PARKING LOT (SABIN)	ATWELLS AVE	2023-02-18	Two-Way , Not Divided	Dry	Daylight	Clear	Not a Collision Between Two Motor Vehicles in Transport	No	Person	2	1	Pain Reported	NA	41.82281	-71.41793	FALSE	FALSE	Amica Center Parking Lot (Sabin) and Atwells Ave, Providence, RI, USA	Med	Raw	NA	FALSE	41.82281	-71.41793	2023	February	Downtown	1
37	2023-02-20	889415	18:56:00	Pedestrian	1	NA	FALSE	FALSE	1	Harris Ave	Delaine Street	2023-02-20	Two-Way , Not Divided	Dry	Dark - Lighted	Clear	Not a Collision Between Two Motor Vehicles in Transport	Yes	No Controls	2	1	Pain Reported	NA	41.81919	-71.43881	FALSE	FALSE	Harris Ave and Delaine Street, Providence, RI, USA	Med High	Raw	NA	FALSE	41.81919	-71.43881	2023	February	Olneyville	15
35	2023-02-21	889436	10:31:00	Other	NA	NA	TRUE	FALSE	2	POWER ST	SOUTH MAIN STREET	2023-02-21	Two-Way , Not Divided	Wet	Daylight	Rain	Angle (Front - to - Side) Right Angle (Includes Broadside)	No	No Controls	2	1	Pain Reported	NA	41.82266	-71.40536	FALSE	FALSE	Power Street and South Main Street, Providence, RI, USA	Med	Raw	NA	FALSE	41.82266	-71.40536	2023	February	Fox Point	1
36	2023-02-21	889449	18:38:00	Pedestrian	1	NA	FALSE	FALSE	1	744 BRANCH AVE	NA	2023-02-21	Two-Way , Not Divided	Wet	Dark - Lighted	Rain	Not a Collision Between Two Motor Vehicles in Transport	No	No Controls	4	1	Pain Reported	NA	NA	NA	TRUE	TRUE	744 Branch Ave, Providence, RI, USA	High	Neither	raw coords null but geocoded coords found	TRUE	41.85418	-71.43068	2023	February	Wanskuck	4
33	2023-02-22	889457	13:04:00	Pedestrian	1	NA	FALSE	FALSE	1	MEMORIAL BLVD	COLLEGE ST	2023-02-22	Two-Way, Divided, Positive Median Barrier	Dry	Daylight	Cloudy	Not a Collision Between Two Motor Vehicles in Transport	No	No Controls	2	1	Pain Reported	NA	41.82551	-71.40906	FALSE	FALSE	Memorial Blvd and College Street, Providence, RI, USA	Med High	Raw	NA	FALSE	41.82551	-71.40906	2023	February	Downtown	1
34	2023-02-22	889474	19:32:00	Pedestrian	1	NA	FALSE	FALSE	1	POCASSET AVE	LAUREL HILL AVE	2023-02-22	Two-Way , Not Divided	Unknown	Unknown	Rain	Not a Collision Between Two Motor Vehicles in Transport	No	Pavement Markings	6	1	Pain Reported	NA	41.81072	-71.4541	FALSE	FALSE	Pocasset Ave and Laurel Hill Ave, Providence, RI, USA	Med High	Raw	NA	FALSE	41.81072	-71.4541	2023	February	Silver Lake	7
31	2023-02-25	889523	10:26:00	Pedestrian	1	NA	FALSE	FALSE	1	332 VALLEY ST	RILL ST	2023-02-25	Unknown	Dry	Daylight	Cloudy	Not a Collision Between Two Motor Vehicles in Transport	Yes	No Controls	1	1	Pain Reported	NA	41.82645	-71.4384	TRUE	FALSE	332 Valley Street, Providence, RI, USA	High	Raw	NA	FALSE	41.82645	-71.4384	2023	February	Valley	12
32	2023-02-25	889549	18:32:00	Pedestrian	1	NA	FALSE	FALSE	1	PLAINFIELD ST	ATWOOD ST	2023-02-25	Two-Way , Not Divided	Wet	Dark - Lighted	Sleet, Hail (Freezing Rain or Drizzle)	Not a Collision Between Two Motor Vehicles in Transport	No	No Controls	2	1	Pain Reported	NA	41.81606	-71.44491	FALSE	FALSE	Plainfield Street and Atwood Street, Providence, RI, USA	Med High	Raw	NA	FALSE	41.81606	-71.44491	2023	February	Olneyville	15
29	2023-03-01	890631	17:51:00	Pedestrian	1	NA	FALSE	FALSE	1	5 ELMWOOD AVE	ELMWOOD AVE	2023-03-01	Two-Way , Not Divided	Dry	Daylight	Clear	Not a Collision Between Two Motor Vehicles in Transport	Yes	No Controls	1	1	Pain Reported	NA	NA	NA	TRUE	FALSE	5 Elmwood Ave, Providence, RI, USA	High	Neither	raw coords null but geocoded coords found	TRUE	41.81253	-71.42234	2023	March	West End	11
28	2023-03-02	890675	22:14:00	Pedestrian	1	NA	FALSE	FALSE	1	CHAPIN AVE	PARADE ST	2023-03-02	Two-Way , Not Divided	Dry	Dark - Lighted	Clear	Not a Collision Between Two Motor Vehicles in Transport	No	Unknown	3	0	No Injury	NA	41.81189	-71.43117	FALSE	FALSE	Chapin Ave and Parade Street, Providence, RI, USA	Med High	Raw	NA	FALSE	41.81189	-71.43117	2023	March	West End	13
27	2023-03-03	890693	18:03:00	Pedestrian	1	NA	FALSE	FALSE	1	ELMWOOD AVE	POTTERS AVE	2023-03-03	Two-Way , Not Divided	Dry	Dark - Lighted	Clear	Not a Collision Between Two Motor Vehicles in Transport	Yes	No Controls	1	0	No Injury	NA	41.80078	-71.42652	FALSE	FALSE	Elmwood Ave and Potters Ave, Providence, RI, USA	Med High	Raw	NA	FALSE	41.80078	-71.42652	2023	March	West End	9
26	2023-03-04	890733	22:45:00	Pedestrian	1	NA	FALSE	FALSE	1	BROAD ST	FRICKER ST	2023-03-04	Two-Way, Divided, Unprotected (painted>4feet) Medium	Wet	Dark - Lighted	Cloudy	Not a Collision Between Two Motor Vehicles in Transport	Yes	No Controls	2	1	Non-Incapacitating	NA	41.81528	-71.42066	FALSE	FALSE	Broad Street and Fricker Street, Providence, RI, USA	Med	Raw	NA	FALSE	41.81528	-71.42066	2023	March	West End	11
24	2023-03-06	890759	08:30:00	Pedestrian	1	NA	FALSE	FALSE	1	ADMIRAL ST	DOUGLAS AVE	2023-03-06	Two-Way , Not Divided	Dry	Daylight	Clear	Not a Collision Between Two Motor Vehicles in Transport	No	Traffic Control Signal	4	1	Pain Reported	NA	41.84606	-71.42902	FALSE	FALSE	Admiral Street and Douglas Ave, Providence, RI, USA	Med High	Raw	NA	FALSE	41.84606	-71.42902	2023	March	Wanskuck	14
25	2023-03-06	890782	18:56:00	Pedestrian	1	NA	FALSE	FALSE	1	ELM ST.	EDDY ST.	2023-03-06	Two-Way , Not Divided	Dry	Dark - Lighted	Clear	Not a Collision Between Two Motor Vehicles in Transport	No	Stop Signs	3	1	Pain Reported	NA	NA	NA	FALSE	FALSE	Elm St. and Eddy St., Providence, RI, USA	Med	Geocoded	raw coords null but geocoded coords found	TRUE	41.8182644	-71.4074549	2023	March	Downtown	1
23	2023-03-07	890820	19:28:00	Pedestrian	1	NA	FALSE	FALSE	1	BROAD ST.	FRICKER ST	2023-03-07	Two-Way , Not Divided	Dry	Dark - Lighted	Clear	Not a Collision Between Two Motor Vehicles in Transport	Yes	No Controls	3	1	Pain Reported	NA	41.81528	-71.42066	FALSE	FALSE	Broad St. and Fricker Street, Providence, RI, USA	Med High	Raw	NA	FALSE	41.81528	-71.42066	2023	March	West End	11
22	2023-03-14	890973	11:13:00	Pedestrian	1	NA	FALSE	FALSE	1	ROCHAMBEAU AVE	CAMP ST	2023-03-14	Two-Way , Not Divided	Wet	Daylight	Rain	Not a Collision Between Two Motor Vehicles in Transport	No	Stop Signs	4	1	Pain Reported	NA	41.84645	-71.40074	FALSE	FALSE	Rochambeau Ave and Camp Street, Providence, RI, USA	Med High	Raw	NA	FALSE	41.84645	-71.40074	2023	March	Mount Hope	3
21	2023-03-16	891003	08:09:00	Pedestrian	1	NA	FALSE	FALSE	1	BROADWAY	KNIGHT ST	2023-03-16	Two-Way , Not Divided	Dry	Daylight	Clear	Not a Collision Between Two Motor Vehicles in Transport	No	Traffic Control Signal	3	1	Pain Reported	NA	41.8198	-71.42936	FALSE	FALSE	Broadway and Knight Street, Providence, RI, USA	Med	Raw	NA	FALSE	41.8198	-71.42936	2023	March	Federal Hill	13
20	2023-03-18	891094	12:35:00	Pedestrian	2	NA	FALSE	FALSE	1	10 Sims Ave	NA	2023-03-18	Two-Way , Not Divided	Dry	Daylight	Clear	Not a Collision Between Two Motor Vehicles in Transport	No	No Controls	5	2	Pain Reported	NA	NA	NA	TRUE	TRUE	10 Sims Ave, Providence, RI, USA	High	Neither	raw coords null but geocoded coords found	TRUE	41.82708	-71.43369	2023	March	Valley	13
18	2023-03-19	891110	21:33:00	Pedestrian	1	NA	FALSE	FALSE	1	ATWELLS AVE	NEWTON ST	2023-03-19	Two-Way , Not Divided	Dry	Dark - Lighted	Clear	Not a Collision Between Two Motor Vehicles in Transport	Yes	No Controls	1	1	Pain Reported	NA	41.82327	-71.42236	FALSE	FALSE	Atwells Ave and Newton Street, Providence, RI, USA	Med High	Raw	NA	FALSE	41.82327	-71.42236	2023	March	Federal Hill	13
19	2023-03-19	891112	22:29:00	Bicycle	NA	1	FALSE	FALSE	1	BRIDGHAM ST	FALES ST	2023-03-19	Two-Way, Divided, Unprotected (painted>4feet) Medium	Dry	Dark - Lighted	Clear	Other	Yes	No Controls	1	1	Pain Reported	NA	41.81274	-71.42501	FALSE	FALSE	Bridgham Street and Fales Street, Providence, RI, USA	Med High	Raw	NA	FALSE	41.81274	-71.42501	2023	March	West End	11
17	2023-03-21	891166	16:02:00	Pedestrian	1	NA	FALSE	FALSE	1	REGENT AVE	RIVER AVE	2023-03-21	Two-Way , Not Divided	Dry	Daylight	Clear	Not a Collision Between Two Motor Vehicles in Transport	No	Pavement Markings	4	1	Pain Reported	NA	41.83038	-71.43693	FALSE	FALSE	Regent Ave and River Ave, Providence, RI, USA	Med High	Raw	NA	FALSE	41.83038	-71.43693	2023	March	Valley	12
16	2023-03-27	892318	12:51:00	Bicycle	NA	1	FALSE	FALSE	1	8TH ST	SUMMIT AVE	2023-03-27	Two-Way , Not Divided	Dry	Daylight	Clear	Other	No	Stop Signs	2	1	Non-Incapacitating	NA	41.85973	-71.47173	FALSE	FALSE	8th Street and Summit Ave, Providence, RI, USA	Med	Geocoded	distance greater than 100m	TRUE	41.8529519	-71.396806	2023	March	Hope	3
14	2023-03-28	892328	23:39:00	Pedestrian	1	NA	FALSE	FALSE	1	ATWELLS AVE	ACADEMY AVE	2023-03-28	Two-Way, Divided, Unprotected (painted>4feet) Medium	Wet	Dark - Lighted	Rain	Not a Collision Between Two Motor Vehicles in Transport	No	Traffic Control Signal	3	1	Incapacitating	NA	41.82478	-71.44342	FALSE	FALSE	Atwells Ave and Academy Ave, Providence, RI, USA	Med High	Raw	NA	FALSE	41.82478	-71.44342	2023	March	Olneyville	15
15	2023-03-28	892346	17:06:00	Other	1	NA	TRUE	FALSE	1	WESTMINSTER ST	WEYBOSSET ST	2023-03-28	Two-Way , Not Divided	Dry	Daylight	Clear	Not a Collision Between Two Motor Vehicles in Transport	No	No Controls	3	1	Pain Reported	NA	41.82509	-71.40964	FALSE	FALSE	Westminster Street and Weybosset Street, Providence, RI, USA	Med High	Raw	NA	FALSE	41.82509	-71.40964	2023	March	Downtown	1
1	2023-04-01	892461	22:28:00	Pedestrian	1	NA	FALSE	FALSE	1	Providence Place	Harris Ave	2023-04-01	One-Way Trafficway	Dry	Dark - Not Lighted	Clear	Not a Collision Between Two Motor Vehicles in Transport	No	No Controls	2	1	Pain Reported	NA	41.82779	-71.41904	FALSE	FALSE	Providence Place and Harris Ave, Providence, RI, USA	NA	Raw	NA	FALSE	41.82779	-71.41904	2023	April	Smith Hill	13
2	2023-04-04	892611	15:37:00	Pedestrian	1	NA	FALSE	FALSE	1	GANO ST	ANGELL ST	2023-04-04	Two-Way , Not Divided	Dry	Daylight	Clear	Not a Collision Between Two Motor Vehicles in Transport	No	Traffic Control Signal	2	1	Non-Incapacitating	NA	41.82957	-71.39097	FALSE	FALSE	Gano Street and Angell Street, Providence, RI, USA	NA	Raw	NA	FALSE	41.82957	-71.39097	2023	April	Wayland	1
3	2023-04-06	892716	13:12:00	Pedestrian	1	NA	FALSE	FALSE	1	PLEASANT ST	DAGGETT CT	2023-04-06	Two-Way , Not Divided	Dry	Daylight	Clear	Not a Collision Between Two Motor Vehicles in Transport	Yes	No Controls	1	1	Pain Reported	NA	41.83923	-71.40849	FALSE	FALSE	Pleasant Street and Daggett Ct, Providence, RI, USA	NA	Raw	NA	FALSE	41.83923	-71.40849	2023	April	Mount Hope	3
6	2023-04-11	892862	22:31:00	Pedestrian	1	NA	FALSE	FALSE	1	BROADWAY	KNIGHT ST	2023-04-11	Two-Way , Not Divided	Dry	Dark - Lighted	Clear	Not a Collision Between Two Motor Vehicles in Transport	No	Traffic Control Signal	2	1	Pain Reported	NA	41.81979	-71.42938	FALSE	FALSE	Broadway and Knight Street, Providence, RI, USA	NA	Raw	NA	FALSE	41.81979	-71.42938	2023	April	Federal Hill	13
7	2023-04-12	892888	09:43:00	Pedestrian	1	NA	FALSE	FALSE	1	880 BROAD ST	OXFORD ST	2023-04-12	Two-Way , Not Divided	Dry	Daylight	Clear	Not a Collision Between Two Motor Vehicles in Transport	No	No Controls	5	1	Pain Reported	NA	41.80019	-71.41713	TRUE	FALSE	880 Broad Street, Providence, RI, USA	NA	Raw	NA	FALSE	41.80019	-71.41713	2023	April	Elmwood	9
8	2023-04-12	892906	18:53:00	Pedestrian	1	NA	FALSE	FALSE	2	Broad St	Byfield St	2023-04-12	Two-Way , Not Divided	Dry	Daylight	Clear	Not a Collision Between Two Motor Vehicles in Transport	No	No Controls	5	3	Non-Incapacitating	NA	41.79442	-71.40988	FALSE	FALSE	Broad Street and Byfield Street, Providence, RI, USA	NA	Raw	NA	FALSE	41.79442	-71.40988	2023	April	Elmwood	10
9	2023-04-14	893000	23:06:00	Pedestrian	1	NA	FALSE	FALSE	1	FILLMORE ST	ADMIRAL ST	2023-04-15	Two-Way, Divided, Unprotected (painted>4feet) Medium	Dry	Dark - Lighted	Clear	Not a Collision Between Two Motor Vehicles in Transport	Yes	No Controls	2	1	Non-Incapacitating	NA	41.84081	-71.41986	FALSE	FALSE	Fillmore Street and Admiral Street, Providence, RI, USA	NA	Raw	NA	FALSE	41.84081	-71.41986	2023	April	Wanskuck	4
10	2023-04-15	893010	13:44:00	Pedestrian	1	NA	TRUE	FALSE	1	FOREST ST	CAMP ST	2023-04-15	Two-Way , Not Divided	Dry	Daylight	Clear	Not a Collision Between Two Motor Vehicles in Transport	No	No Controls	3	1	Non-Incapacitating	NA	41.84377	-71.40141	FALSE	FALSE	Forest Street and Camp Street, Providence, RI, USA	NA	Raw	NA	FALSE	41.84377	-71.40141	2023	April	Mount Hope	3
11	2023-04-17	893070	13:07:00	Bicycle	NA	1	FALSE	FALSE	1	COLLEGE ST	S MAIN ST	2023-04-17	Two-Way , Not Divided	Wet	Daylight	Rain	Not a Collision Between Two Motor Vehicles in Transport	No	Pavement Markings	4	1	Pain Reported	NA	41.82578	-71.40745	FALSE	FALSE	College Street and S Main Street, Providence, RI, USA	NA	Raw	NA	FALSE	41.82578	-71.40745	2023	April	Downtown	2
12	2023-04-18	893107	16:46:00	Pedestrian	1	NA	FALSE	FALSE	1	705 ELMWOOD AVE	LONGFELLOW ST	2023-04-18	Two-Way, Divided, Positive Median Barrier	Dry	Daylight	Clear	Not a Collision Between Two Motor Vehicles in Transport	No	No Controls	3	1	Pain Reported	NA	41.79067	-71.42219	TRUE	FALSE	705 Elmwood Ave, Providence, RI, USA	NA	Raw	distance greater than 100m	TRUE	41.79067	-71.42219	2023	April	Elmwood	8
13	2023-04-20	893182	19:33:00	Bicycle	NA	1	FALSE	FALSE	1	DABOLL ST	UPDIKE ST	2023-04-20	Two-Way , Not Divided	Dry	Dusk	Clear	Not a Collision Between Two Motor Vehicles in Transport	No	No Controls	2	1	Pain Reported	NA	41.80416	-71.42418	FALSE	FALSE	Daboll Street and Updike Street, Providence, RI, USA	NA	Geocoded	distance greater than 100m	TRUE	41.804229	-71.4224174	2023	April	Elmwood	9
14	2023-04-20	893158	12:05:00	Pedestrian	1	NA	FALSE	FALSE	1	W RIVER ST	CHARLES ST	2023-04-20	Two-Way , Not Divided	Dry	Daylight	Clear	Not a Collision Between Two Motor Vehicles in Transport	Yes	No Controls	1	1	Pain Reported	NA	41.83975	-71.41628	FALSE	FALSE	W River Street and Charles Street, Providence, RI, USA	NA	Raw	NA	FALSE	41.83975	-71.41628	2023	April	Mount Hope	4
15	2023-04-21	893219	20:43:00	Bicycle	NA	1	FALSE	FALSE	1	FOREST ST	IVY ST	2023-04-21	Two-Way , Not Divided	Dry	Dark - Lighted	Clear	Not a Collision Between Two Motor Vehicles in Transport	No	Stop Signs	2	1	Non-Incapacitating	NA	41.84334	-71.39996	FALSE	FALSE	Forest Street and Ivy Street, Providence, RI, USA	NA	Raw	NA	FALSE	41.84334	-71.39996	2023	April	Mount Hope	3
16	2023-04-27	893404	18:37:00	Pedestrian	1	NA	FALSE	FALSE	1	ADMIRAL STREET	HAWKINS ST	2023-04-27	Two-Way, Divided, Unprotected (painted>4feet) Medium	Dry	Daylight	Clear	Not a Collision Between Two Motor Vehicles in Transport	No	No Controls	2	0	No Injury	NA	41.84591	-71.42835	FALSE	FALSE	Admiral Street and Hawkins Street, Providence, RI, USA	NA	Raw	NA	FALSE	41.84591	-71.42835	2023	April	Wanskuck	4
17	2023-04-28	893437	17:41:00	Pedestrian	1	NA	FALSE	FALSE	1	Academy Ave.	CHALKSTONE AVE	2023-04-28	Two-Way , Not Divided	Dry	Daylight	Clear	Not a Collision Between Two Motor Vehicles in Transport	No	Traffic Control Signal	3	1	Pain Reported	NA	41.8324	-71.44452	FALSE	FALSE	Academy Ave. and Chalkstone Ave, Providence, RI, USA	NA	Raw	NA	FALSE	41.8324	-71.44452	2023	April	Mount Pleasant	6
18	2023-04-28	893429	17:12:00	Bicycle	NA	1	FALSE	FALSE	1	NORTH MAIN ST.	STEEPLE ST	2023-04-28	One-Way Trafficway	Dry	Daylight	Clear	Not a Collision Between Two Motor Vehicles in Transport	Yes	Traffic Control Signal	2	1	Pain Reported	NA	41.82749	-71.40907	FALSE	FALSE	North Main St. and Steeple Street, Providence, RI, USA	NA	Raw	NA	FALSE	41.82749	-71.40907	2023	April	Downtown	1
19	2023-04-28	893425	10:06:00	Pedestrian	1	NA	TRUE	FALSE	1	WOODMAN ST	BUCKLIN ST	2023-04-28	Two-Way , Not Divided	Dry	Daylight	Clear	Not a Collision Between Two Motor Vehicles in Transport	No	Stop Signs	3	1	Pain Reported	NA	41.80846	-71.42772	FALSE	FALSE	Woodman Street and Bucklin Street, Providence, RI, USA	NA	Raw	NA	FALSE	41.80846	-71.42772	2023	April	West End	11
20	2023-04-28	893435	20:06:00	Pedestrian	1	NA	FALSE	FALSE	1	ADMIRAL ST	CRANDALL ST	2023-04-28	Two-Way, Divided, Unprotected (painted>4feet) Medium	Dry	Dark - Lighted	Clear	Not a Collision Between Two Motor Vehicles in Transport	Yes	No Controls	2	1	Non-Incapacitating	NA	41.84957	-71.43987	FALSE	FALSE	Admiral Street and Crandall Street, Providence, RI, USA	NA	Raw	NA	FALSE	41.84957	-71.43987	2023	April	Elmhurst	14
21	2023-04-29	893449	00:53:00	Pedestrian	1	NA	FALSE	FALSE	1	289 Atwells Avenue	CROUT ST	2023-04-29	Two-Way , Not Divided	Dry	Dark - Lighted	Clear	Not a Collision Between Two Motor Vehicles in Transport	No	No Controls	5	1	Incapacitating	NA	41.82364	-71.42753	TRUE	FALSE	289 Atwells Avenue, Providence, RI, USA	NA	Raw	NA	FALSE	41.82364	-71.42753	2023	April	Federal Hill	13
22	2023-04-29	893472	21:53:00	Pedestrian	1	NA	FALSE	FALSE	1	EXCHANGE TERR	DORRANCE STREET	2023-04-29	Two-Way, Divided, Unprotected (painted>4feet) Medium	Wet	Dark - Lighted	Rain	Not a Collision Between Two Motor Vehicles in Transport	No	Traffic Control Signal	2	1	Incapacitating	NA	41.8248	-71.41439	FALSE	FALSE	Exchange Terr and Dorrance Street, Providence, RI, USA	NA	Raw	distance greater than 100m	TRUE	41.8248	-71.41439	2023	April	Downtown	1
23	2023-04-29	893464	17:33:00	Pedestrian	1	NA	FALSE	FALSE	1	BROAD ST	CAHIR ST	2023-04-29	Two-Way , Not Divided	Dry	Daylight	Cloudy	Not a Collision Between Two Motor Vehicles in Transport	No	Traffic Control Signal	6	1	Pain Reported	NA	41.81692	-71.41795	FALSE	FALSE	Broad Street and Cahir Street, Providence, RI, USA	NA	Raw	NA	FALSE	41.81692	-71.41795	2023	April	Upper South Providence	11
24	2023-04-30	893480	01:51:00	Pedestrian	1	NA	FALSE	FALSE	1	OAKLAND AVE	SMITH ST	2023-04-30	Two-Way, Divided, Unprotected (painted>4feet) Medium	Wet	Dark - Lighted	Rain	Not a Collision Between Two Motor Vehicles in Transport	No	Traffic Control Signal	3	1	Non-Incapacitating	NA	41.83621	-71.43046	FALSE	FALSE	Oakland Ave and Smith Street, Providence, RI, USA	NA	Raw	NA	FALSE	41.83621	-71.43046	2023	April	Elmhurst	12
25	2023-05-05	893692	17:15:00	Bicycle	1	NA	FALSE	FALSE	1	Weybosset Street	PECK ST	2023-05-07	One-Way Trafficway	Dry	Daylight	Clear	Not a Collision Between Two Motor Vehicles in Transport	Yes	No Controls	3	1	Non-Incapacitating	NA	41.823480000000004	-71.4104	FALSE	FALSE	Weybosset Street and Peck Street, Providence, RI, USA	NA	Raw	NA	FALSE	41.823480000000004	-71.4104	2023	May	Downtown	1
26	2023-05-06	893668	16:47:00	Bicycle	NA	NA	FALSE	FALSE	3	POINT ST	EDDY ST	2023-05-06	Two-Way, Divided, Positive Median Barrier	Dry	Daylight	Clear	Rear End(Front-to-Rear)	No	No Controls	5	4	Pain Reported	NA	41.81719	-71.40548	FALSE	FALSE	Point Street and Eddy Street, Providence, RI, USA	NA	Raw	NA	FALSE	41.81719	-71.40548	2023	May	Downtown	1
27	2023-05-06	893676	00:46:00	Pedestrian	1	NA	FALSE	FALSE	1	BROAD STREET	CAHIR ST	2023-05-07	Two-Way , Not Divided	Dry	Dark - Not Lighted	Clear	Not a Collision Between Two Motor Vehicles in Transport	Yes	Traffic Control Signal	1	1	Pain Reported	NA	41.81662	-71.41861	FALSE	FALSE	Broad Street and Cahir Street, Providence, RI, USA	NA	Raw	NA	FALSE	41.81662	-71.41861	2023	May	Upper South Providence	11
28	2023-05-08	893737	11:56:00	Bicycle	NA	1	FALSE	FALSE	1	583 BROAD STREET	DARTMOUTH AVE	2023-05-08	One-Way Trafficway	Dry	Daylight	Clear	Other	Yes	No Controls	2	1	Non-Incapacitating	NA	41.80838	-71.42061	TRUE	FALSE	583 Broad Street, Providence, RI, USA	NA	Raw	NA	FALSE	41.80838	-71.42061	2023	May	Elmwood	11
29	2023-05-10	893784	12:09:00	Pedestrian	2	NA	FALSE	FALSE	1	DUDLEY ST	DUDLEY ST EXIT 19	2023-05-10	Two-Way , Not Divided	Dry	Daylight	Clear	Not a Collision Between Two Motor Vehicles in Transport	Yes	No Controls	3	2	Pain Reported	NA	41.8108	-71.40727	FALSE	FALSE	Dudley Street and Dudley St Exit 19, Providence, RI, USA	NA	Raw	distance greater than 100m	TRUE	41.8108	-71.40727	2023	May	Upper South Providence	11
30	2023-05-10	893798	21:10:00	Bicycle	NA	1	FALSE	FALSE	1	Atwells Ave	Marcello Street	2023-05-10	Two-Way , Not Divided	Dry	Dark - Lighted	Clear	Not a Collision Between Two Motor Vehicles in Transport	No	No Controls	3	1	Non-Incapacitating	NA	41.82393	-71.43161	FALSE	FALSE	Atwells Ave and Marcello Street, Providence, RI, USA	NA	Raw	NA	FALSE	41.82393	-71.43161	2023	May	Federal Hill	13
31	2023-05-12	893835	01:47:00	Other	NA	NA	TRUE	FALSE	1	CHARLES ST	CHARLES ST	2023-05-12	Two-Way, Divided, Unprotected (painted>4feet) Medium	Dry	Dark - Lighted	Clear	Rear End(Front-to-Rear)	Yes	Pavement Markings	2	1	Pain Reported	NA	41.83672	-71.41282	FALSE	FALSE	Charles Street and Charles Street, Providence, RI, USA	NA	Raw	distance greater than 100m	TRUE	41.83672	-71.41282	2023	May	Mount Hope	3
32	2023-05-13	893907	18:39:00	Bicycle	NA	1	FALSE	FALSE	1	CHALKSTONE AVE	BERLIN ST	2023-05-13	Two-Way , Not Divided	Dry	Daylight	Clear	Not a Collision Between Two Motor Vehicles in Transport	Yes	Stop Signs	1	1	Non-Incapacitating	NA	41.83228	-71.44197	FALSE	FALSE	Chalkstone Ave and Berlin Street, Providence, RI, USA	NA	Raw	NA	FALSE	41.83228	-71.44197	2023	May	Valley	6
33	2023-05-16	893983	20:45:00	Bicycle	NA	1	FALSE	FALSE	1	SOUTH MAIN STREET	WILLIAMS	2023-05-16	One-Way Trafficway	Dry	Dark - Lighted	Clear	Not a Collision Between Two Motor Vehicles in Transport	Yes	No Controls	1	1	Non-Incapacitating	NA	41.82157	-71.40438	FALSE	FALSE	South Main Street and Williams, Providence, RI, USA	NA	Raw	NA	FALSE	41.82157	-71.40438	2023	May	Fox Point	1