row_number	crash_date	crash_report_id	crash_time	collision_type	count_pedestrian	count_bicycle	scooter	wheel_chair	number_of_vehicles	street_or_highway	nearest_intersection	report_date	type_of_roadway	road_surface_condition	light_condition	weather_condition	manner_of_impact	hit_and_run	traffic_control	person_count	injury_count	most_serious_injury	number_of_lanes	lat_raw	lon_raw	has_st_number	is_intersection_null	address_sent_to_geocoder	api_coord_conf	best_coordinate_set	reason_for_qa	manually_qaed_record	final_lat	final_lon	year	month	pvd_nhood	pvd_wards
34	2023-05-17	893990	07:33:00	Pedestrian	1	NA	FALSE	FALSE	1	BROAD ST	FOSTER ST	2023-05-17	Two-Way , Not Divided	Dry	Daylight	Clear	Not a Collision Between Two Motor Vehicles in Transport	Yes	No Controls	1	1	Pain Reported	NA	41.81862	-71.41564	FALSE	FALSE	Broad Street and Foster Street, Providence, RI, USA	NA	Raw	NA	FALSE	41.81862	-71.41564	2023	May	Downtown	1
35	2023-05-17	893992	09:22:00	Pedestrian	1	NA	FALSE	FALSE	1	SARATOGA ST	PLAIN ST	2023-05-17	Two-Way , Not Divided	Dry	Daylight	Clear	Not a Collision Between Two Motor Vehicles in Transport	Yes	No Controls	1	1	Pain Reported	NA	41.80569	-71.41044	FALSE	FALSE	Saratoga Street and Plain Street, Providence, RI, USA	NA	Raw	NA	FALSE	41.80569	-71.41044	2023	May	Lower South Providence	11
36	2023-05-18	894031	08:16:00	Pedestrian	1	NA	FALSE	FALSE	1	PUTNAM ST	HALE ST	2023-05-18	Two-Way , Not Divided	Dry	Daylight	Clear	Not a Collision Between Two Motor Vehicles in Transport	No	No Controls	3	1	Pain Reported	NA	41.82432	-71.44381	FALSE	FALSE	Putnam Street and Hale Street, Providence, RI, USA	NA	Raw	NA	FALSE	41.82432	-71.44381	2023	May	Olneyville	6
37	2023-05-23	895210	18:15:00	Bicycle	NA	1	TRUE	FALSE	1	COURTLAND ST	CARPENTER ST	2023-05-23	One-Way Trafficway	Dry	Daylight	Clear	Not a Collision Between Two Motor Vehicles in Transport	No	No Controls	2	1	Pain Reported	NA	41.81739	-71.43062	FALSE	FALSE	Courtland Street and Carpenter Street, Providence, RI, USA	NA	Raw	NA	FALSE	41.81739	-71.43062	2023	May	Federal Hill	13
38	2023-05-24	895226	15:06:00	Bicycle	NA	1	FALSE	FALSE	1	CRANSTON ST	HANOVER ST	2023-05-24	Two-Way , Not Divided	Dry	Daylight	Clear	Not a Collision Between Two Motor Vehicles in Transport	No	No Controls	3	1	Pain Reported	NA	41.80947	-71.43356	FALSE	FALSE	Cranston Street and Hanover Street, Providence, RI, USA	NA	Raw	NA	FALSE	41.80947	-71.43356	2023	May	West End	8
39	2023-05-26	895286	15:43:00	Pedestrian	1	NA	FALSE	FALSE	1	RAILROAD ST	PARK ROW	2023-05-26	One-Way Trafficway	Dry	Daylight	Clear	Not a Collision Between Two Motor Vehicles in Transport	Yes	No Controls	3	1	Pain Reported	NA	41.82902	-71.41297	FALSE	FALSE	Railroad Street and Park Row, Providence, RI, USA	NA	Raw	distance greater than 100m	TRUE	41.82902	-71.41297	2023	May	Downtown	12
40	2023-05-27	895314	14:14:00	Pedestrian	1	NA	TRUE	FALSE	1	WASHINGTON ST	MEMORIAL BLVD	2023-05-27	Two-Way, Divided, Positive Median Barrier	Dry	Daylight	Clear	Not a Collision Between Two Motor Vehicles in Transport	No	Traffic Control Signal	4	1	Pain Reported	NA	41.82635	-71.41015	FALSE	FALSE	Washington Street and Memorial Blvd, Providence, RI, USA	NA	Raw	NA	FALSE	41.82635	-71.41015	2023	May	Downtown	1
41	2023-05-28	895360	18:37:00	Pedestrian	2	NA	TRUE	FALSE	1	BROAD ST	CALLA ST	2023-05-28	Two-Way , Not Divided	Dry	Daylight	Clear	Not a Collision Between Two Motor Vehicles in Transport	Yes	Stop Signs	3	2	Pain Reported	NA	41.78985	-71.40487	FALSE	FALSE	Broad Street and Calla Street, Providence, RI, USA	NA	Raw	NA	FALSE	41.78985	-71.40487	2023	May	Washington Park	10
42	2023-05-29	895643	13:03:00	Bicycle	NA	1	FALSE	FALSE	2	Elmwood ave	ADELAIDE AVE	2023-06-05	Two-Way, Divided, Positive Median Barrier	Dry	Daylight	Clear	Head-On (Front - to - Front)	No	No Controls	6	5	Pain Reported	NA	41.79589	-71.425	FALSE	FALSE	Elmwood Ave and Adelaide Ave, Providence, RI, USA	NA	Raw	NA	FALSE	41.79589	-71.425	2023	May	Elmwood	9
43	2023-05-29	895380	10:53:00	Bicycle	NA	NA	FALSE	FALSE	2	4TH ST	HOPE ST	2023-05-29	Two-Way , Not Divided	Dry	Daylight	Clear	Other	Yes	No Controls	2	0	No Injury	NA	41.8493	-71.39491	FALSE	FALSE	4th Street and Hope Street, Providence, RI, USA	NA	Raw	NA	FALSE	41.8493	-71.39491	2023	May	Hope	3
44	2023-05-30	895437	18:34:00	Bicycle	NA	1	FALSE	FALSE	1	MAPLEHURST AVE	ACADEMY AVE	2023-05-30	Two-Way , Not Divided	Dry	Daylight	Clear	Not a Collision Between Two Motor Vehicles in Transport	No	No Controls	2	0	No Injury	NA	41.82689	-71.44288	FALSE	FALSE	Maplehurst Ave and Academy Ave, Providence, RI, USA	NA	Raw	NA	FALSE	41.82689	-71.44288	2023	May	Valley	12
45	2023-05-30	895414	09:09:00	Pedestrian	1	NA	FALSE	FALSE	1	325 Ocean St	RICHARDSON ST	2023-05-30	Unknown	Dry	Daylight	Clear	Other	No	No Controls	2	1	Pain Reported	NA	41.79744	-71.40834	TRUE	FALSE	325 Ocean Street, Providence, RI, USA	NA	Raw	NA	FALSE	41.79744	-71.40834	2023	May	Lower South Providence	10
46	2023-06-01	895524	15:46:00	Pedestrian	1	NA	FALSE	FALSE	1	WESTMINSTER ST	SNOW ST	2023-06-01	Two-Way , Not Divided	Dry	Daylight	Clear	Not a Collision Between Two Motor Vehicles in Transport	No	No Controls	2	1	Pain Reported	NA	41.82165	-71.41436	FALSE	FALSE	Westminster Street and Snow Street, Providence, RI, USA	NA	Raw	NA	FALSE	41.82165	-71.41436	2023	June	Downtown	1
47	2023-06-02	895547	08:21:00	Bicycle	NA	1	FALSE	FALSE	1	HOLLYWOOD RD	DEXTER ST	2023-06-02	Two-Way , Not Divided	Dry	Daylight	Clear	Not a Collision Between Two Motor Vehicles in Transport	No	No Controls	2	1	Pain Reported	NA	41.81598	-71.43109	FALSE	FALSE	Hollywood Rd and Dexter Street, Providence, RI, USA	NA	Raw	NA	FALSE	41.81598	-71.43109	2023	June	West End	13
48	2023-06-02	895575	17:28:00	Pedestrian	1	NA	FALSE	FALSE	1	FRANCIS ST.	MEMORIAL BLVD	2023-06-02	Two-Way , Not Divided	Dry	Daylight	Clear	Not a Collision Between Two Motor Vehicles in Transport	No	No Controls	3	1	Non-Incapacitating	NA	41.82683	-71.41549	FALSE	FALSE	Francis St. and Memorial Blvd, Providence, RI, USA	NA	Geocoded	distance greater than 100m	TRUE	41.8258972	-71.4153893	2023	June	Downtown	12
49	2023-06-04	895614	02:06:00	Pedestrian	1	NA	FALSE	FALSE	1	143 Friendship Street	Richmond Street	2023-06-04	Two-Way , Not Divided	Dry	Dark - Lighted	Clear	Not a Collision Between Two Motor Vehicles in Transport	Yes	No Controls	1	1	Pain Reported	NA	41.81986	-71.4115	TRUE	FALSE	143 Friendship Street, Providence, RI, USA	NA	Raw	NA	FALSE	41.81986	-71.4115	2023	June	Downtown	1
50	2023-06-06	895680	15:57:00	Other	NA	NA	FALSE	FALSE	1	BRANCH AVE	WOODWARD RD	2023-06-06	Two-Way , Not Divided	Dry	Daylight	Cloudy	Not a Collision Between Two Motor Vehicles in Transport	No	Pavement Markings	2	0	No Injury	NA	41.8535	-71.42816	FALSE	FALSE	Branch Ave and Woodward Rd, Providence, RI, USA	NA	Raw	NA	FALSE	41.8535	-71.42816	2023	June	Wanskuck	14
51	2023-06-06	895690	22:49:00	Other	NA	NA	TRUE	FALSE	2	WATERMAN ST	THAYER ST	2023-06-06	One-Way Trafficway	Dry	Daylight	Clear	Rear End(Front-to-Rear)	No	No Controls	2	1	Pain Reported	NA	41.82728	-71.40054	FALSE	FALSE	Waterman Street and Thayer Street, Providence, RI, USA	NA	Raw	NA	FALSE	41.82728	-71.40054	2023	June	College Hill	2
52	2023-06-08	895731	11:53:00	Bicycle	NA	2	FALSE	FALSE	1	374 WICKENDEN ST	NA	2023-06-08	Two-Way , Not Divided	Dry	Daylight	Clear	Sideswipe, Same Direction	No	No Controls	3	2	Pain Reported	NA	NA	NA	TRUE	TRUE	374 Wickenden Street, Providence, RI, USA	NA	Neither	raw coords null but geocoded coords found	TRUE	41.81971	-71.39578	2023	June	Fox Point	1
53	2023-06-08	895727	13:44:00	Other	NA	2	TRUE	FALSE	1	Broadway	BRADFORD ST	2023-06-08	Two-Way , Not Divided	Dry	Daylight	Clear	Angle (Front - to - Side) Right Angle (Includes Broadside)	No	Stop Signs	4	0	No Injury	NA	41.82154	-71.42199	FALSE	FALSE	Broadway and Bradford Street, Providence, RI, USA	NA	Raw	NA	FALSE	41.82154	-71.42199	2023	June	Federal Hill	13
54	2023-06-08	895733	18:00:00	Pedestrian	2	NA	TRUE	FALSE	1	WILLIAMS ST	BENEFIT ST	2023-06-08	Two-Way , Not Divided	Dry	Daylight	Clear	Not a Collision Between Two Motor Vehicles in Transport	No	Stop Signs	3	1	Pain Reported	NA	41.82205	-71.40317	FALSE	FALSE	Williams Street and Benefit Street, Providence, RI, USA	NA	Raw	NA	FALSE	41.82205	-71.40317	2023	June	Fox Point	1
55	2023-06-09	895744	07:38:00	Pedestrian	1	NA	TRUE	FALSE	1	CANAL ST	MILL ST	2023-06-09	Two-Way , Not Divided	Dry	Daylight	Clear	Not a Collision Between Two Motor Vehicles in Transport	No	Stop Signs	4	1	Pain Reported	NA	41.8323	-71.41095	FALSE	FALSE	Canal Street and Mill Street, Providence, RI, USA	NA	Raw	distance greater than 100m	TRUE	41.8323	-71.41095	2023	June	Downtown	3
56	2023-06-09	895783	22:24:00	Pedestrian	1	NA	FALSE	FALSE	1	BRANCH AVE	VANDEWATER ST	2023-06-09	Two-Way , Not Divided	Dry	Dark - Lighted	Clear	Not a Collision Between Two Motor Vehicles in Transport	No	Traffic Control Signal	3	1	Pain Reported	NA	41.85358	-71.42847	FALSE	FALSE	Branch Ave and Vandewater Street, Providence, RI, USA	NA	Raw	NA	FALSE	41.85358	-71.42847	2023	June	Wanskuck	14
57	2023-06-09	895780	21:44:00	Pedestrian	1	NA	FALSE	FALSE	1	CRANSTON ST	WALDO ST	2023-06-09	Two-Way, Divided, Unprotected (painted>4feet) Medium	Wet	Dark - Lighted	Cloudy	Not a Collision Between Two Motor Vehicles in Transport	Yes	No Controls	2	1	Pain Reported	NA	41.80634	-71.4363	FALSE	FALSE	Cranston Street and Waldo Street, Providence, RI, USA	NA	Raw	NA	FALSE	41.80634	-71.4363	2023	June	West End	8
58	2023-06-09	895753	14:07:00	Bicycle	NA	1	FALSE	FALSE	1	BROADWAY	DE PASQUALE AVE	2023-06-09	Two-Way , Not Divided	Dry	Daylight	Clear	Not a Collision Between Two Motor Vehicles in Transport	No	Pavement Markings	3	0	No Injury	NA	41.82077	-71.42526	FALSE	FALSE	Broadway and De Pasquale Ave, Providence, RI, USA	NA	Raw	NA	FALSE	41.82077	-71.42526	2023	June	Federal Hill	13
59	2023-06-11	895838	13:00:00	Pedestrian	1	NA	TRUE	FALSE	1	BRANCH AVE	CHATHAM ST	2023-06-11	Two-Way , Not Divided	Dry	Daylight	Clear	Angle (Front - to - Side) Opposite Direction	No	No Controls	2	1	Pain Reported	NA	41.84904	-71.41728	FALSE	FALSE	Branch Ave and Chatham Street, Providence, RI, USA	NA	Raw	NA	FALSE	41.84904	-71.41728	2023	June	Charles	4
60	2023-06-12	895854	00:01:00	Pedestrian	1	NA	TRUE	FALSE	1	N MAIN ST	N MAIN ST	2023-06-12	Two-Way , Not Divided	Dry	Dark - Lighted	Clear	Other	No	Stop Signs	3	1	Pain Reported	NA	41.84127	-71.40818	FALSE	FALSE	N Main Street and N Main Street, Providence, RI, USA	NA	Raw	distance greater than 100m	TRUE	41.84127	-71.40818	2023	June	Mount Hope	3
61	2023-06-13	895906	15:13:00	Bicycle	NA	1	TRUE	FALSE	1	WASHINGTON AVE	MICHIGAN AVE	2023-06-13	Two-Way , Not Divided	Dry	Daylight	Clear	Not a Collision Between Two Motor Vehicles in Transport	No	No Controls	2	1	Pain Reported	NA	41.78872	-71.39272	FALSE	FALSE	Washington Ave and Michigan Ave, Providence, RI, USA	NA	Raw	NA	FALSE	41.78872	-71.39272	2023	June	Washington Park	10
62	2023-06-15	895994	08:08:00	Pedestrian	1	NA	FALSE	FALSE	1	OAKLAND AVE	SMITH ST	2023-06-15	Two-Way , Not Divided	Dry	Daylight	Clear	Not a Collision Between Two Motor Vehicles in Transport	No	Traffic Control Signal	3	1	Pain Reported	NA	41.83623	-71.43046	FALSE	FALSE	Oakland Ave and Smith Street, Providence, RI, USA	NA	Raw	NA	FALSE	41.83623	-71.43046	2023	June	Elmhurst	12
63	2023-06-15	896015	19:50:00	Bicycle	NA	1	FALSE	FALSE	1	Canal Street	Elizabeth Street	2023-06-15	One-Way Trafficway	Dry	Daylight	Clear	Not a Collision Between Two Motor Vehicles in Transport	No	No Controls	3	1	Pain Reported	NA	41.82762	-71.41022	FALSE	FALSE	Canal Street and Elizabeth Street, Providence, RI, USA	NA	Raw	NA	FALSE	41.82762	-71.41022	2023	June	Downtown	1
64	2023-06-18	896102	23:55:00	Pedestrian	1	NA	FALSE	FALSE	1	CRANSTON ST	POTTERS AVE	2023-06-19	Two-Way, Divided, Unprotected (painted>4feet) Medium	Dry	Dark - Lighted	Cloudy	Not a Collision Between Two Motor Vehicles in Transport	No	Pavement Markings	3	1	Non-Incapacitating	NA	41.80508	-71.43774	FALSE	FALSE	Cranston Street and Potters Ave, Providence, RI, USA	NA	Raw	NA	FALSE	41.80508	-71.43774	2023	June	West End	8
65	2023-06-19	896129	15:28:00	Bicycle	NA	1	TRUE	FALSE	1	SUMTER ST	NIAGARA ST	2023-06-19	Two-Way , Not Divided	Dry	Daylight	Clear	Not a Collision Between Two Motor Vehicles in Transport	No	No Controls	5	1	Pain Reported	NA	41.79655	-71.41802	FALSE	FALSE	Sumter Street and Niagara Street, Providence, RI, USA	NA	Raw	NA	FALSE	41.79655	-71.41802	2023	June	Elmwood	9
66	2023-06-19	896119	12:29:00	Pedestrian	1	NA	FALSE	FALSE	1	EDDY ST	DUDLEY ST	2023-06-19	Two-Way , Not Divided	Dry	Daylight	Clear	Not a Collision Between Two Motor Vehicles in Transport	No	Pavement Markings	3	1	Incapacitating	NA	41.81111	-71.40714	FALSE	FALSE	Eddy Street and Dudley Street, Providence, RI, USA	NA	Raw	NA	FALSE	41.81111	-71.40714	2023	June	Upper South Providence	11
67	2023-06-20	896173	16:53:00	Pedestrian	1	NA	FALSE	FALSE	1	Whelan Road	BODELL AVE	2023-06-20	Two-Way , Not Divided	Dry	Daylight	Clear	Angle (Front - to - Side) Opposite Direction	No	No Controls	2	1	Pain Reported	NA	41.81843	-71.45502	FALSE	FALSE	Whelan Road and Bodell Ave, Providence, RI, USA	NA	Raw	NA	FALSE	41.81843	-71.45502	2023	June	Hartford	7
68	2023-06-21	896194	13:29:00	Other	NA	1	TRUE	FALSE	1	CARPENTER ST	COURTLAND ST	2023-06-21	One-Way Trafficway	Dry	Daylight	Clear	Angle (Front - to - Side) Right Angle (Includes Broadside)	No	Stop Signs	4	0	No Injury	NA	41.81766	-71.43067	FALSE	FALSE	Carpenter Street and Courtland Street, Providence, RI, USA	NA	Raw	NA	FALSE	41.81766	-71.43067	2023	June	Federal Hill	13
69	2023-06-22	896250	19:19:00	Pedestrian	1	NA	FALSE	FALSE	1	POCASSET AVE	PLAINFIELD ST	2023-06-22	Unknown	Dry	Daylight	Clear	Not a Collision Between Two Motor Vehicles in Transport	Yes	No Controls	1	1	Pain Reported	NA	41.81361	-71.44805	FALSE	FALSE	Pocasset Ave and Plainfield Street, Providence, RI, USA	NA	Raw	NA	FALSE	41.81361	-71.44805	2023	June	Silver Lake	15
70	2023-06-26	896360	11:17:00	Bicycle	NA	1	FALSE	FALSE	1	Cranston Street	BURGESS ST	2023-06-26	Two-Way , Not Divided	Dry	Daylight	Cloudy	Not a Collision Between Two Motor Vehicles in Transport	No	No Controls	3	1	Pain Reported	NA	41.81672	-71.42293	FALSE	FALSE	Cranston Street and Burgess Street, Providence, RI, USA	NA	Neither	distance greater than 100m	TRUE	41.815855	-71.424194	2023	June	West End	11
71	2023-06-28	896420	17:52:00	Pedestrian	1	NA	FALSE	FALSE	1	silver spring st.	BRANCH AVE	2023-06-28	Unknown	Dry	Daylight	Clear	Not a Collision Between Two Motor Vehicles in Transport	Yes	No Controls	2	1	Pain Reported	NA	41.84775	-71.41481	FALSE	FALSE	Silver Spring St. and Branch Ave, Providence, RI, USA	NA	Raw	NA	FALSE	41.84775	-71.41481	2023	June	Charles	4
72	2023-06-28	896405	02:34:00	Pedestrian	2	NA	TRUE	FALSE	1	BROAD ST	SERVICE ROAD 7	2023-06-28	One-Way Trafficway	Dry	Dark - Lighted	Clear	Not a Collision Between Two Motor Vehicles in Transport	No	Traffic Control Signal	4	2	Pain Reported	NA	41.81736	-71.41696	FALSE	FALSE	Broad Street and Service Road 7, Providence, RI, USA	NA	Raw	NA	FALSE	41.81736	-71.41696	2023	June	Upper South Providence	11
73	2023-06-28	896414	13:38:00	Bicycle	NA	1	FALSE	FALSE	1	COLLEGE ST	BENEFIT ST	2023-06-28	Two-Way , Not Divided	Dry	Daylight	Clear	Not a Collision Between Two Motor Vehicles in Transport	No	Stop Signs	4	1	Pain Reported	NA	41.826	-71.40683	FALSE	FALSE	College Street and Benefit Street, Providence, RI, USA	NA	Raw	NA	FALSE	41.826	-71.40683	2023	June	College Hill	2
74	2023-06-29	896455	21:00:00	Pedestrian	1	NA	FALSE	FALSE	1	249 THAYER ST	CUSHING ST	2023-06-30	One-Way Trafficway	Dry	Dark - Lighted	Clear	Not a Collision Between Two Motor Vehicles in Transport	Yes	No Controls	2	1	Pain Reported	NA	41.82983	-71.40088	TRUE	FALSE	249 Thayer Street, Providence, RI, USA	NA	Raw	distance greater than 100m	TRUE	41.82983	-71.40088	2023	June	College Hill	2
75	2023-06-30	896458	10:18:00	Pedestrian	1	NA	FALSE	FALSE	1	RT 6 EAST DEAN ST EXIT	DEAN ST	2023-06-30	One-Way Trafficway	Dry	Daylight	Clear	Not a Collision Between Two Motor Vehicles in Transport	No	Traffic Control Signal	2	1	Pain Reported	NA	41.8245	-71.42546	FALSE	FALSE	Rt 6 East Dean Street Exit and Dean Street, Providence, RI, USA	NA	Raw	distance greater than 100m	TRUE	41.8245	-71.42546	2023	June	Federal Hill	13
76	2023-06-30	896463	11:53:00	Bicycle	NA	1	FALSE	FALSE	1	DOUGLAS AVE	DOUGLAS AVE	2023-06-30	Two-Way , Not Divided	Dry	Daylight	Clear	Not a Collision Between Two Motor Vehicles in Transport	No	Person	3	1	Pain Reported	NA	41.84762	-71.43084	FALSE	FALSE	Douglas Ave and Douglas Ave, Providence, RI, USA	NA	Raw	distance greater than 100m	TRUE	41.84762	-71.43084	2023	June	Wanskuck	14
77	2023-06-30	896465	12:30:00	Pedestrian	1	NA	FALSE	FALSE	1	Cranston Street	POTTERS AVE	2023-06-30	Two-Way, Divided, Unprotected (painted>4feet) Medium	Dry	Daylight	Clear	Not a Collision Between Two Motor Vehicles in Transport	No	No Controls	4	1	Pain Reported	NA	41.80505	-71.43778	FALSE	FALSE	Cranston Street and Potters Ave, Providence, RI, USA	NA	Raw	NA	FALSE	41.80505	-71.43778	2023	June	West End	8
78	2023-07-01	896515	00:47:00	Bicycle	NA	NA	FALSE	FALSE	2	prairie ave	saratoga st	2023-07-02	Two-Way , Not Divided	Dry	Dark - Lighted	Clear	Angle (Front - to - Side) Same Direction	No	Stop Signs	2	1	Pain Reported	NA	NA	NA	FALSE	FALSE	Prairie Ave and Saratoga Street, Providence, RI, USA	NA	Geocoded	raw coords null but geocoded coords found	TRUE	41.8051685	-71.4146448	2023	July	Lower South Providence	11
79	2023-07-01	896511	21:59:00	Bicycle	NA	1	FALSE	FALSE	1	Francie Street	Memorial Blvd	2023-07-01	Two-Way, Divided, Positive Median Barrier	Dry	Dark - Lighted	Clear	Not a Collision Between Two Motor Vehicles in Transport	Yes	Traffic Control Signal	1	1	Pain Reported	NA	41.82577	-71.41527	FALSE	FALSE	Francie Street and Memorial Blvd, Providence, RI, USA	NA	Raw	distance greater than 100m	TRUE	41.82577	-71.41527	2023	July	Downtown	1
80	2023-07-01	896499	10:30:00	Bicycle	NA	1	FALSE	FALSE	1	BENEFIT ST	COLLEGE ST	2023-07-01	Two-Way , Not Divided	Dry	Daylight	Clear	Not a Collision Between Two Motor Vehicles in Transport	No	Stop Signs	2	1	Non-Incapacitating	NA	41.826	-71.40683	FALSE	FALSE	Benefit Street and College Street, Providence, RI, USA	NA	Raw	NA	FALSE	41.826	-71.40683	2023	July	College Hill	2
81	2023-07-03	896566	18:33:00	Bicycle	NA	1	FALSE	FALSE	1	LENOX AVE	EMERSON ST	2023-07-03	Two-Way , Not Divided	Dry	Daylight	Clear	Not a Collision Between Two Motor Vehicles in Transport	No	Traffic Control Signal	2	1	Pain Reported	NA	41.79828	-71.41478	FALSE	FALSE	Lenox Ave and Emerson Street, Providence, RI, USA	NA	Geocoded	distance greater than 100m	TRUE	41.7979139	-71.41606349999999	2023	July	Elmwood	9
82	2023-07-05	896600	07:57:00	Bicycle	NA	1	FALSE	FALSE	1	PINE ST (AMOS HOUSE)	SOMERSET ST	2023-07-05	Two-Way , Not Divided	Dry	Daylight	Clear	Not a Collision Between Two Motor Vehicles in Transport	Yes	No Controls	1	1	Pain Reported	NA	41.81237	-71.41967	FALSE	FALSE	Pine Street (Amos House) and Somerset Street, Providence, RI, USA	NA	Raw	NA	FALSE	41.81237	-71.41967	2023	July	Upper South Providence	11
83	2023-07-05	896606	12:35:00	Pedestrian	1	NA	FALSE	FALSE	1	761 BROAD ST	POTTERS AVE	2023-07-05	Two-Way , Not Divided	Dry	Daylight	Clear	Not a Collision Between Two Motor Vehicles in Transport	Yes	No Controls	2	1	Pain Reported	NA	41.80327	-71.419	TRUE	FALSE	761 Broad Street, Providence, RI, USA	NA	Raw	NA	FALSE	41.80327	-71.419	2023	July	Elmwood	9
84	2023-07-06	896656	18:22:00	Bicycle	NA	1	FALSE	FALSE	1	FRANCIS ST	AMERICAN EXPRESS PLZ	2023-07-06	Two-Way , Not Divided	Dry	Daylight	Clear	Not a Collision Between Two Motor Vehicles in Transport	Yes	Pavement Markings	1	1	Pain Reported	NA	41.82745	-71.41541	FALSE	FALSE	Francis Street and American Express Plz, Providence, RI, USA	NA	Raw	distance greater than 100m	TRUE	41.82745	-71.41541	2023	July	Downtown	12
85	2023-07-08	896713	05:01:00	Other	NA	NA	TRUE	FALSE	1	S WATER ST	BRIDGE ST	2023-07-08	One-Way Trafficway	Dry	Dark - Lighted	Clear	Angle (Front - to - Side) Right Angle (Includes Broadside)	Yes	No Controls	2	2	Non-Incapacitating	NA	41.81839	-71.40153	FALSE	FALSE	S Water Street and Bridge Street, Providence, RI, USA	NA	Raw	distance greater than 100m	TRUE	41.81839	-71.40153	2023	July	Fox Point	1
86	2023-07-13	896887	14:29:00	Pedestrian	1	NA	FALSE	FALSE	1	BROADWAY	DEAN ST	2023-07-13	Two-Way , Not Divided	Dry	Daylight	Clear	Not a Collision Between Two Motor Vehicles in Transport	No	Pavement Markings	2	1	Pain Reported	NA	41.8214	-71.42253	FALSE	FALSE	Broadway and Dean Street, Providence, RI, USA	NA	Raw	NA	FALSE	41.8214	-71.42253	2023	July	Federal Hill	13
87	2023-07-14	896908	08:51:00	Bicycle	NA	1	FALSE	FALSE	1	BROAD ST	BROAD ST	2023-07-14	Two-Way , Not Divided	Dry	Daylight	Cloudy	Not a Collision Between Two Motor Vehicles in Transport	No	Pavement Markings	2	1	Pain Reported	NA	41.81414	-71.42131	FALSE	FALSE	Broad Street and Broad Street, Providence, RI, USA	NA	Raw	distance greater than 100m	TRUE	41.81414	-71.42131	2023	July	West End	11
88	2023-07-17	897012	17:12:00	Bicycle	NA	1	FALSE	FALSE	1	ELMWOOD AVE	POTTERS AVE	2023-07-17	Two-Way , Not Divided	Dry	Daylight	Clear	Not a Collision Between Two Motor Vehicles in Transport	No	No Controls	2	1	Pain Reported	NA	41.80142	-71.42638	FALSE	FALSE	Elmwood Ave and Potters Ave, Providence, RI, USA	NA	Raw	NA	FALSE	41.80142	-71.42638	2023	July	West End	9
89	2023-07-18	897039	11:42:00	Bicycle	NA	NA	FALSE	FALSE	2	CRANSTON STREET	BELLEVUE AVE	2023-07-18	Two-Way, Divided, Unprotected (painted>4feet) Medium	Dry	Daylight	Clear	Rear End(Front-to-Rear)	No	No Controls	2	0	No Injury	NA	41.80882	-71.43412	FALSE	FALSE	Cranston Street and Bellevue Ave, Providence, RI, USA	NA	Raw	NA	FALSE	41.80882	-71.43412	2023	July	West End	8
90	2023-07-18	897051	18:15:00	Bicycle	NA	1	TRUE	FALSE	1	PINE ST	FRIENDSHIP ST	2023-07-18	One-Way Trafficway	Dry	Daylight	Clear	Not a Collision Between Two Motor Vehicles in Transport	No	Traffic Control Signal	4	1	Pain Reported	NA	41.81638	-71.41587	FALSE	FALSE	Pine Street and Friendship Street, Providence, RI, USA	NA	Raw	distance greater than 100m	TRUE	41.81638	-71.41587	2023	July	Upper South Providence	11
91	2023-07-20	897103	15:14:00	Pedestrian	1	NA	FALSE	FALSE	1	DUDLEY ST.	DUDLEY ST EXIT 19	2023-07-20	Two-Way , Not Divided	Dry	Daylight	Clear	Not a Collision Between Two Motor Vehicles in Transport	Yes	No Controls	1	1	Pain Reported	NA	41.81079	-71.40731	FALSE	FALSE	Dudley St. and Dudley Street Exit 19, Providence, RI, USA	NA	Raw	distance greater than 100m	TRUE	41.81079	-71.40731	2023	July	Upper South Providence	11
92	2023-07-21	897118	00:57:00	Pedestrian	1	NA	FALSE	FALSE	1	29 Elmwood Ave	Arch Street	2023-07-21	Two-Way , Not Divided	Dry	Dark - Lighted	Clear	Not a Collision Between Two Motor Vehicles in Transport	Yes	No Controls	2	1	Incapacitating	NA	41.81196	-71.42265	TRUE	FALSE	29 Elmwood Ave, Providence, RI, USA	NA	Raw	NA	FALSE	41.81196	-71.42265	2023	July	West End	11
93	2023-07-24	897268	17:46:00	Bicycle	NA	1	FALSE	FALSE	1	WESTMINSTER ST	SERVICE ROAD 7	2023-07-24	One-Way Trafficway	Dry	Daylight	Clear	Not a Collision Between Two Motor Vehicles in Transport	No	Traffic Control Signal	2	1	Pain Reported	NA	41.81881	-71.41883	FALSE	FALSE	Westminster Street and Service Road 7, Providence, RI, USA	NA	Raw	NA	FALSE	41.81881	-71.41883	2023	July	Federal Hill	11
94	2023-07-24	897267	17:46:00	Bicycle	NA	1	TRUE	FALSE	1	CALDER ST	GREENWICH ST	2023-07-24	Two-Way , Not Divided	Dry	Daylight	Clear	Not a Collision Between Two Motor Vehicles in Transport	No	Pavement Markings	3	1	Pain Reported	NA	41.80225	-71.42992	FALSE	FALSE	Calder Street and Greenwich Street, Providence, RI, USA	NA	Raw	NA	FALSE	41.80225	-71.42992	2023	July	West End	8
95	2023-07-24	897252	10:00:00	Bicycle	NA	1	FALSE	FALSE	1	BROAD ST	BROAD ST	2023-07-24	Two-Way , Not Divided	Dry	Daylight	Clear	Rear End(Front-to-Rear)	No	Traffic Control Signal	3	1	Non-Incapacitating	NA	41.79217	-71.40717	FALSE	FALSE	Broad Street and Broad Street, Providence, RI, USA	NA	Raw	distance greater than 100m	TRUE	41.79217	-71.40717	2023	July	Washington Park	10