row_number	crash_date	crash_report_id	crash_time	collision_type	count_pedestrian	count_bicycle	scooter	wheel_chair	number_of_vehicles	street_or_highway	nearest_intersection	report_date	type_of_roadway	road_surface_condition	light_condition	weather_condition	manner_of_impact	hit_and_run	traffic_control	person_count	injury_count	most_serious_injury	number_of_lanes	lat_raw	lon_raw	has_st_number	is_intersection_null	address_sent_to_geocoder	api_coord_conf	best_coordinate_set	reason_for_qa	manually_qaed_record	final_lat	final_lon	year	month	pvd_nhood	pvd_wards
96	2023-07-26	897323	12:35:00	Bicycle	NA	1	FALSE	FALSE	1	ELMWOOD AVE	ARCH ST	2023-07-26	Two-Way, Divided, Unprotected (painted>4feet) Medium	Dry	Daylight	Clear	Not a Collision Between Two Motor Vehicles in Transport	Yes	No Controls	1	1	Pain Reported	NA	41.81207	-71.42257	FALSE	FALSE	Elmwood Ave and Arch Street, Providence, RI, USA	NA	Raw	NA	FALSE	41.81207	-71.42257	2023	July	West End	11
97	2023-07-26	897322	12:37:00	Other	1	NA	TRUE	FALSE	1	11 POINT ST	EDDY ST	2023-07-26	Two-Way, Divided, Positive Median Barrier	Dry	Daylight	Clear	Angle (Front - to - Side) Right Angle (Includes Broadside)	No	No Controls	4	1	Pain Reported	NA	41.80523	-71.58683	TRUE	FALSE	11 Point Street, Providence, RI, USA	NA	Geocoded	distance greater than 100m	TRUE	41.8176778	-71.4048346	2023	July	Downtown	1
98	2023-07-26	897328	12:18:00	Pedestrian	1	NA	FALSE	FALSE	1	HUNTINGTON AVE	STATE HWY 10 S	2023-07-26	One-Way Trafficway	Dry	Daylight	Clear	Not a Collision Between Two Motor Vehicles in Transport	No	No Controls	3	1	Pain Reported	NA	41.80462	-71.44098	FALSE	FALSE	Huntington Ave and State Hwy 10 S, Providence, RI, USA	NA	Raw	distance greater than 100m	TRUE	41.80462	-71.44098	2023	July	Silver Lake	15
99	2023-07-27	897379	11:52:00	Bicycle	NA	1	FALSE	FALSE	1	PROMENADE ST	PARK ST	2023-07-27	One-Way Trafficway	Dry	Daylight	Clear	Angle (Front - to - Side) Right Angle (Includes Broadside)	No	No Controls	3	1	Pain Reported	NA	41.82786	-71.41768	FALSE	FALSE	Promenade Street and Park Street, Providence, RI, USA	NA	Raw	NA	FALSE	41.82786	-71.41768	2023	July	Downtown	12
100	2023-07-29	898461	21:31:00	Bicycle	NA	1	FALSE	FALSE	1	PEKIN STREET	CHALKSTONE AVE	2023-07-29	Two-Way, Divided, Unprotected (painted>4feet) Medium	Wet	Dark - Lighted	Rain	Not a Collision Between Two Motor Vehicles in Transport	No	Traffic Control Signal	2	0	No Injury	NA	41.83521	-71.42565	FALSE	FALSE	Pekin Street and Chalkstone Ave, Providence, RI, USA	NA	Geocoded	distance greater than 100m	TRUE	41.8356376	-71.4241584	2023	July	Smith Hill	12
101	2023-07-30	898479	10:50:00	Pedestrian	1	NA	FALSE	FALSE	1	DORRANCE ST	EXCHANGE TER	2023-07-30	Two-Way, Divided, Positive Median Barrier	Dry	Daylight	Clear	Not a Collision Between Two Motor Vehicles in Transport	No	Traffic Control Signal	4	1	Pain Reported	NA	41.8248	-71.41404	FALSE	FALSE	Dorrance Street and Exchange Ter, Providence, RI, USA	NA	Neither	distance greater than 100m	TRUE	41.824915	-71.414537	2023	July	Downtown	1
102	2023-08-01	898550	16:06:00	Bicycle	NA	1	FALSE	FALSE	1	BROADWAY	BRADFORD ST	2023-08-01	Two-Way , Not Divided	Dry	Daylight	Clear	Not a Collision Between Two Motor Vehicles in Transport	No	No Controls	3	1	Pain Reported	2	NA	NA	FALSE	FALSE	Broadway and Bradford Street, Providence, RI, USA	NA	Geocoded	raw coords null but geocoded coords found	TRUE	41.8215395	-71.42201969999999	2023	August	Federal Hill	13
103	2023-08-04	898653	17:38:00	Bicycle	NA	1	FALSE	FALSE	1	N MAIN ST	SMITHFIELD AVE	2023-08-04	Two-Way, Divided, Unprotected (painted>4feet) Medium	Dry	Dawn	Clear	Sideswipe, Same Direction	No	Flashing Traffic Control Signal	3	1	Pain Reported	NA	41.85336	-71.40114	FALSE	FALSE	N Main Street and Smithfield Ave, Providence, RI, USA	NA	Raw	NA	FALSE	41.85336	-71.40114	2023	August	Hope	3
104	2023-08-04	898635	07:31:00	Bicycle	NA	1	TRUE	FALSE	1	741 RIVER AVE	REGENT AVE	2023-08-04	Two-Way, Divided, Unprotected (painted>4feet) Medium	Dry	Daylight	Clear	Angle (Front - to - Side) Right Angle (Includes Broadside)	No	No Controls	7	1	Pain Reported	NA	41.83017	-71.43678	TRUE	FALSE	741 River Ave, Providence, RI, USA	NA	Raw	distance greater than 100m	TRUE	41.83017	-71.43678	2023	August	Valley	12
105	2023-08-05	898691	16:04:00	Pedestrian	1	NA	FALSE	FALSE	1	SALISBURY ST	PLAIN ST	2023-08-05	Two-Way , Not Divided	Dry	Daylight	Clear	Not a Collision Between Two Motor Vehicles in Transport	Yes	No Controls	2	1	Pain Reported	NA	41.80586	-71.40969	FALSE	FALSE	Salisbury Street and Plain Street, Providence, RI, USA	NA	Raw	NA	FALSE	41.80586	-71.40969	2023	August	Lower South Providence	11
106	2023-08-05	898680	11:10:00	Pedestrian	1	NA	TRUE	FALSE	1	PLAINFIELD ST	ATWOOD ST	2023-08-05	Two-Way , Not Divided	Dry	Daylight	Clear	Not a Collision Between Two Motor Vehicles in Transport	No	No Controls	3	1	Pain Reported	NA	41.81608	-71.44488	FALSE	FALSE	Plainfield Street and Atwood Street, Providence, RI, USA	NA	Raw	NA	FALSE	41.81608	-71.44488	2023	August	Olneyville	15
107	2023-08-06	898721	13:14:00	Bicycle	NA	1	FALSE	FALSE	1	DORRANCE ST	WASHINGTON ST	2023-08-06	Two-Way , Not Divided	Dry	Daylight	Clear	Not a Collision Between Two Motor Vehicles in Transport	No	No Controls	3	1	Pain Reported	NA	41.82466	-71.41322	FALSE	FALSE	Dorrance Street and Washington Street, Providence, RI, USA	NA	Raw	NA	FALSE	41.82466	-71.41322	2023	August	Downtown	1
108	2023-08-06	898714	08:52:00	Pedestrian	1	NA	TRUE	FALSE	1	CHALKSTONE AVE	RIVER AVE	2023-08-06	Two-Way , Not Divided	Dry	Daylight	Clear	Not a Collision Between Two Motor Vehicles in Transport	No	Traffic Control Signal	3	1	Pain Reported	NA	41.83258	-71.43854	FALSE	FALSE	Chalkstone Ave and River Ave, Providence, RI, USA	NA	Raw	NA	FALSE	41.83258	-71.43854	2023	August	Elmhurst	12
109	2023-08-07	898763	15:35:00	Bicycle	NA	NA	FALSE	FALSE	3	COLFAX ST	GORDON AVE	2023-08-07	Two-Way , Not Divided	Dry	Daylight	Clear	Sideswipe, Same Direction	No	No Controls	3	1	Pain Reported	NA	41.79888	-71.41549	FALSE	FALSE	Colfax Street and Gordon Ave, Providence, RI, USA	NA	Geocoded	distance greater than 100m	TRUE	41.7992087	-71.4138321	2023	August	Lower South Providence	10
110	2023-08-09	898827	18:11:00	Pedestrian	1	NA	TRUE	FALSE	1	OAKLAND AVE	SMITH ST	2023-08-09	Two-Way , Not Divided	Dry	Daylight	Clear	Not a Collision Between Two Motor Vehicles in Transport	No	No Controls	3	1	Non-Incapacitating	NA	41.83623	-71.43046	FALSE	FALSE	Oakland Ave and Smith Street, Providence, RI, USA	NA	Raw	NA	FALSE	41.83623	-71.43046	2023	August	Elmhurst	12
111	2023-08-10	898859	15:41:00	Pedestrian	1	NA	FALSE	FALSE	1	ELMWOOD AVE.	LONGFELLOW ST	2023-08-10	Unknown	Dry	Daylight	Clear	Not a Collision Between Two Motor Vehicles in Transport	No	No Controls	3	1	Pain Reported	NA	41.79065	-71.42218	FALSE	FALSE	Elmwood Ave. and Longfellow Street, Providence, RI, USA	NA	Raw	NA	FALSE	41.79065	-71.42218	2023	August	Elmwood	8
112	2023-08-12	898922	15:05:00	Bicycle	NA	1	FALSE	FALSE	1	WICKENDEN ST	S MAIN ST	2023-08-12	Two-Way, Divided, Positive Median Barrier	Dry	Daylight	Clear	Not a Collision Between Two Motor Vehicles in Transport	No	Traffic Control Signal	2	1	Pain Reported	NA	41.81908	-71.40106	FALSE	FALSE	Wickenden Street and S Main Street, Providence, RI, USA	NA	Raw	NA	FALSE	41.81908	-71.40106	2023	August	Fox Point	1
113	2023-08-13	898988	23:02:00	Pedestrian	1	NA	TRUE	FALSE	1	HARTFORD AVE	US HWY 6 E	2023-08-13	Two-Way, Divided, Unprotected (painted>4feet) Medium	Dry	Dark - Lighted	Cloudy	Not a Collision Between Two Motor Vehicles in Transport	Yes	No Controls	2	1	Pain Reported	NA	41.81713	-71.44856	FALSE	FALSE	Hartford Ave and Us Hwy 6 E, Providence, RI, USA	NA	Raw	distance greater than 100m	TRUE	41.81713	-71.44856	2023	August	Hartford	7
114	2023-08-14	899013	19:32:00	Pedestrian	1	NA	FALSE	FALSE	1	HOPE ST	GLENDALE AVE	2023-08-14	Two-Way , Not Divided	Dry	Dawn	Cloudy	Not a Collision Between Two Motor Vehicles in Transport	No	No Controls	2	1	Pain Reported	NA	41.84739	-71.39582	FALSE	FALSE	Hope Street and Glendale Ave, Providence, RI, USA	NA	Raw	NA	FALSE	41.84739	-71.39582	2023	August	Hope	3
115	2023-08-14	899010	17:06:00	Pedestrian	1	NA	TRUE	FALSE	1	TRENTON ST	IVES ST	2023-08-14	Two-Way , Not Divided	Dry	Daylight	Clear	Not a Collision Between Two Motor Vehicles in Transport	No	Stop Signs	2	1	Pain Reported	NA	41.82096	-71.3919	FALSE	FALSE	Trenton Street and Ives Street, Providence, RI, USA	NA	Raw	NA	FALSE	41.82096	-71.3919	2023	August	Fox Point	1
116	2023-08-15	899062	20:51:00	Bicycle	NA	1	FALSE	FALSE	1	FORD ST	DEXTER ST	2023-08-15	Two-Way , Not Divided	Wet	Dark - Lighted	Cloudy	Not a Collision Between Two Motor Vehicles in Transport	No	Stop Signs	4	1	Pain Reported	NA	41.80864	-71.42816	FALSE	FALSE	Ford Street and Dexter Street, Providence, RI, USA	NA	Raw	NA	FALSE	41.80864	-71.42816	2023	August	West End	8
117	2023-08-16	899085	16:57:00	Bicycle	NA	1	FALSE	FALSE	1	CHARLES ST	CANAL ST	2023-08-16	Two-Way , Not Divided	Dry	Daylight	Cloudy	Not a Collision Between Two Motor Vehicles in Transport	No	No Controls	3	0	No Injury	4	41.83321	-71.41131	FALSE	FALSE	Charles Street and Canal Street, Providence, RI, USA	NA	Raw	distance greater than 100m	TRUE	41.83321	-71.41131	2023	August	Downtown	3
118	2023-08-17	899107	09:57:00	Bicycle	NA	1	FALSE	FALSE	1	OLNEY ST	BROWN ST	2023-08-17	Two-Way , Not Divided	Dry	Daylight	Clear	Not a Collision Between Two Motor Vehicles in Transport	No	Stop Signs	3	1	Pain Reported	NA	41.8356	-71.40544	FALSE	FALSE	Olney Street and Brown Street, Providence, RI, USA	NA	Raw	NA	FALSE	41.8356	-71.40544	2023	August	College Hill	2
119	2023-08-19	899153	19:45:00	Pedestrian	1	NA	TRUE	FALSE	1	Dexter Street	Daboll Street	2023-08-19	Two-Way , Not Divided	Dry	Daylight	Clear	Not a Collision Between Two Motor Vehicles in Transport	Yes	No Controls	1	1	Pain Reported	NA	41.80404	-71.43016	FALSE	FALSE	Dexter Street and Daboll Street, Providence, RI, USA	NA	Raw	NA	FALSE	41.80404	-71.43016	2023	August	West End	8
120	2023-08-21	899211	14:06:00	Pedestrian	1	NA	FALSE	FALSE	1	325 VALLEY ST	ATWELLS AVE	2023-08-21	Two-Way , Not Divided	Dry	Daylight	Clear	Not a Collision Between Two Motor Vehicles in Transport	No	No Controls	3	1	Non-Incapacitating	NA	41.50747	-71.32858	TRUE	FALSE	325 Valley Street, Providence, RI, USA	NA	Neither	distance greater than 100m	TRUE	41.824692	-71.439452	2023	August	Valley	12
121	2023-08-22	899230	08:53:00	Bicycle	NA	1	FALSE	FALSE	1	ANGELL ST	WAYLAND AVE	2023-08-22	Two-Way , Not Divided	Dry	Daylight	Clear	Head-On (Front - to - Front)	No	Traffic Control Signal	2	1	Pain Reported	NA	41.83015	-71.3879	FALSE	FALSE	Angell Street and Wayland Ave, Providence, RI, USA	NA	Raw	NA	FALSE	41.83015	-71.3879	2023	August	Wayland	1
122	2023-08-25	899377	12:43:00	Pedestrian	1	NA	FALSE	FALSE	1	DORRANCE ST	WESTMINSTER ST	2023-08-25	Two-Way , Not Divided	Wet	Daylight	Rain	Not a Collision Between Two Motor Vehicles in Transport	No	No Controls	3	1	Pain Reported	NA	41.82363	-71.4117	FALSE	FALSE	Dorrance Street and Westminster Street, Providence, RI, USA	NA	Raw	NA	FALSE	41.82363	-71.4117	2023	August	Downtown	1
123	2023-08-27	899434	00:46:00	Bicycle	NA	1	FALSE	FALSE	1	ANDERSON ST	MANTON AVE	2023-08-27	Two-Way, Divided, Unprotected (painted>4feet) Medium	Dry	Dark - Lighted	Clear	Not a Collision Between Two Motor Vehicles in Transport	Yes	No Controls	1	1	Non-Incapacitating	NA	41.8227	-71.45018	FALSE	FALSE	Anderson Street and Manton Ave, Providence, RI, USA	NA	Raw	NA	FALSE	41.8227	-71.45018	2023	August	Olneyville	15
124	2023-08-27	899461	14:32:00	Bicycle	NA	NA	FALSE	FALSE	3	LEXINGTON AVE	ELMWOOD AVE	2023-08-27	Two-Way , Not Divided	Dry	Daylight	Clear	Not a Collision Between Two Motor Vehicles in Transport	No	No Controls	4	0	No Injury	NA	41.79758	-71.42435	FALSE	FALSE	Lexington Ave and Elmwood Ave, Providence, RI, USA	NA	Geocoded	distance greater than 100m	TRUE	41.7971966	-71.4257154	2023	August	West End	9
125	2023-08-27	899462	20:46:00	Pedestrian	1	NA	FALSE	FALSE	1	ATWELLS AVE	VALLEY ST	2023-08-27	Two-Way, Divided, Unprotected (painted>4feet) Medium	Dry	Dark - Lighted	Clear	Not a Collision Between Two Motor Vehicles in Transport	Yes	Traffic Control Signal	1	1	Pain Reported	NA	41.82456	-71.43948	FALSE	FALSE	Atwells Ave and Valley Street, Providence, RI, USA	NA	Raw	NA	FALSE	41.82456	-71.43948	2023	August	Olneyville	15
126	2023-08-28	899493	16:20:00	Bicycle	NA	1	FALSE	FALSE	1	BROAD ST.	FENNER ST	2023-08-28	Two-Way , Not Divided	Dry	Daylight	Clear	Not a Collision Between Two Motor Vehicles in Transport	No	Stop Signs	3	0	No Injury	NA	41.81834	-71.4159	FALSE	FALSE	Broad St. and Fenner Street, Providence, RI, USA	NA	Raw	NA	FALSE	41.81834	-71.4159	2023	August	Downtown	1
127	2023-08-29	899541	21:40:00	Pedestrian	1	NA	FALSE	FALSE	1	237 Union Ave	Priscilla Ave	2023-08-29	Two-Way , Not Divided	Wet	Dark - Lighted	Rain	Not a Collision Between Two Motor Vehicles in Transport	No	No Controls	3	1	Pain Reported	NA	41.80759	-71.44466	TRUE	FALSE	237 Union Ave, Providence, RI, USA	NA	Raw	NA	FALSE	41.80759	-71.44466	2023	August	Silver Lake	15
128	2023-08-30	899570	17:52:00	Pedestrian	1	NA	FALSE	FALSE	1	BROAD STREET	CALLA ST	2023-08-30	Two-Way , Not Divided	Dry	Daylight	Clear	Not a Collision Between Two Motor Vehicles in Transport	No	No Controls	3	1	Pain Reported	NA	41.78992	-71.40493	FALSE	FALSE	Broad Street and Calla Street, Providence, RI, USA	NA	Raw	NA	FALSE	41.78992	-71.40493	2023	August	Washington Park	10
129	2023-08-31	899625	23:02:00	Bicycle	NA	1	FALSE	FALSE	1	Union Ave	Cumerford Street	2023-08-31	Two-Way , Not Divided	Dry	Dark - Lighted	Clear	Not a Collision Between Two Motor Vehicles in Transport	Yes	No Controls	1	1	Pain Reported	NA	41.808	-71.44303	FALSE	FALSE	Union Ave and Cumerford Street, Providence, RI, USA	NA	Raw	NA	FALSE	41.808	-71.44303	2023	August	Silver Lake	15
130	2023-08-31	899619	18:43:00	Bicycle	NA	1	FALSE	FALSE	1	SUPERIOR ST.	WARE CT	2023-08-31	Two-Way , Not Divided	Dry	Daylight	Clear	Not a Collision Between Two Motor Vehicles in Transport	No	No Controls	3	0	No Injury	NA	41.80975	-71.43008	FALSE	FALSE	Superior St. and Ware Ct, Providence, RI, USA	NA	Raw	NA	FALSE	41.80975	-71.43008	2023	August	West End	8
131	2023-09-02	899690	16:05:00	Bicycle	NA	1	FALSE	FALSE	1	PINE ST	SOMERSET ST	2023-09-02	Two-Way , Not Divided	Dry	Daylight	Clear	Angle (Front - to - Side) Right Angle (Includes Broadside)	Yes	Stop Signs	1	1	Pain Reported	NA	41.81243	-71.41962	FALSE	FALSE	Pine Street and Somerset Street, Providence, RI, USA	NA	Raw	NA	FALSE	41.81243	-71.41962	2023	September	Upper South Providence	11
132	2023-09-02	899684	13:44:00	Pedestrian	1	NA	FALSE	FALSE	1	BROADWAY	KNIGHT ST	2023-09-02	Two-Way , Not Divided	Dry	Daylight	Clear	Not a Collision Between Two Motor Vehicles in Transport	Yes	Traffic Control Signal	2	1	Pain Reported	NA	41.8198	-71.42936	FALSE	FALSE	Broadway and Knight Street, Providence, RI, USA	NA	Raw	NA	FALSE	41.8198	-71.42936	2023	September	Federal Hill	13
133	2023-09-02	899701	17:21:00	Bicycle	NA	1	FALSE	FALSE	1	PLAINFIELD ST	EDNA ST	2023-09-02	One-Way Trafficway	Dry	Daylight	Clear	Not a Collision Between Two Motor Vehicles in Transport	Yes	No Controls	1	0	No Injury	NA	41.81567	-71.44554	FALSE	FALSE	Plainfield Street and Edna Street, Providence, RI, USA	NA	Raw	NA	FALSE	41.81567	-71.44554	2023	September	Olneyville	15
134	2023-09-04	899748	18:11:00	Bicycle	NA	1	FALSE	FALSE	1	CUSHING ST	HOPE ST	2023-09-04	Two-Way , Not Divided	Dry	Daylight	Clear	Not a Collision Between Two Motor Vehicles in Transport	No	Pavement Markings	3	1	Pain Reported	NA	41.83018	-71.39871	FALSE	FALSE	Cushing Street and Hope Street, Providence, RI, USA	NA	Raw	NA	FALSE	41.83018	-71.39871	2023	September	College Hill	2
135	2023-09-06	899801	12:05:00	Other	1	NA	TRUE	FALSE	1	Pleasant Valley Pkwy	CONVENT ST	2023-09-06	Two-Way , Not Divided	Dry	Daylight	Clear	Not a Collision Between Two Motor Vehicles in Transport	Yes	No Controls	1	1	Pain Reported	2	41.83649	-71.43283	FALSE	FALSE	Pleasant Valley Pkwy and Convent Street, Providence, RI, USA	NA	Raw	NA	FALSE	41.83649	-71.43283	2023	September	Elmhurst	12
136	2023-09-06	899813	10:54:00	Pedestrian	1	NA	FALSE	FALSE	1	EMPIRE ST	WASHINGTON ST	2023-09-06	Two-Way , Not Divided	Dry	Daylight	Clear	Not a Collision Between Two Motor Vehicles in Transport	No	No Controls	4	1	Pain Reported	NA	41.82146	-71.41597	FALSE	FALSE	Empire Street and Washington Street, Providence, RI, USA	NA	Raw	NA	FALSE	41.82146	-71.41597	2023	September	Downtown	1
137	2023-09-06	899823	18:05:00	Pedestrian	1	NA	FALSE	FALSE	1	JAMES ST	S WATER ST	2023-09-06	One-Way Trafficway	Dry	Daylight	Clear	Not a Collision Between Two Motor Vehicles in Transport	No	No Controls	2	0	No Injury	2	41.82083	-71.40371	FALSE	FALSE	James Street and S Water Street, Providence, RI, USA	NA	Raw	NA	FALSE	41.82083	-71.40371	2023	September	Fox Point	1
138	2023-09-08	899892	15:23:00	Pedestrian	1	NA	FALSE	FALSE	1	THURBERS AVE	RUGBY ST	2023-09-08	Two-Way , Not Divided	Dry	Daylight	Clear	Not a Collision Between Two Motor Vehicles in Transport	No	Pavement Markings	2	1	Pain Reported	NA	41.79963	-71.40726	FALSE	FALSE	Thurbers Ave and Rugby Street, Providence, RI, USA	NA	Raw	NA	FALSE	41.79963	-71.40726	2023	September	Lower South Providence	10
139	2023-09-08	899903	18:22:00	Bicycle	NA	1	TRUE	FALSE	1	MAWNEY ST	BUCKLIN ST	2023-09-08	Two-Way , Not Divided	Dry	Dusk	Clear	Not a Collision Between Two Motor Vehicles in Transport	No	Pavement Markings	4	1	Pain Reported	NA	41.80354	-71.4277	FALSE	FALSE	Mawney Street and Bucklin Street, Providence, RI, USA	NA	Raw	NA	FALSE	41.80354	-71.4277	2023	September	West End	8
140	2023-09-09	899944	21:45:00	Bicycle	NA	1	FALSE	FALSE	1	WESTMINSTER ST	DORRANCE ST	2023-09-09	One-Way Trafficway	Dry	Dark - Lighted	Cloudy	Not a Collision Between Two Motor Vehicles in Transport	No	Traffic Control Signal	4	1	Non-Incapacitating	NA	41.82361	-71.41167	FALSE	FALSE	Westminster Street and Dorrance Street, Providence, RI, USA	NA	Raw	NA	FALSE	41.82361	-71.41167	2023	September	Downtown	1
141	2023-09-09	899942	20:12:00	Pedestrian	1	NA	FALSE	FALSE	1	Broad St.	PARKIS AVE	2023-09-09	Two-Way , Not Divided	Dry	Dark - Lighted	Clear	Not a Collision Between Two Motor Vehicles in Transport	No	No Controls	2	1	Non-Incapacitating	NA	41.80869	-71.42071	FALSE	FALSE	Broad St. and Parkis Ave, Providence, RI, USA	NA	Raw	NA	FALSE	41.80869	-71.42071	2023	September	Elmwood	11
142	2023-09-10	899965	09:27:00	Bicycle	NA	1	FALSE	FALSE	1	CHAD BROWN ST	DOUGLAS AVE	2023-09-10	Two-Way , Not Divided	Dry	Daylight	Cloudy	Not a Collision Between Two Motor Vehicles in Transport	No	Traffic Control Signal	2	1	Pain Reported	NA	41.83925	-71.42583	FALSE	FALSE	Chad Brown Street and Douglas Ave, Providence, RI, USA	NA	Raw	NA	FALSE	41.83925	-71.42583	2023	September	Smith Hill	12
143	2023-09-12	900034	10:50:00	Pedestrian	1	NA	FALSE	FALSE	1	101 dudley st	GAY ST	2023-09-12	One-Way Trafficway	Dry	Daylight	Cloudy	Not a Collision Between Two Motor Vehicles in Transport	No	Person	3	1	Pain Reported	NA	41.81007	-71.4125	TRUE	FALSE	101 Dudley Street, Providence, RI, USA	NA	Raw	distance greater than 100m	TRUE	41.81007	-71.4125	2023	September	Upper South Providence	11
144	2023-09-12	900031	08:53:00	Bicycle	NA	1	TRUE	FALSE	1	Barbara Street	Glenbridge Ave	2023-09-12	Two-Way , Not Divided	Dry	Daylight	Clear	Not a Collision Between Two Motor Vehicles in Transport	No	Stop Signs	3	1	Pain Reported	NA	41.82084	-71.46087	FALSE	FALSE	Barbara Street and Glenbridge Ave, Providence, RI, USA	NA	Raw	NA	FALSE	41.82084	-71.46087	2023	September	Hartford	7
145	2023-09-12	900052	20:45:00	Bicycle	NA	1	FALSE	FALSE	1	Union Ave	Webster Ave	2023-09-12	Two-Way , Not Divided	Dry	Dark - Lighted	Clear	Not a Collision Between Two Motor Vehicles in Transport	No	Traffic Control Signal	2	1	Pain Reported	NA	41.80683	-71.44755	FALSE	FALSE	Union Ave and Webster Ave, Providence, RI, USA	NA	Raw	NA	FALSE	41.80683	-71.44755	2023	September	Silver Lake	15
146	2023-09-13	900116	01:26:00	Pedestrian	1	NA	FALSE	FALSE	1	HARTFORD AVE	OLNEYVILLE SQ	2023-09-14	One-Way Trafficway	Dry	Dark - Lighted	Cloudy	Not a Collision Between Two Motor Vehicles in Transport	No	Traffic Control Signal	2	0	No Injury	NA	41.81669	-71.44393	FALSE	FALSE	Hartford Ave and Olneyville Sq, Providence, RI, USA	NA	Raw	NA	FALSE	41.81669	-71.44393	2023	September	Olneyville	15
147	2023-09-13	900084	16:17:00	Bicycle	NA	1	FALSE	FALSE	1	E GEORGE ST	GANO ST	2023-09-13	Two-Way , Not Divided	Dry	Daylight	Clear	Not a Collision Between Two Motor Vehicles in Transport	No	No Controls	3	1	Non-Incapacitating	NA	41.82587	-71.3904	FALSE	FALSE	E George Street and Gano Street, Providence, RI, USA	NA	Raw	NA	FALSE	41.82587	-71.3904	2023	September	Fox Point	1
148	2023-09-14	900118	17:11:00	Pedestrian	1	NA	FALSE	FALSE	1	SILVER SPRING ST.	DE PINEDO ST	2023-09-14	Two-Way , Not Divided	Dry	Daylight	Clear	Not a Collision Between Two Motor Vehicles in Transport	No	No Controls	2	1	Pain Reported	NA	41.85494	-71.41167	FALSE	FALSE	Silver Spring St. and De Pinedo Street, Providence, RI, USA	NA	Raw	NA	FALSE	41.85494	-71.41167	2023	September	Charles	4
149	2023-09-15	900134	12:45:00	Pedestrian	1	NA	FALSE	FALSE	1	GEORGE ST	BROOK ST	2023-09-15	Two-Way , Not Divided	Dry	Daylight	Clear	Not a Collision Between Two Motor Vehicles in Transport	No	Stop Signs	2	1	Pain Reported	NA	41.82561	-71.39913	FALSE	FALSE	George Street and Brook Street, Providence, RI, USA	NA	Raw	NA	FALSE	41.82561	-71.39913	2023	September	College Hill	1
150	2023-09-15	900132	08:11:00	Pedestrian	1	NA	FALSE	FALSE	1	WEYBOSSET ST	BROAD ST	2023-09-15	Two-Way , Not Divided	Dry	Daylight	Clear	Not a Collision Between Two Motor Vehicles in Transport	Yes	Pavement Markings	2	1	Pain Reported	NA	41.82009	-71.41428	FALSE	FALSE	Weybosset Street and Broad Street, Providence, RI, USA	NA	Raw	NA	FALSE	41.82009	-71.41428	2023	September	Downtown	1
151	2023-09-16	900163	01:49:00	Pedestrian	1	NA	FALSE	FALSE	1	ATWELLS AVE	DE PASQUALE AVE	2023-09-16	Two-Way, Divided, Unprotected (painted>4feet) Medium	Dry	Dark - Lighted	Cloudy	Not a Collision Between Two Motor Vehicles in Transport	Yes	No Controls	2	1	Non-Incapacitating	NA	41.82356	-71.42642	FALSE	FALSE	Atwells Ave and De Pasquale Ave, Providence, RI, USA	NA	Raw	NA	FALSE	41.82356	-71.42642	2023	September	Federal Hill	13
152	2023-09-17	900221	17:02:00	Bicycle	NA	1	TRUE	FALSE	1	OAKLAND AVE	SMITH ST	2023-09-17	Two-Way , Not Divided	Dry	Daylight	Clear	Not a Collision Between Two Motor Vehicles in Transport	No	Pavement Markings	2	1	Pain Reported	NA	41.83623	-71.43046	FALSE	FALSE	Oakland Ave and Smith Street, Providence, RI, USA	NA	Raw	NA	FALSE	41.83623	-71.43046	2023	September	Elmhurst	12
153	2023-09-18	900261	13:05:00	Pedestrian	1	NA	FALSE	FALSE	1	WASHINGTON ST	MEMORIAL BLVD	2023-09-18	Two-Way, Divided, Positive Median Barrier	Wet	Daylight	Rain	Not a Collision Between Two Motor Vehicles in Transport	No	Traffic Control Signal	3	1	Non-Incapacitating	NA	41.82635	-71.41015	FALSE	FALSE	Washington Street and Memorial Blvd, Providence, RI, USA	NA	Raw	NA	FALSE	41.82635	-71.41015	2023	September	Downtown	1
154	2023-09-18	900285	21:48:00	Pedestrian	1	NA	FALSE	FALSE	1	460 CHARLES ST	NA	2023-09-18	Unknown	Wet	Dark - Lighted	Rain	Not a Collision Between Two Motor Vehicles in Transport	No	No Controls	2	1	Pain Reported	NA	NA	NA	TRUE	TRUE	460 Charles Street, Providence, RI, USA	NA	Neither	raw coords null but geocoded coords found	TRUE	41.84681	-71.41936	2023	September	Charles	4
155	2023-09-19	900288	07:08:00	Pedestrian	1	NA	FALSE	FALSE	1	MANTON AVE	ATWELLS AVE	2023-09-19	Two-Way , Not Divided	Dry	Daylight	Clear	Not a Collision Between Two Motor Vehicles in Transport	No	Pavement Markings	2	1	Pain Reported	NA	41.82537	-71.45466	FALSE	FALSE	Manton Ave and Atwells Ave, Providence, RI, USA	NA	Raw	NA	FALSE	41.82537	-71.45466	2023	September	Olneyville	6