row_number	crash_date	crash_report_id	crash_time	collision_type	count_pedestrian	count_bicycle	scooter	wheel_chair	number_of_vehicles	street_or_highway	nearest_intersection	report_date	type_of_roadway	road_surface_condition	light_condition	weather_condition	manner_of_impact	hit_and_run	traffic_control	person_count	injury_count	most_serious_injury	number_of_lanes	lat_raw	lon_raw	has_st_number	is_intersection_null	address_sent_to_geocoder	api_coord_conf	best_coordinate_set	reason_for_qa	manually_qaed_record	final_lat	final_lon	year	month	pvd_nhood	pvd_wards
99	2024-05-24	911589	16:20:00	Pedestrian	1	NA	FALSE	FALSE	1	ELMWOOD AVE	ELMWOOD AVE	2024-05-24	Two-Way , Not Divided	Dry	Daylight	Clear	Not a Collision Between Two Motor Vehicles in Transport	No	Pavement Markings	2	1	Pain Reported	NA	41.80698	-71.42488	FALSE	FALSE	Elmwood Ave and Elmwood Ave, Providence, RI, USA	NA	Raw	distance greater than 100m	TRUE	41.80698	-71.42488	2024	May	West End	9
100	2024-05-25	911629	16:47:00	Pedestrian	1	NA	TRUE	FALSE	1	TROY ST	DIKE ST	2024-05-25	Two-Way , Not Divided	Dry	Daylight	Clear	Not a Collision Between Two Motor Vehicles in Transport	Yes	Stop Signs	2	1	Pain Reported	NA	41.81561	-71.44149	FALSE	FALSE	Troy Street and Dike Street, Providence, RI, USA	NA	Raw	NA	FALSE	41.81561	-71.44149	2024	May	Olneyville	15
101	2024-05-25	911630	17:06:00	Pedestrian	1	NA	FALSE	FALSE	1	ADELAIDE AVE	BROAD ST	2024-05-25	Two-Way , Not Divided	Dry	Daylight	Clear	Not a Collision Between Two Motor Vehicles in Transport	Yes	Traffic Control Signal	4	1	Pain Reported	NA	41.79885	-71.41547	FALSE	FALSE	Adelaide Ave and Broad Street, Providence, RI, USA	NA	Raw	NA	FALSE	41.79885	-71.41547	2024	May	Elmwood	9
102	2024-05-26	911652	11:50:00	Bicycle	NA	1	FALSE	FALSE	1	ELMWOOD AVE	CONGRESS AVE	2024-05-26	Two-Way , Not Divided	Dry	Daylight	Clear	Not a Collision Between Two Motor Vehicles in Transport	Yes	Pavement Markings	2	1	Pain Reported	NA	41.79854	-71.42629	FALSE	FALSE	Elmwood Ave and Congress Ave, Providence, RI, USA	NA	Raw	NA	FALSE	41.79854	-71.42629	2024	May	West End	9
103	2024-05-28	911692	09:40:00	Bicycle	NA	1	FALSE	FALSE	1	Broad St	LOCKWOOD ST	2024-05-28	Two-Way , Not Divided	Dry	Daylight	Clear	Angle (Front - to - Side) Right Angle (Includes Broadside)	Yes	No Controls	1	1	Pain Reported	NA	41.81539	-71.4206	FALSE	FALSE	Broad Street and Lockwood Street, Providence, RI, USA	NA	Raw	NA	FALSE	41.81539	-71.4206	2024	May	West End	11
104	2024-05-28	911706	15:12:00	Pedestrian	1	NA	FALSE	FALSE	1	DEAN ST	WASHINGTON ST	2024-05-28	Two-Way , Not Divided	Dry	Daylight	Clear	Not a Collision Between Two Motor Vehicles in Transport	No	Stop Signs	2	1	Pain Reported	NA	41.81905	-71.42073	FALSE	FALSE	Dean Street and Washington Street, Providence, RI, USA	NA	Raw	NA	FALSE	41.81905	-71.42073	2024	May	Federal Hill	13
105	2024-05-28	911712	16:45:00	Other	NA	NA	TRUE	FALSE	2	SMITH ST	OAKLAND AVE	2024-05-28	Two-Way, Divided, Unprotected (painted>4feet) Medium	Dry	Daylight	Clear	Sidwswipe, Opposite Direction	Yes	Traffic Control Signal	1	0	No Injury	NA	41.83621	-71.43041	FALSE	FALSE	Smith Street and Oakland Ave, Providence, RI, USA	NA	Raw	NA	FALSE	41.83621	-71.43041	2024	May	Elmhurst	12
106	2024-05-29	911729	07:41:00	Pedestrian	1	NA	FALSE	FALSE	1	Abbott St	Knowles St	2024-05-29	Two-Way , Not Divided	Dry	Daylight	Clear	Not a Collision Between Two Motor Vehicles in Transport	No	No Controls	3	1	Pain Reported	2	NA	NA	FALSE	FALSE	Abbott Street and Knowles Street, Providence, RI, USA	NA	Geocoded	raw coords null but geocoded coords found	TRUE	41.8428505	-71.404744	2024	May	Mount Hope	3
107	2024-05-30	911757	00:28:00	Pedestrian	1	NA	FALSE	FALSE	1	N MAIN ST	RANDALL ST	2024-05-30	Two-Way, Divided, Positive Median Barrier	Dry	Dark - Lighted	Cloudy	Not a Collision Between Two Motor Vehicles in Transport	No	Pavement Markings	2	1	Fatal	NA	41.83799	-71.40962	FALSE	FALSE	N Main Street and Randall Street, Providence, RI, USA	NA	Raw	NA	FALSE	41.83799	-71.40962	2024	May	Mount Hope	3
108	2024-05-30	911782	15:50:00	Bicycle	NA	1	FALSE	FALSE	1	CONGRESS AVE.	BROAD ST	2024-05-30	Two-Way , Not Divided	Dry	Daylight	Clear	Not a Collision Between Two Motor Vehicles in Transport	No	No Controls	2	0	No Injury	NA	41.801	-71.41812	FALSE	FALSE	Congress Ave. and Broad Street, Providence, RI, USA	NA	Raw	NA	FALSE	41.801	-71.41812	2024	May	Elmwood	9
109	2024-05-30	911821	21:28:00	Pedestrian	1	NA	FALSE	FALSE	1	PARK ST	PROMENADE ST	2024-05-31	One-Way Trafficway	Dry	Dark - Lighted	Clear	Not a Collision Between Two Motor Vehicles in Transport	Yes	Other	1	0	Unknown	NA	41.82797	-71.41761	FALSE	FALSE	Park Street and Promenade Street, Providence, RI, USA	NA	Raw	NA	FALSE	41.82797	-71.41761	2024	May	Downtown	12
110	2024-05-31	911809	14:34:00	Other	NA	NA	TRUE	FALSE	1	ELMWOOD AVE	PARKIS AVE	2024-05-31	Two-Way, Divided, Unprotected (painted>4feet) Medium	Dry	Daylight	Clear	Not a Collision Between Two Motor Vehicles in Transport	No	No Controls	2	0	No Injury	NA	41.8091	-71.42452	FALSE	FALSE	Elmwood Ave and Parkis Ave, Providence, RI, USA	NA	Raw	NA	FALSE	41.8091	-71.42452	2024	May	West End	11
111	2024-06-01	911852	22:48:00	Pedestrian	1	NA	FALSE	FALSE	1	MESSER ST	CRANSTON ST	2024-06-02	Two-Way, Divided, Unprotected (painted>4feet) Medium	Dry	Dark - Lighted	Clear	Not a Collision Between Two Motor Vehicles in Transport	Yes	Pavement Markings	2	1	Pain Reported	NA	41.80963	-71.43345	FALSE	FALSE	Messer Street and Cranston Street, Providence, RI, USA	NA	Raw	NA	FALSE	41.80963	-71.43345	2024	June	West End	8
112	2024-06-01	913969	21:07:00	Pedestrian	1	NA	FALSE	FALSE	1	WESTMINSTER ST	TOBEY ST	2024-07-05	Two-Way , Not Divided	Dry	Dark - Lighted	Clear	Not a Collision Between Two Motor Vehicles in Transport	Yes	No Controls	1	1	Pain Reported	NA	41.816160000000004	-71.43484	FALSE	FALSE	Westminster Street and Tobey Street, Providence, RI, USA	NA	Raw	NA	FALSE	41.816160000000004	-71.43484	2024	June	West End	13
113	2024-06-02	911863	09:41:00	Bicycle	NA	1	FALSE	FALSE	1	392 Cranston Street	PARADE ST	2024-06-02	Two-Way , Not Divided	Dry	Daylight	Clear	Other	Yes	No Controls	2	1	Pain Reported	NA	41.8118	-71.43114	TRUE	FALSE	392 Cranston Street, Providence, RI, USA	NA	Raw	NA	FALSE	41.8118	-71.43114	2024	June	West End	8
114	2024-06-03	911903	15:03:00	Pedestrian	1	NA	TRUE	FALSE	1	NEWARK ST	VALLEY ST	2024-06-03	Two-Way , Not Divided	Dry	Daylight	Clear	Not a Collision Between Two Motor Vehicles in Transport	No	Traffic Control Signal	3	1	Pain Reported	NA	41.82521	-71.43931	FALSE	FALSE	Newark Street and Valley Street, Providence, RI, USA	NA	Raw	NA	FALSE	41.82521	-71.43931	2024	June	Valley	12
115	2024-06-03	911904	16:02:00	Pedestrian	1	NA	TRUE	FALSE	1	VALLEY ST.	HAROLD ST	2024-06-03	Two-Way , Not Divided	Dry	Daylight	Clear	Not a Collision Between Two Motor Vehicles in Transport	No	Traffic Control Signal	3	1	Pain Reported	NA	41.82674	-71.4379	FALSE	FALSE	Valley St. and Harold Street, Providence, RI, USA	NA	Raw	NA	FALSE	41.82674	-71.4379	2024	June	Valley	12
116	2024-06-04	911941	15:48:00	Pedestrian	1	NA	TRUE	FALSE	1	CHALKSTONE AVE	OAKLAND AVE	2024-06-04	Two-Way , Not Divided	Dry	Daylight	Clear	Not a Collision Between Two Motor Vehicles in Transport	No	No Controls	2	1	Pain Reported	NA	41.83404	-71.43095	FALSE	FALSE	Chalkstone Ave and Oakland Ave, Providence, RI, USA	NA	Raw	NA	FALSE	41.83404	-71.43095	2024	June	Valley	12
117	2024-06-04	911942	17:35:00	Other	NA	1	TRUE	FALSE	1	OCONNOR ST	CASS ST	2024-06-04	Two-Way , Not Divided	Dry	Daylight	Clear	Not a Collision Between Two Motor Vehicles in Transport	No	No Controls	3	1	Pain Reported	NA	41.79408	-71.40614	FALSE	FALSE	Oconnor Street and Cass Street, Providence, RI, USA	NA	Raw	NA	FALSE	41.79408	-71.40614	2024	June	Washington Park	10
118	2024-06-06	912006	18:32:00	Other	NA	1	TRUE	FALSE	1	OAKLAND AVE	PLEASANT VALLEY PKWY	2024-06-06	Two-Way , Not Divided	Dry	Daylight	Cloudy	Not a Collision Between Two Motor Vehicles in Transport	No	No Controls	3	1	Pain Reported	NA	41.83567	-71.43045	FALSE	FALSE	Oakland Ave and Pleasant Valley Pkwy, Providence, RI, USA	NA	Raw	NA	FALSE	41.83567	-71.43045	2024	June	Elmhurst	12
119	2024-06-08	912059	09:57:00	Pedestrian	1	NA	TRUE	FALSE	1	Brook	Power	2024-06-08	Two-Way , Not Divided	Dry	Daylight	Clear	Angle (Front - to - Side) Right Angle (Includes Broadside)	No	Stop Signs	5	1	Pain Reported	NA	NA	NA	FALSE	FALSE	Brook and Power, Providence, RI, USA	NA	Geocoded	raw coords null but geocoded coords found	TRUE	41.8230692	-71.39871049999999	2024	June	College Hill	1
120	2024-06-09	912101	18:05:00	Pedestrian	1	NA	FALSE	FALSE	1	POTTERS AVE	PRAIRIE AVE	2024-06-09	Two-Way , Not Divided	Dry	Daylight	Clear	Not a Collision Between Two Motor Vehicles in Transport	No	Stop Signs	3	1	Non-Incapacitating	NA	41.80409	-71.41419	FALSE	FALSE	Potters Ave and Prairie Ave, Providence, RI, USA	NA	Raw	NA	FALSE	41.80409	-71.41419	2024	June	Lower South Providence	11
121	2024-06-10	912125	13:19:00	Pedestrian	1	NA	FALSE	FALSE	1	SUPERIOR ST	CRANSTON ST	2024-06-10	Two-Way , Not Divided	Dry	Daylight	Clear	Not a Collision Between Two Motor Vehicles in Transport	No	No Controls	2	1	Pain Reported	NA	41.81043	-71.43263	FALSE	FALSE	Superior Street and Cranston Street, Providence, RI, USA	NA	Raw	NA	FALSE	41.81043	-71.43263	2024	June	West End	8
122	2024-06-11	912163	12:10:00	Pedestrian	1	NA	FALSE	FALSE	1	PINE ST	STEWART ST	2024-06-11	Two-Way , Not Divided	Dry	Daylight	Cloudy	Not a Collision Between Two Motor Vehicles in Transport	Yes	Stop Signs	2	1	Pain Reported	NA	41.81549	-71.4167	FALSE	FALSE	Pine Street and Stewart Street, Providence, RI, USA	NA	Raw	NA	FALSE	41.81549	-71.4167	2024	June	Upper South Providence	11
123	2024-06-11	912176	15:31:00	Pedestrian	1	NA	FALSE	FALSE	1	Thurbers Ave.	PRAIRIE AVE	2024-06-11	Two-Way , Not Divided	Dry	Daylight	Clear	Not a Collision Between Two Motor Vehicles in Transport	Yes	Unknown	1	1	Pain Reported	NA	41.79872	-71.41192	FALSE	FALSE	Thurbers Ave. and Prairie Ave, Providence, RI, USA	NA	Raw	NA	FALSE	41.79872	-71.41192	2024	June	Lower South Providence	10
124	2024-06-13	912277	23:04:00	Pedestrian	1	NA	FALSE	FALSE	1	Admiral Street	ADMIRAL ST EXIT	2024-06-14	Two-Way , Not Divided	Dry	Dark - Lighted	Clear	Not a Collision Between Two Motor Vehicles in Transport	No	Traffic Control Signal	3	1	Pain Reported	NA	41.84068	-71.41899	FALSE	FALSE	Admiral Street and Admiral Street Exit, Providence, RI, USA	NA	Raw	distance greater than 100m	TRUE	41.84068	-71.41899	2024	June	Smith Hill	4
125	2024-06-15	913313	10:58:00	Pedestrian	1	NA	FALSE	FALSE	1	Gallatin ST	EMERSON ST	2024-06-15	Two-Way , Not Divided	Dry	Daylight	Clear	Not a Collision Between Two Motor Vehicles in Transport	Yes	No Controls	1	0	No Injury	NA	41.79708	-71.41391	FALSE	FALSE	Gallatin Street and Emerson Street, Providence, RI, USA	NA	Geocoded	distance greater than 100m	TRUE	41.7966579	-71.415359	2024	June	Elmwood	9
126	2024-06-16	913341	10:42:00	Bicycle	NA	1	FALSE	FALSE	1	MEMORIAL BLVD	FRANCIS ST	2024-06-16	Two-Way, Divided, Positive Median Barrier	Dry	Daylight	Clear	Not a Collision Between Two Motor Vehicles in Transport	No	Traffic Control Signal	4	0	No Injury	NA	41.8259	-71.41535	FALSE	FALSE	Memorial Blvd and Francis Street, Providence, RI, USA	NA	Raw	NA	FALSE	41.8259	-71.41535	2024	June	Downtown	12
127	2024-06-18	913441	21:27:00	Pedestrian	1	NA	FALSE	FALSE	1	270 Broad Street	LOCKWOOD ST	2024-06-18	Two-Way , Not Divided	Dry	Dark - Lighted	Clear	Not a Collision Between Two Motor Vehicles in Transport	Yes	No Controls	1	1	Pain Reported	NA	41.8155	-71.42053	TRUE	FALSE	270 Broad Street, Providence, RI, USA	NA	Raw	NA	FALSE	41.8155	-71.42053	2024	June	West End	11
128	2024-06-20	913476	12:57:00	Bicycle	NA	1	FALSE	FALSE	1	FILLMORE ST	ADMIRAL ST	2024-06-20	Two-Way , Not Divided	Dry	Daylight	Clear	Not a Collision Between Two Motor Vehicles in Transport	No	Pavement Markings	2	1	Non-Incapacitating	NA	41.84081	-71.41986	FALSE	FALSE	Fillmore Street and Admiral Street, Providence, RI, USA	NA	Raw	NA	FALSE	41.84081	-71.41986	2024	June	Wanskuck	4
129	2024-06-20	913497	14:57:00	Pedestrian	1	NA	FALSE	FALSE	1	110 LOCKWOOD ST	PLAIN ST	2024-06-20	One-Way Trafficway	Dry	Daylight	Clear	Not a Collision Between Two Motor Vehicles in Transport	No	No Controls	3	1	Non-Incapacitating	NA	41.81153	-71.41171	TRUE	FALSE	110 Lockwood Street, Providence, RI, USA	NA	Neither	distance greater than 100m	TRUE	41.81236	-71.410675	2024	June	Upper South Providence	11
130	2024-06-22	913533	23:40:00	Other	1	NA	TRUE	FALSE	1	MANTON AVE	CHAFFEE ST	2024-06-22	Two-Way , Not Divided	Dry	Dark - Lighted	Clear	Not a Collision Between Two Motor Vehicles in Transport	Unknown	No Controls	1	1	Pain Reported	NA	41.81874	-71.44566	FALSE	FALSE	Manton Ave and Chaffee Street, Providence, RI, USA	NA	Raw	NA	FALSE	41.81874	-71.44566	2024	June	Olneyville	15
131	2024-06-22	913561	22:38:00	Bicycle	NA	1	FALSE	FALSE	1	BROAD ST	PEARL ST	2024-06-22	Two-Way, Divided, Unprotected (painted>4feet) Medium	Dry	Dark - Lighted	Cloudy	Not a Collision Between Two Motor Vehicles in Transport	Yes	No Controls	1	1	Pain Reported	NA	41.81475	-71.42095	FALSE	FALSE	Broad Street and Pearl Street, Providence, RI, USA	NA	Raw	NA	FALSE	41.81475	-71.42095	2024	June	West End	11
132	2024-06-24	913596	09:00:00	Bicycle	NA	NA	FALSE	FALSE	2	BROADWAY	MARSHALL ST	2024-06-24	Two-Way , Not Divided	Dry	Daylight	Clear	Angle (Front - to - Side) Right Angle (Includes Broadside)	No	No Controls	7	1	Pain Reported	NA	41.81906	-71.43249	FALSE	FALSE	Broadway and Marshall Street, Providence, RI, USA	NA	Raw	NA	FALSE	41.81906	-71.43249	2024	June	Federal Hill	13
133	2024-06-25	913640	15:32:00	Bicycle	NA	1	FALSE	FALSE	1	GALLATIN ST	EMERSON ST	2024-06-25	Two-Way , Not Divided	Dry	Daylight	Clear	Not a Collision Between Two Motor Vehicles in Transport	Yes	Pavement Markings	3	1	Pain Reported	NA	41.79721	-71.41344	FALSE	FALSE	Gallatin Street and Emerson Street, Providence, RI, USA	NA	Geocoded	distance greater than 100m	TRUE	41.7966579	-71.415359	2024	June	Elmwood	9
134	2024-06-25	913649	20:07:00	Pedestrian	1	NA	FALSE	FALSE	1	Francis Street	Gaspee Street	2024-06-25	Two-Way , Not Divided	Dry	Daylight	Clear	Not a Collision Between Two Motor Vehicles in Transport	Yes	No Controls	2	1	Pain Reported	NA	41.8289	-71.41531	FALSE	FALSE	Francis Street and Gaspee Street, Providence, RI, USA	NA	Raw	distance greater than 100m	TRUE	41.8289	-71.41531	2024	June	Downtown	12
135	2024-06-27	913703	16:03:00	Bicycle	NA	1	FALSE	FALSE	1	BROAD ST.	CLAVERICK ST	2024-06-27	Two-Way , Not Divided	Dry	Daylight	Clear	Not a Collision Between Two Motor Vehicles in Transport	No	Traffic Control Signal	3	1	Pain Reported	NA	41.81938	-71.41493	FALSE	FALSE	Broad St. and Claverick Street, Providence, RI, USA	NA	Raw	NA	FALSE	41.81938	-71.41493	2024	June	Downtown	1
136	2024-06-28	913723	07:11:00	Pedestrian	1	NA	FALSE	FALSE	1	MANTON AVE	FRUIT HILL AVE	2024-06-28	Two-Way , Not Divided	Dry	Daylight	Clear	Not a Collision Between Two Motor Vehicles in Transport	Yes	Traffic Control Signal	2	1	Pain Reported	NA	41.83388	-71.46783	FALSE	FALSE	Manton Ave and Fruit Hill Ave, Providence, RI, USA	NA	Raw	NA	FALSE	41.83388	-71.46783	2024	June	Manton	6
137	2024-06-30	913789	12:12:00	Bicycle	NA	1	FALSE	FALSE	1	POTTERS AVE	ELMWOOD AVE	2024-06-30	Two-Way , Not Divided	Dry	Daylight	Cloudy	Not a Collision Between Two Motor Vehicles in Transport	No	Traffic Control Signal	2	1	Non-Incapacitating	NA	41.80151	-71.42635	FALSE	FALSE	Potters Ave and Elmwood Ave, Providence, RI, USA	NA	Raw	NA	FALSE	41.80151	-71.42635	2024	June	West End	9
138	2024-07-01	913826	13:27:00	Bicycle	NA	1	FALSE	FALSE	1	Violet Street	Orms Street	2024-07-01	Two-Way, Divided, Unprotected (painted>4feet) Medium	Dry	Daylight	Clear	Not a Collision Between Two Motor Vehicles in Transport	No	No Controls	4	1	Pain Reported	1	NA	NA	FALSE	FALSE	Violet Street and Orms Street, Providence, RI, USA	NA	Geocoded	raw coords null but geocoded coords found	TRUE	41.8331177	-71.4262516	2024	July	Smith Hill	12
139	2024-07-02	913873	16:18:00	Pedestrian	1	NA	FALSE	FALSE	1	WAYLAND AVE	S ANGELL ST	2024-07-02	Two-Way , Not Divided	Dry	Daylight	Clear	Not a Collision Between Two Motor Vehicles in Transport	Yes	Traffic Control Signal	2	1	Pain Reported	NA	41.83003	-71.38795	FALSE	FALSE	Wayland Ave and S Angell Street, Providence, RI, USA	NA	Raw	NA	FALSE	41.83003	-71.38795	2024	July	Wayland	1
140	2024-07-02	913874	15:33:00	Bicycle	NA	NA	FALSE	FALSE	2	WESTMINSTER ST	CAHIR ST	2024-07-02	Two-Way, Divided, Positive Median Barrier	Dry	Daylight	Clear	Sideswipe, Same Direction	No	No Controls	3	0	No Injury	NA	41.81804	-71.42057	FALSE	FALSE	Westminster Street and Cahir Street, Providence, RI, USA	NA	Raw	NA	FALSE	41.81804	-71.42057	2024	July	Federal Hill	13
141	2024-07-02	913882	21:41:00	Bicycle	NA	1	FALSE	FALSE	1	S WATER ST	DYER ST	2024-07-02	Two-Way, Divided, Positive Median Barrier	Dry	Dark - Lighted	Clear	Not a Collision Between Two Motor Vehicles in Transport	No	Traffic Control Signal	6	1	Pain Reported	NA	41.82414	-71.40809	FALSE	FALSE	S Water Street and Dyer Street, Providence, RI, USA	NA	Raw	NA	FALSE	41.82414	-71.40809	2024	July	Downtown	1
142	2024-07-04	913948	14:01:00	Other	NA	NA	TRUE	FALSE	2	MEMORIAL BLVD	FRANCIS ST	2024-07-05	Two-Way, Divided, Positive Median Barrier	Dry	Daylight	Clear	Not a Collision Between Two Motor Vehicles in Transport	Yes	Traffic Control Signal	1	0	No Injury	NA	41.82591	-71.41529	FALSE	FALSE	Memorial Blvd and Francis Street, Providence, RI, USA	NA	Raw	NA	FALSE	41.82591	-71.41529	2024	July	Downtown	1
144	2024-07-05	913970	16:06:00	Bicycle	NA	1	FALSE	FALSE	1	CLYM ST	ADMIRAL ST	2024-07-05	Two-Way , Not Divided	Dry	Daylight	Clear	Angle (Front - to - Side) Right Angle (Includes Broadside)	Yes	Stop Signs	1	1	Pain Reported	NA	41.84418	-71.42372	FALSE	FALSE	Clym Street and Admiral Street, Providence, RI, USA	NA	Raw	distance greater than 100m	TRUE	41.84418	-71.42372	2024	July	Wanskuck	4
145	2024-07-05	913983	23:13:00	Pedestrian	1	NA	TRUE	FALSE	2	PLAINFIELD ST	WEBSTER AVE	2024-07-05	Two-Way, Not Divided With a Continuous Left Turn Lane	Dry	Dark - Lighted	Clear	Not a Collision Between Two Motor Vehicles in Transport	No	Traffic Control Signal	4	2	Incapacitating	NA	41.81366	-71.45085	FALSE	FALSE	Plainfield Street and Webster Ave, Providence, RI, USA	NA	Raw	NA	FALSE	41.81366	-71.45085	2024	July	Silver Lake	7
146	2024-07-06	914004	18:44:00	Bicycle	NA	NA	FALSE	FALSE	3	ALVERSON AVE	MERINO ST	2024-07-06	Two-Way , Not Divided	Dry	Daylight	Clear	Sideswipe, Same Direction	Yes	No Controls	5	0	No Injury	NA	41.81371	-71.45833	FALSE	FALSE	Alverson Ave and Merino Street, Providence, RI, USA	NA	Raw	distance greater than 100m	TRUE	41.81371	-71.45833	2024	July	Hartford	7
147	2024-07-07	914019	15:20:00	Pedestrian	1	NA	FALSE	FALSE	1	Union Ave	EXIT	2024-07-07	One-Way Trafficway	Dry	Daylight	Clear	Not a Collision Between Two Motor Vehicles in Transport	Yes	Traffic Control Signal	2	1	Non-Incapacitating	NA	41.80854	-71.44116	FALSE	FALSE	Union Ave and Exit, Providence, RI, USA	NA	Raw	distance greater than 100m	TRUE	41.80854	-71.44116	2024	July	Silver Lake	15
148	2024-07-07	914028	17:10:00	Pedestrian	1	NA	FALSE	TRUE	1	WASHINGTON ST/ JOHN J PARDINGTON WAY	DEAN ST	2024-07-07	Two-Way , Not Divided	Dry	Daylight	Clear	Other	No	No Controls	2	1	Pain Reported	NA	41.81964	-71.41979	FALSE	FALSE	Washington St/ John J Pardington Way and Dean Street, Providence, RI, USA	NA	Neither	distance greater than 100m	TRUE	41.819542	-71.420023	2024	July	Federal Hill	13
149	2024-07-10	914106	13:20:00	Bicycle	NA	1	FALSE	FALSE	1	PROMENADE ST	BATH ST	2024-07-10	One-Way Trafficway	Dry	Daylight	Clear	Not a Collision Between Two Motor Vehicles in Transport	No	Stop Signs	3	1	Pain Reported	NA	41.82929	-71.42361	FALSE	FALSE	Promenade Street and Bath Street, Providence, RI, USA	NA	Raw	NA	FALSE	41.82929	-71.42361	2024	July	Smith Hill	12
150	2024-07-12	914155	12:35:00	Bicycle	1	NA	TRUE	FALSE	1	Admiral Street	Douglas Avenue	2024-07-12	Two-Way, Divided, Unprotected (painted>4feet) Medium	Dry	Daylight	Clear	Not a Collision Between Two Motor Vehicles in Transport	No	Traffic Control Signal	5	1	Non-Incapacitating	1	NA	NA	FALSE	FALSE	Admiral Street and Douglas Avenue, Providence, RI, USA	NA	Geocoded	raw coords null but geocoded coords found	TRUE	41.84607219999999	-71.4289474	2024	July	Wanskuck	4
151	2024-07-12	914158	12:52:00	Bicycle	NA	1	FALSE	FALSE	1	N MAIN ST	Pleasant Street	2024-07-12	Two-Way , Not Divided	Dry	Daylight	Cloudy	Not a Collision Between Two Motor Vehicles in Transport	No	No Controls	3	1	Pain Reported	NA	41.83919	-71.40904	FALSE	FALSE	N Main Street and Pleasant Street, Providence, RI, USA	NA	Raw	NA	FALSE	41.83919	-71.40904	2024	July	Mount Hope	3
152	2024-07-12	914160	15:59:00	Pedestrian	1	NA	FALSE	FALSE	1	ELMWOOD AVE	EARL ST	2024-07-12	Unknown	Wet	Daylight	Rain	Not a Collision Between Two Motor Vehicles in Transport	No	No Controls	5	1	Pain Reported	NA	41.79798	-71.42615	FALSE	FALSE	Elmwood Ave and Earl Street, Providence, RI, USA	NA	Raw	NA	FALSE	41.79798	-71.42615	2024	July	West End	9
153	2024-07-14	914219	20:47:00	Bicycle	1	NA	TRUE	FALSE	1	BROAD ST	BROAD ST	2024-07-14	Two-Way , Not Divided	Dry	Dark - Lighted	Clear	Angle (Front - to - Side) Right Angle (Includes Broadside)	No	No Controls	3	1	Pain Reported	NA	41.79948	-71.41625	FALSE	FALSE	Broad Street and Broad Street, Providence, RI, USA	NA	Raw	distance greater than 100m	TRUE	41.79948	-71.41625	2024	July	Elmwood	10
154	2024-07-15	914235	16:58:00	Pedestrian	1	NA	FALSE	FALSE	1	ORMS ST	CANDACE ST	2024-07-15	Two-Way , Not Divided	Dry	Daylight	Clear	Other	No	Traffic Control Signal	2	0	No Injury	NA	41.83379	-71.42186	FALSE	FALSE	Orms Street and Candace Street, Providence, RI, USA	NA	Raw	NA	FALSE	41.83379	-71.42186	2024	July	Smith Hill	12
155	2024-07-16	914272	18:57:00	Bicycle	NA	1	FALSE	FALSE	1	FORD ST.	DEXTER ST	2024-07-16	Two-Way , Not Divided	Dry	Daylight	Clear	Not a Collision Between Two Motor Vehicles in Transport	No	Stop Signs	4	2	Pain Reported	NA	41.80868	-71.42829	FALSE	FALSE	Ford St. and Dexter Street, Providence, RI, USA	NA	Raw	NA	FALSE	41.80868	-71.42829	2024	July	West End	8
156	2024-07-18	914331	12:55:00	Bicycle	NA	NA	FALSE	FALSE	2	WESTMINSTER ST	CRANSTON ST	2024-07-18	One-Way Trafficway	Dry	Daylight	Cloudy	Rear End(Front-to-Rear)	No	No Controls	2	1	Pain Reported	NA	41.81782	-71.42104	FALSE	FALSE	Westminster Street and Cranston Street, Providence, RI, USA	NA	Raw	distance greater than 100m	TRUE	41.81782	-71.42104	2024	July	Federal Hill	11
157	2024-07-18	914343	15:17:00	Bicycle	1	NA	TRUE	FALSE	1	BLACKSTONE BLVD	LORIMER AVE	2024-07-18	Two-Way, Divided, Positive Median Barrier	Dry	Daylight	Clear	Not a Collision Between Two Motor Vehicles in Transport	No	Stop Signs	5	1	Incapacitating	NA	41.85275	-71.38885	FALSE	FALSE	Blackstone Blvd and Lorimer Ave, Providence, RI, USA	NA	Raw	NA	FALSE	41.85275	-71.38885	2024	July	Blackstone	2
158	2024-07-18	914344	18:18:00	Pedestrian	1	NA	FALSE	FALSE	1	HARRIS AVE	KINSLEY AVE	2024-07-18	One-Way Trafficway	Dry	Daylight	Clear	Not a Collision Between Two Motor Vehicles in Transport	No	No Controls	3	1	Pain Reported	NA	41.82779	-71.41902	FALSE	FALSE	Harris Ave and Kinsley Ave, Providence, RI, USA	NA	Raw	distance greater than 100m	TRUE	41.82779	-71.41902	2024	July	Smith Hill	13
159	2024-07-20	914400	18:09:00	Bicycle	1	NA	FALSE	FALSE	1	SMITH ST.	TYNDALL AVE.	2024-07-20	Two-Way , Not Divided	Dry	Daylight	Clear	Not a Collision Between Two Motor Vehicles in Transport	No	Stop Signs	7	1	Incapacitating	NA	41.83765	-71.43366	FALSE	FALSE	Smith St. and Tyndall Ave., Providence, RI, USA	NA	Raw	NA	FALSE	41.83765	-71.43366	2024	July	Elmhurst	5