row_number	crash_date	crash_report_id	crash_time	collision_type	count_pedestrian	count_bicycle	scooter	wheel_chair	number_of_vehicles	street_or_highway	nearest_intersection	report_date	type_of_roadway	road_surface_condition	light_condition	weather_condition	manner_of_impact	hit_and_run	traffic_control	person_count	injury_count	most_serious_injury	number_of_lanes	lat_raw	lon_raw	has_st_number	is_intersection_null	address_sent_to_geocoder	api_coord_conf	best_coordinate_set	reason_for_qa	manually_qaed_record	final_lat	final_lon	year	month	pvd_nhood	pvd_wards
283	2024-11-13	918260	18:57:00	Pedestrian	1	NA	FALSE	FALSE	1	Doyle Ave	HOPE ST	2024-11-13	Two-Way , Not Divided	Dry	Dark - Lighted	Clear	Not a Collision Between Two Motor Vehicles in Transport	No	No Controls	3	1	Pain Reported	NA	41.83877	-71.40062	FALSE	FALSE	Doyle Ave and Hope Street, Providence, RI, USA	NA	Raw	NA	FALSE	41.83877	-71.40062	2024	November	Mount Hope	3
284	2024-11-13	918264	22:16:00	Bicycle	NA	1	FALSE	FALSE	1	SMITH ST	PEMBROKE AVE	2024-11-13	Two-Way , Not Divided	Dry	Dark - Lighted	Clear	Sideswipe, Same Direction	Yes	No Controls	1	0	No Injury	2	NA	NA	FALSE	FALSE	Smith Street and Pembroke Ave, Providence, RI, USA	NA	Geocoded	raw coords null but geocoded coords found	TRUE	41.8366045	-71.4312719	2024	November	Elmhurst	14
286	2024-11-14	918306	20:38:00	Pedestrian	1	NA	FALSE	FALSE	1	LAUREL HILL AVE	ROOSEVELT ST	2024-11-14	Two-Way , Not Divided	Dry	Dark - Lighted	Clear	Not a Collision Between Two Motor Vehicles in Transport	No	No Controls	2	1	Non-Incapacitating	NA	41.81018	-71.45378	FALSE	FALSE	Laurel Hill Ave and Roosevelt Street, Providence, RI, USA	NA	Raw	NA	FALSE	41.81018	-71.45378	2024	November	Silver Lake	7
287	2024-11-15	918316	08:08:00	Pedestrian	1	NA	FALSE	FALSE	1	744 atwells ave	CUTLER ST	2024-11-15	Two-Way , Not Divided	Dry	Daylight	Clear	Other	Yes	No Controls	2	1	Pain Reported	NA	41.82468	-71.4416	TRUE	FALSE	744 Atwells Ave, Providence, RI, USA	NA	Raw	NA	FALSE	41.82468	-71.4416	2024	November	Olneyville	15
288	2024-11-15	918320	07:47:00	Pedestrian	1	NA	FALSE	FALSE	1	PINE ST	SOMERSET ST	2024-11-15	Two-Way , Not Divided	Dry	Daylight	Clear	Not a Collision Between Two Motor Vehicles in Transport	No	Stop Signs	3	1	Pain Reported	NA	41.81243	-71.41962	FALSE	FALSE	Pine Street and Somerset Street, Providence, RI, USA	NA	Raw	NA	FALSE	41.81243	-71.41962	2024	November	Upper South Providence	11
289	2024-11-16	918406	15:06:00	Pedestrian	1	NA	FALSE	FALSE	1	POCASSET AVE	LAUREL HILL AVE	2024-11-16	Two-Way, Divided, Unprotected (painted>4feet) Medium	Dry	Daylight	Clear	Not a Collision Between Two Motor Vehicles in Transport	No	Traffic Control Signal	3	1	Pain Reported	NA	41.8109	-71.45372	FALSE	FALSE	Pocasset Ave and Laurel Hill Ave, Providence, RI, USA	NA	Raw	NA	FALSE	41.8109	-71.45372	2024	November	Silver Lake	15
290	2024-11-18	918491	15:42:00	Bicycle	NA	1	FALSE	FALSE	1	BROAD ST	BROOM ST	2024-11-18	Two-Way , Not Divided	Dry	Daylight	Clear	Not a Collision Between Two Motor Vehicles in Transport	Yes	No Controls	1	1	Pain Reported	NA	41.79039	-71.40534	FALSE	FALSE	Broad Street and Broom Street, Providence, RI, USA	NA	Raw	NA	FALSE	41.79039	-71.40534	2024	November	Washington Park	10
291	2024-11-19	918507	07:50:00	Other	NA	2	TRUE	FALSE	1	RIVER AVE	SUNBURY ST	2024-11-19	Two-Way , Not Divided	Dry	Daylight	Clear	Not a Collision Between Two Motor Vehicles in Transport	No	Stop Signs	6	2	Pain Reported	NA	41.85234	-71.43764	FALSE	FALSE	River Ave and Sunbury Street, Providence, RI, USA	NA	Raw	NA	FALSE	41.85234	-71.43764	2024	November	Wanskuck	14
292	2024-11-19	918523	14:32:00	Pedestrian	1	NA	FALSE	FALSE	1	CRANSTON ST	WALDO ST	2024-11-19	Two-Way, Divided, Unprotected (painted>4feet) Medium	Dry	Daylight	Clear	Not a Collision Between Two Motor Vehicles in Transport	No	No Controls	3	1	Non-Incapacitating	NA	41.80613	-71.43648	FALSE	FALSE	Cranston Street and Waldo Street, Providence, RI, USA	NA	Raw	NA	FALSE	41.80613	-71.43648	2024	November	West End	8
293	2024-11-20	918573	14:31:00	Pedestrian	1	NA	FALSE	FALSE	1	BROAD ST	BROAD ST	2024-11-20	Two-Way , Not Divided	Dry	Daylight	Clear	Not a Collision Between Two Motor Vehicles in Transport	No	Pavement Markings	3	1	Non-Incapacitating	NA	41.81618	-71.4196	FALSE	FALSE	Broad Street and Broad Street, Providence, RI, USA	NA	Raw	distance greater than 100m	TRUE	41.81618	-71.4196	2024	November	Upper South Providence	11
294	2024-11-21	918595	07:40:00	Pedestrian	1	NA	FALSE	FALSE	1	1025 EDDY ST	NA	2024-11-21	Two-Way , Not Divided	Wet	Daylight	Rain	Not a Collision Between Two Motor Vehicles in Transport	No	No Controls	2	1	Pain Reported	NA	NA	NA	TRUE	TRUE	1025 Eddy Street, Providence, RI, USA	NA	Neither	raw coords null but geocoded coords found	TRUE	41.79935	-71.40567	2024	November	Lower South Providence	10
295	2024-11-21	918612	14:36:00	Pedestrian	1	NA	TRUE	FALSE	1	BROADWAY	ALMY ST	2024-11-21	Two-Way , Not Divided	Wet	Daylight	Rain	Not a Collision Between Two Motor Vehicles in Transport	No	Traffic Control Signal	3	1	Pain Reported	NA	41.81896	-71.43294	FALSE	FALSE	Broadway and Almy Street, Providence, RI, USA	NA	Raw	NA	FALSE	41.81896	-71.43294	2024	November	Federal Hill	13
296	2024-11-21	918636	19:30:00	Pedestrian	1	NA	FALSE	FALSE	1	PITMAN ST	BUTLER AVE	2024-11-21	Two-Way , Not Divided	Wet	Dark - Lighted	Rain	Other	No	No Controls	2	1	Pain Reported	2	41.8268	-71.38713	FALSE	FALSE	Pitman Street and Butler Ave, Providence, RI, USA	NA	Raw	NA	FALSE	41.8268	-71.38713	2024	November	Fox Point	1
297	2024-11-22	918675	14:28:00	Pedestrian	1	NA	FALSE	FALSE	1	CRANSTON ST	FRICKER ST	2024-11-22	Two-Way , Not Divided	Dry	Daylight	Clear	Not a Collision Between Two Motor Vehicles in Transport	Yes	No Controls	1	1	Non-Incapacitating	NA	41.81687	-71.42273	FALSE	FALSE	Cranston Street and Fricker Street, Providence, RI, USA	NA	Raw	NA	FALSE	41.81687	-71.42273	2024	November	West End	11
298	2024-11-24	918740	15:30:00	Pedestrian	1	NA	FALSE	FALSE	1	CRANSTON ST.	HUNTINGTON AVE	2024-11-24	Two-Way , Not Divided	Dry	Daylight	Clear	Not a Collision Between Two Motor Vehicles in Transport	No	Traffic Control Signal	3	1	Incapacitating	NA	41.80366	-71.43938	FALSE	FALSE	Cranston St. and Huntington Ave, Providence, RI, USA	NA	Raw	NA	FALSE	41.80366	-71.43938	2024	November	West End	8
300	2024-11-25	918805	19:46:00	Pedestrian	1	NA	FALSE	FALSE	1	OXFORD ST	EDDY ST	2024-11-25	Two-Way , Not Divided	Dry	Dark - Lighted	Clear	Not a Collision Between Two Motor Vehicles in Transport	Yes	Stop Signs	1	1	Non-Incapacitating	NA	41.8031	-71.40669	FALSE	FALSE	Oxford Street and Eddy Street, Providence, RI, USA	NA	Raw	NA	FALSE	41.8031	-71.40669	2024	November	Lower South Providence	10
301	2024-11-27	918878	14:35:00	Pedestrian	1	NA	TRUE	FALSE	1	Dorrance St	West Exchange St	2024-11-27	Two-Way , Not Divided	Dry	Dusk	Clear	Not a Collision Between Two Motor Vehicles in Transport	No	Traffic Control Signal	2	1	Non-Incapacitating	NA	41.82498	-71.41474	FALSE	FALSE	Dorrance Street and West Exchange Street, Providence, RI, USA	NA	Raw	distance greater than 100m	TRUE	41.82498	-71.41474	2024	November	Downtown	1
302	2024-11-27	918880	16:18:00	Bicycle	NA	1	FALSE	FALSE	1	PLAINFIELD ST	ATWOOD ST	2024-11-27	Unknown	Dry	Daylight	Clear	Other	Yes	No Controls	1	1	Pain Reported	NA	NA	NA	FALSE	FALSE	Plainfield Street and Atwood Street, Providence, RI, USA	NA	Geocoded	raw coords null but geocoded coords found	TRUE	41.8159837	-71.4450571	2024	November	Olneyville	15
303	2024-11-27	918886	18:39:00	Pedestrian	1	NA	FALSE	FALSE	1	S WATER ST	WILLIAMS ST	2024-11-27	Two-Way , Not Divided	Dry	Dark - Lighted	Clear	Not a Collision Between Two Motor Vehicles in Transport	No	No Controls	2	1	Pain Reported	NA	41.82121	-71.40487	FALSE	FALSE	S Water Street and Williams Street, Providence, RI, USA	NA	Raw	distance greater than 100m	TRUE	41.82121	-71.40487	2024	November	Downtown	1
304	2024-11-28	918905	14:06:00	Bicycle	NA	1	FALSE	FALSE	1	CALDER ST	GREENWICH ST	2024-11-28	Two-Way , Not Divided	Wet	Daylight	Rain	Not a Collision Between Two Motor Vehicles in Transport	No	Pavement Markings	2	1	Pain Reported	NA	41.80225	-71.42992	FALSE	FALSE	Calder Street and Greenwich Street, Providence, RI, USA	NA	Raw	NA	FALSE	41.80225	-71.42992	2024	November	West End	8
305	2024-11-29	918920	10:32:00	Pedestrian	1	NA	FALSE	FALSE	1	PLAINFIELD STREET	DUXBURY ST	2024-11-29	Two-Way , Not Divided	Dry	Daylight	Clear	Not a Collision Between Two Motor Vehicles in Transport	No	No Controls	3	1	Pain Reported	NA	41.81177	-71.46175	FALSE	FALSE	Plainfield Street and Duxbury Street, Providence, RI, USA	NA	Raw	NA	FALSE	41.81177	-71.46175	2024	November	Silver Lake	7
306	2024-11-30	918952	08:38:00	Pedestrian	1	NA	FALSE	FALSE	1	WASHINGTON ST	EMPIRE ST	2024-11-30	Two-Way , Not Divided	Dry	Daylight	Clear	Not a Collision Between Two Motor Vehicles in Transport	No	Pavement Markings	3	1	Non-Incapacitating	NA	41.82182	-71.41645	FALSE	FALSE	Washington Street and Empire Street, Providence, RI, USA	NA	Raw	NA	FALSE	41.82182	-71.41645	2024	November	Downtown	1
307	2024-11-30	918963	17:34:00	Pedestrian	2	NA	FALSE	FALSE	1	COLLEGE ST.	COLLEGE ST	2024-11-30	Two-Way , Not Divided	Dry	Dark - Lighted	Clear	Not a Collision Between Two Motor Vehicles in Transport	No	Traffic Control Signal	3	2	Pain Reported	NA	41.82562	-71.4079	FALSE	FALSE	College St. and College Street, Providence, RI, USA	NA	Neither	distance greater than 100m	TRUE	41.825637	-71.407898	2024	November	Downtown	1
308	2024-12-02	919001	11:03:00	Pedestrian	1	NA	FALSE	FALSE	1	HOPE ST	WATERMAN ST	2024-12-02	Two-Way , Not Divided	Dry	Daylight	Clear	Not a Collision Between Two Motor Vehicles in Transport	No	Traffic Control Signal	2	1	Pain Reported	NA	41.82775	-71.39727	FALSE	FALSE	Hope Street and Waterman Street, Providence, RI, USA	NA	Raw	NA	FALSE	41.82775	-71.39727	2024	December	College Hill	1
309	2024-12-02	919018	19:26:00	Bicycle	NA	1	FALSE	FALSE	1	RAYMOND STREET	RAYMOND ST	2024-12-02	Two-Way , Not Divided	Dry	Dark - Lighted	Clear	Sideswipe, Same Direction	No	No Controls	2	0	No Injury	2	41.83287	-71.42957	FALSE	FALSE	Raymond Street and Raymond Street, Providence, RI, USA	NA	Raw	NA	FALSE	41.83287	-71.42957	2024	December	Valley	12
310	2024-12-04	919105	17:53:00	Pedestrian	1	NA	FALSE	FALSE	1	DORA ST	WEBSTER AVE	2024-12-04	Two-Way , Not Divided	Dry	Dark - Lighted	Clear	Not a Collision Between Two Motor Vehicles in Transport	No	No Controls	3	1	Pain Reported	NA	NA	NA	FALSE	FALSE	Dora Street and Webster Ave, Providence, RI, USA	NA	Geocoded	raw coords null but geocoded coords found	TRUE	41.8081115	-71.4481467	2024	December	Silver Lake	15
311	2024-12-06	919185	12:48:00	Pedestrian	1	NA	FALSE	FALSE	1	GLENBRIDGE AVE	MANTON AVE	2024-12-06	Two-Way , Not Divided	Dry	Daylight	Clear	Not a Collision Between Two Motor Vehicles in Transport	No	Pavement Markings	4	1	Non-Incapacitating	NA	41.82597	-71.45822	FALSE	FALSE	Glenbridge Ave and Manton Ave, Providence, RI, USA	NA	Raw	NA	FALSE	41.82597	-71.45822	2024	December	Manton	6
312	2024-12-07	919233	11:24:00	Pedestrian	1	NA	FALSE	FALSE	1	BRANCH AVE	VEAZIE ST	2024-12-07	Two-Way , Not Divided	Dry	Daylight	Clear	Not a Collision Between Two Motor Vehicles in Transport	No	Traffic Control Signal	4	1	Pain Reported	NA	41.85468	-71.43429	FALSE	FALSE	Branch Ave and Veazie Street, Providence, RI, USA	NA	Raw	NA	FALSE	41.85468	-71.43429	2024	December	Wanskuck	14
313	2024-12-08	919266	15:37:00	Bicycle	NA	1	FALSE	FALSE	1	3RD ST	HIGHLAND AVE	2024-12-08	Two-Way , Not Divided	Dry	Daylight	Clear	Not a Collision Between Two Motor Vehicles in Transport	No	Traffic Control Signal	2	1	Pain Reported	NA	41.85112	-71.40212	FALSE	FALSE	3rd Street and Highland Ave, Providence, RI, USA	NA	Geocoded	distance greater than 100m	TRUE	41.8505732	-71.40043779999999	2024	December	Hope	3
314	2024-12-09	919299	16:12:00	Pedestrian	1	NA	FALSE	FALSE	1	CHALKSTONE AVE	CANTON ST	2024-12-09	Two-Way , Not Divided	Wet	Dusk	Rain	Other	No	No Controls	4	1	Pain Reported	NA	41.83232	-71.44286	FALSE	FALSE	Chalkstone Ave and Canton Street, Providence, RI, USA	NA	Raw	NA	FALSE	41.83232	-71.44286	2024	December	Valley	6
315	2024-12-09	919306	16:22:00	Bicycle	NA	1	FALSE	FALSE	1	DELAINE ST	APPLETON ST	2024-12-09	Two-Way , Not Divided	Wet	Dark - Lighted	Rain	Not a Collision Between Two Motor Vehicles in Transport	No	No Controls	2	1	Pain Reported	NA	41.81903	-71.44294	FALSE	FALSE	Delaine Street and Appleton Street, Providence, RI, USA	NA	Raw	NA	FALSE	41.81903	-71.44294	2024	December	Olneyville	15
316	2024-12-11	919356	07:38:00	Pedestrian	1	NA	FALSE	FALSE	1	ANDERSON ST	MANTON AVE	2024-12-11	Two-Way, Divided, Unprotected (painted>4feet) Medium	Wet	Daylight	Rain	Not a Collision Between Two Motor Vehicles in Transport	No	Pavement Markings	3	1	Pain Reported	NA	41.8227	-71.45018	FALSE	FALSE	Anderson Street and Manton Ave, Providence, RI, USA	NA	Raw	NA	FALSE	41.8227	-71.45018	2024	December	Olneyville	15
317	2024-12-11	919385	17:47:00	Pedestrian	1	NA	FALSE	FALSE	1	BROAD ST.	BROAD ST	2024-12-11	Two-Way , Not Divided	Wet	Dark - Lighted	Rain	Not a Collision Between Two Motor Vehicles in Transport	Yes	No Controls	1	1	Pain Reported	NA	41.81458	-71.42106	FALSE	FALSE	Broad St. and Broad Street, Providence, RI, USA	NA	Raw	distance greater than 100m	TRUE	41.81458	-71.42106	2024	December	West End	11
318	2024-12-11	919395	14:26:00	Pedestrian	1	NA	FALSE	FALSE	1	BROAD ST	LOCKWOOD ST	2024-12-12	Two-Way, Divided, Unprotected (painted>4feet) Medium	Wet	Daylight	Rain	Not a Collision Between Two Motor Vehicles in Transport	No	Pavement Markings	3	0	No Injury	NA	41.81539	-71.4206	FALSE	FALSE	Broad Street and Lockwood Street, Providence, RI, USA	NA	Raw	NA	FALSE	41.81539	-71.4206	2024	December	West End	11
319	2024-12-12	919431	17:13:00	Pedestrian	1	NA	TRUE	FALSE	1	STILLMAN ST	PARK ROW	2024-12-12	Two-Way , Not Divided	Dry	Dark - Lighted	Clear	Not a Collision Between Two Motor Vehicles in Transport	No	No Controls	2	1	Pain Reported	NA	41.82859	-71.41166	FALSE	FALSE	Stillman Street and Park Row, Providence, RI, USA	NA	Raw	NA	FALSE	41.82859	-71.41166	2024	December	Downtown	12
320	2024-12-12	919439	18:26:00	Pedestrian	1	NA	FALSE	FALSE	1	POINT ST.	EDDY ST	2024-12-12	Two-Way , Not Divided	Dry	Dark - Lighted	Clear	Not a Collision Between Two Motor Vehicles in Transport	No	Traffic Control Signal	4	1	Pain Reported	NA	41.81684	-71.40656	FALSE	FALSE	Point St. and Eddy Street, Providence, RI, USA	NA	Raw	NA	FALSE	41.81684	-71.40656	2024	December	Downtown	1
321	2024-12-12	919447	21:15:00	Bicycle	NA	1	FALSE	FALSE	1	INDIA ST.	S MAIN ST	2024-12-12	Two-Way , Not Divided	Dry	Daylight	Clear	Not a Collision Between Two Motor Vehicles in Transport	No	No Controls	2	1	Pain Reported	NA	41.81644	-71.39876	FALSE	FALSE	India St. and S Main Street, Providence, RI, USA	NA	Raw	NA	FALSE	41.81644	-71.39876	2024	December	Fox Point	1
322	2024-12-16	919569	18:54:00	Bicycle	NA	1	FALSE	FALSE	1	ACADEMY AVE	NEWARK ST	2024-12-16	Two-Way , Not Divided	Wet	Dark - Lighted	Rain	Not a Collision Between Two Motor Vehicles in Transport	No	Stop Signs	2	1	Pain Reported	NA	41.82544	-71.4434	FALSE	FALSE	Academy Ave and Newark Street, Providence, RI, USA	NA	Raw	NA	FALSE	41.82544	-71.4434	2024	December	Mount Pleasant	6
323	2024-12-16	919573	22:52:00	Pedestrian	1	NA	FALSE	FALSE	1	CHARLESFIELD STREET	BROOK ST	2024-12-17	Two-Way , Not Divided	Wet	Dark - Lighted	Rain	Not a Collision Between Two Motor Vehicles in Transport	No	No Controls	2	0	No Injury	NA	41.82405	-71.39836	FALSE	FALSE	Charlesfield Street and Brook Street, Providence, RI, USA	NA	Raw	NA	FALSE	41.82405	-71.39836	2024	December	College Hill	1
324	2024-12-17	919607	14:29:00	Pedestrian	1	NA	FALSE	FALSE	1	BRANCH AVE EXIT	BRANCH AVE	2024-12-17	One-Way Trafficway	Dry	Daylight	Clear	Not a Collision Between Two Motor Vehicles in Transport	No	Traffic Control Signal	2	1	Non-Incapacitating	NA	41.85349	-71.42757	FALSE	FALSE	Branch Ave Exit and Branch Ave, Providence, RI, USA	NA	Raw	distance greater than 100m	TRUE	41.85349	-71.42757	2024	December	Wanskuck	4
325	2024-12-19	919683	12:35:00	Pedestrian	1	NA	FALSE	FALSE	1	WATERMAN ST	BROOK ST	2024-12-19	One-Way Trafficway	Dry	Daylight	Clear	Not a Collision Between Two Motor Vehicles in Transport	No	Traffic Control Signal	4	1	Non-Incapacitating	NA	41.8274	-71.39933	FALSE	FALSE	Waterman Street and Brook Street, Providence, RI, USA	NA	Raw	NA	FALSE	41.8274	-71.39933	2024	December	College Hill	1
326	2024-12-19	919695	16:48:00	Pedestrian	1	NA	FALSE	FALSE	1	NARRAGANSETT BLVD	NARRAGANSETT BLVD	2024-12-19	Two-Way , Not Divided	Dry	Dark - Lighted	Clear	Not a Collision Between Two Motor Vehicles in Transport	No	Pavement Markings	2	1	Pain Reported	NA	41.78887	-71.39595	FALSE	FALSE	Narragansett Blvd and Narragansett Blvd, Providence, RI, USA	NA	Raw	distance greater than 100m	TRUE	41.78887	-71.39595	2024	December	Washington Park	10
327	2024-12-20	919703	07:47:00	Pedestrian	1	NA	FALSE	FALSE	1	DEXTER ST	DABOLL ST	2024-12-20	Two-Way , Not Divided	Dry	Daylight	Cloudy	Not a Collision Between Two Motor Vehicles in Transport	Yes	Person	2	1	Pain Reported	NA	41.80411	-71.43014	FALSE	FALSE	Dexter Street and Daboll Street, Providence, RI, USA	NA	Raw	NA	FALSE	41.80411	-71.43014	2024	December	West End	8
328	2024-12-20	919720	15:41:00	Pedestrian	1	NA	FALSE	FALSE	1	broad st	BROAD ST	2024-12-20	Two-Way, Divided, Unprotected (painted>4feet) Medium	Dry	Daylight	Snow	Not a Collision Between Two Motor Vehicles in Transport	No	No Controls	2	0	No Injury	NA	41.81415	-71.4213	FALSE	FALSE	Broad Street and Broad Street, Providence, RI, USA	NA	Raw	distance greater than 100m	TRUE	41.81415	-71.4213	2024	December	West End	11
329	2024-12-21	919768	10:45:00	Bicycle	NA	1	FALSE	FALSE	1	INDUSTRIAL DR (BARBARA L WAY)	N MAIN ST	2024-12-21	Two-Way , Not Divided	Wet	Daylight	Cloudy	Not a Collision Between Two Motor Vehicles in Transport	No	No Controls	2	1	Pain Reported	NA	41.84066	-71.4092	FALSE	FALSE	Industrial Dr (Barbara L Way) and N Main Street, Providence, RI, USA	NA	Neither	distance greater than 100m	TRUE	41.840624	-71.408865	2024	December	Mount Hope	3
330	2024-12-27	919947	20:16:00	Pedestrian	1	NA	FALSE	FALSE	1	MAUDE ST	CONVENT ST	2024-12-27	Two-Way , Not Divided	Dry	Dark - Lighted	Clear	Not a Collision Between Two Motor Vehicles in Transport	No	No Controls	3	1	Pain Reported	NA	41.83756	-71.43347	FALSE	FALSE	Maude Street and Convent Street, Providence, RI, USA	NA	Raw	NA	FALSE	41.83756	-71.43347	2024	December	Elmhurst	5
331	2024-12-28	919961	19:57:00	Pedestrian	1	NA	FALSE	FALSE	1	VALLEY ST	RIVER AVE	2024-12-28	Two-Way , Not Divided	Wet	Dark - Lighted	Rain	Not a Collision Between Two Motor Vehicles in Transport	No	Pavement Markings	2	1	Pain Reported	NA	41.82796	-71.43516	FALSE	FALSE	Valley Street and River Ave, Providence, RI, USA	NA	Raw	NA	FALSE	41.82796	-71.43516	2024	December	Valley	12
332	2024-12-30	919998	18:08:00	Bicycle	NA	1	FALSE	FALSE	1	NORTHUP AVE	SILVER SPRING ST	2024-12-30	Two-Way , Not Divided	Dry	Daylight	Clear	Not a Collision Between Two Motor Vehicles in Transport	Yes	Traffic Control Signal	2	1	Pain Reported	NA	41.85177	-71.41302	FALSE	FALSE	Northup Ave and Silver Spring Street, Providence, RI, USA	NA	Raw	NA	FALSE	41.85177	-71.41302	2024	December	Charles	4
333	2024-12-31	920018	18:11:00	Pedestrian	1	NA	FALSE	FALSE	1	ELMWOOD AVE.	CARTER ST	2024-12-31	Two-Way , Not Divided	Dry	Dark - Lighted	Clear	Not a Collision Between Two Motor Vehicles in Transport	No	No Controls	3	1	Pain Reported	NA	41.7994	-71.4265	FALSE	FALSE	Elmwood Ave. and Carter Street, Providence, RI, USA	NA	Raw	NA	FALSE	41.7994	-71.4265	2024	December	West End	9
334	2024-12-31	920022	16:48:00	Bicycle	NA	1	FALSE	FALSE	1	PUTNAM ST	ATWELLS AVE	2024-12-31	Two-Way , Not Divided	Dry	Dark - Lighted	Clear	Not a Collision Between Two Motor Vehicles in Transport	No	Flashing Traffic Control Signal	3	1	Pain Reported	NA	41.8248	-71.44372	FALSE	FALSE	Putnam Street and Atwells Ave, Providence, RI, USA	NA	Raw	NA	FALSE	41.8248	-71.44372	2024	December	Olneyville	6
1	2025-01-02	920089	08:11:00	Pedestrian	1	NA	FALSE	FALSE	1	TERMINAL ROAD	NEW YORK AVE	2025-01-03	Unknown	Dry	Daylight	Clear	Unknown	Yes	Unknown	3	0	No Injury	NA	41.79613	-71.39506	FALSE	FALSE	Terminal Road and New York Ave, Providence, RI, USA	NA	Geocoded	distance greater than 100m	TRUE	41.7943605	-71.3864663	2025	January	Washington Park	10
2	2025-01-02	920108	23:14:00	Pedestrian	1	NA	FALSE	FALSE	1	325 washington st	NA	2025-01-04	Two-Way , Not Divided	Dry	Dark - Lighted	Clear	Not a Collision Between Two Motor Vehicles in Transport	No	No Controls	3	1	Pain Reported	NA	NA	NA	TRUE	TRUE	325 Washington Street, Providence, RI, USA	NA	Geocoded	raw coords null but geocoded coords found	TRUE	41.81973139999999	-71.4203833	2025	January	Federal Hill	13
3	2025-01-05	920134	18:25:00	Pedestrian	2	NA	FALSE	FALSE	1	FOUNTAIN ST	FRANCIS ST	2025-01-05	Two-Way , Not Divided	Dry	Daylight	Clear	Not a Collision Between Two Motor Vehicles in Transport	Yes	Traffic Control Signal	2	2	Pain Reported	NA	41.82491	-71.41471	FALSE	FALSE	Fountain Street and Francis Street, Providence, RI, USA	NA	Raw	NA	FALSE	41.82491	-71.41471	2025	January	Downtown	1
4	2025-01-05	920169	17:15:00	Bicycle	NA	1	FALSE	FALSE	1	PLAINFIELD ST	RALPH ST	2025-01-07	Unknown	Dry	Dark - Unknown Lighting	Clear	Sidwswipe, Opposite Direction	No	Unknown	3	0	Unknown	NA	41.81345	-71.45352	FALSE	FALSE	Plainfield Street and Ralph Street, Providence, RI, USA	NA	Raw	NA	FALSE	41.81345	-71.45352	2025	January	Silver Lake	15
5	2025-01-07	920181	16:04:00	Pedestrian	1	NA	FALSE	FALSE	1	WICKENDEN ST	BROOK ST	2025-01-07	Two-Way , Not Divided	Dry	Daylight	Clear	Not a Collision Between Two Motor Vehicles in Transport	No	Pavement Markings	3	1	Pain Reported	NA	41.81948	-71.39826	FALSE	FALSE	Wickenden Street and Brook Street, Providence, RI, USA	NA	Raw	NA	FALSE	41.81948	-71.39826	2025	January	Fox Point	1
8	2025-01-08	920198	16:56:00	Bicycle	NA	1	FALSE	FALSE	1	CANAL ST	MILL ST	2025-01-08	One-Way Trafficway	Dry	Dark - Lighted	Clear	Not a Collision Between Two Motor Vehicles in Transport	No	Pavement Markings	2	1	Pain Reported	NA	41.8323	-71.41095	FALSE	FALSE	Canal Street and Mill Street, Providence, RI, USA	NA	Raw	distance greater than 100m	TRUE	41.8323	-71.41095	2025	January	Downtown	3
9	2025-01-08	920213	11:51:00	Pedestrian	1	NA	FALSE	FALSE	1	WESTMINSTER ST	EMPIRE ST	2025-01-09	Two-Way , Not Divided	Dry	Daylight	Clear	Not a Collision Between Two Motor Vehicles in Transport	Yes	Traffic Control Signal	1	1	Incapacitating	NA	41.82097	-71.41532	FALSE	FALSE	Westminster Street and Empire Street, Providence, RI, USA	NA	Raw	NA	FALSE	41.82097	-71.41532	2025	January	Downtown	1
11	2025-01-10	920278	16:38:00	Pedestrian	1	NA	FALSE	FALSE	1	GREENWICH ST	BUCKLIN ST	2025-01-10	Two-Way , Not Divided	Dry	Daylight	Clear	Rear End(Front-to-Rear)	No	No Controls	3	1	Pain Reported	NA	41.80237	-71.4261	FALSE	FALSE	Greenwich Street and Bucklin Street, Providence, RI, USA	NA	Geocoded	distance greater than 100m	TRUE	41.8023394	-71.4276629	2025	January	West End	8
12	2025-01-12	920320	11:56:00	Pedestrian	2	NA	FALSE	FALSE	1	HEATH ST	HARTFORD AVE	2025-01-12	Two-Way , Not Divided	Dry	Daylight	Clear	Not a Collision Between Two Motor Vehicles in Transport	Yes	No Controls	4	2	Pain Reported	NA	41.81719	-71.44991	FALSE	FALSE	Heath Street and Hartford Ave, Providence, RI, USA	NA	Raw	NA	FALSE	41.81719	-71.44991	2025	January	Hartford	7
14	2025-01-12	920331	09:10:00	Pedestrian	1	NA	FALSE	FALSE	1	Allens Ave	ALLENS AVE	2025-01-12	Two-Way , Not Divided	Dry	Dark - Lighted	Clear	Not a Collision Between Two Motor Vehicles in Transport	No	No Controls	3	1	Pain Reported	NA	41.79296	-71.3973	FALSE	FALSE	Allens Ave and Allens Ave, Providence, RI, USA	NA	Raw	distance greater than 100m	TRUE	41.79296	-71.3973	2025	January	Washington Park	10