row_number	crash_date	crash_report_id	crash_time	collision_type	count_pedestrian	count_bicycle	scooter	wheel_chair	number_of_vehicles	street_or_highway	nearest_intersection	report_date	type_of_roadway	road_surface_condition	light_condition	weather_condition	manner_of_impact	hit_and_run	traffic_control	person_count	injury_count	most_serious_injury	number_of_lanes	lat_raw	lon_raw	has_st_number	is_intersection_null	address_sent_to_geocoder	api_coord_conf	best_coordinate_set	reason_for_qa	manually_qaed_record	final_lat	final_lon	year	month	pvd_nhood	pvd_wards
383	2025-09-18	928240	16:09:00	Pedestrian	1	NA	FALSE	FALSE	1	POCASSET AVE	BANCROFT ST	2025-09-18	Two-Way , Not Divided	Dry	Daylight	Clear	Not a Collision Between Two Motor Vehicles in Transport	No	Pavement Markings	6	1	Pain Reported	NA	41.81331	-71.4484	FALSE	FALSE	Pocasset Ave and Bancroft Street, Providence, RI, USA	NA	Raw	NA	FALSE	41.81331	-71.4484	2025	September	Silver Lake	15
384	2025-09-19	928266	11:24:00	Pedestrian	1	NA	FALSE	FALSE	1	SERVICE ROAD 7	BROAD ST	2025-09-19	Two-Way , Not Divided	Dry	Daylight	Clear	Not a Collision Between Two Motor Vehicles in Transport	No	Pavement Markings	4	1	Pain Reported	NA	41.81747	-71.41712	FALSE	FALSE	Service Road 7 and Broad Street, Providence, RI, USA	NA	Raw	NA	FALSE	41.81747	-71.41712	2025	September	Upper South Providence	11
385	2025-09-19	928271	12:35:00	Other	NA	1	FALSE	FALSE	1	Steuben St	ATWELLS AVE	2025-09-19	Two-Way , Not Divided	Dry	Daylight	Clear	Other	Yes	No Controls	1	1	Pain Reported	NA	41.82501	-71.44935	FALSE	FALSE	Steuben Street and Atwells Ave, Providence, RI, USA	NA	Raw	NA	FALSE	41.82501	-71.44935	2025	September	Olneyville	6
386	2025-09-19	928274	13:10:00	Other	NA	1	TRUE	FALSE	1	Bath Street	Jewett Street	2025-09-19	Two-Way , Not Divided	Dry	Daylight	Clear	Not a Collision Between Two Motor Vehicles in Transport	No	Stop Signs	2	1	Non-Incapacitating	1	NA	NA	FALSE	FALSE	Bath Street and Jewett Street, Providence, RI, USA	NA	Geocoded	raw coords null but geocoded coords found	TRUE	41.8326352	-71.4250862	2025	September	Smith Hill	12
388	2025-09-19	928286	14:32:00	Bicycle	NA	1	FALSE	FALSE	1	SYRACUSE ST	BODELL AVE	2025-09-19	Two-Way , Not Divided	Dry	Daylight	Clear	Angle (Front - to - Side) Same Direction	No	No Controls	4	1	Pain Reported	NA	41.81745	-71.45384	FALSE	FALSE	Syracuse Street and Bodell Ave, Providence, RI, USA	NA	Raw	distance greater than 100m	TRUE	41.81745	-71.45384	2025	September	Hartford	7
389	2025-09-19	928289	15:16:00	Pedestrian	1	NA	TRUE	FALSE	1	ELMWOOD AVE	EARL ST	2025-09-19	Two-Way, Divided, Positive Median Barrier	Dry	Daylight	Clear	Sidwswipe, Opposite Direction	No	No Controls	2	1	Non-Incapacitating	NA	41.79819	-71.4262	FALSE	FALSE	Elmwood Ave and Earl Street, Providence, RI, USA	NA	Raw	NA	FALSE	41.79819	-71.4262	2025	September	West End	9
390	2025-09-19	928294	19:51:00	Bicycle	NA	1	FALSE	FALSE	1	THURBERS AVE	BROAD ST	2025-09-19	Two-Way , Not Divided	Dry	Dark - Lighted	Clear	Not a Collision Between Two Motor Vehicles in Transport	No	Traffic Control Signal	2	1	Non-Incapacitating	NA	41.7982	-71.41467	FALSE	FALSE	Thurbers Ave and Broad Street, Providence, RI, USA	NA	Raw	NA	FALSE	41.7982	-71.41467	2025	September	Elmwood	9
391	2025-09-20	928304	13:28:00	Pedestrian	1	NA	FALSE	FALSE	1	BROOK ST	WICKENDEN ST	2025-09-20	Two-Way, Divided, Unprotected (painted>4feet) Medium	Dry	Daylight	Clear	Not a Collision Between Two Motor Vehicles in Transport	No	Traffic Control Signal	3	1	Pain Reported	NA	41.8195	-71.39827	FALSE	FALSE	Brook Street and Wickenden Street, Providence, RI, USA	NA	Raw	NA	FALSE	41.8195	-71.39827	2025	September	Fox Point	1
393	2025-09-22	928347	08:52:00	Pedestrian	1	NA	TRUE	FALSE	1	75 EAGLE ST	NA	2025-09-22	Unknown	Dry	Daylight	Clear	Not a Collision Between Two Motor Vehicles in Transport	No	No Controls	2	1	Pain Reported	NA	NA	NA	TRUE	TRUE	75 Eagle Street, Providence, RI, USA	NA	Neither	raw coords null but geocoded coords found	TRUE	41.82555	-71.43537	2025	September	Valley	13
397	2025-09-25	928451	15:21:00	Pedestrian	1	NA	FALSE	FALSE	1	LENNON ST	MOUNT PLEASANT AVE	2025-09-25	Two-Way, Not Divided With a Continuous Left Turn Lane	Wet	Daylight	Clear	Not a Collision Between Two Motor Vehicles in Transport	No	Stop Signs	3	1	Pain Reported	NA	41.8451	-71.45024	FALSE	FALSE	Lennon Street and Mount Pleasant Ave, Providence, RI, USA	NA	Geocoded	distance greater than 100m	TRUE	41.84341999999999	-71.4531322	2025	September	Mount Pleasant	5
398	2025-09-26	928464	08:59:00	Pedestrian	1	NA	FALSE	FALSE	1	ELMA ST	PRAIRIE AVE	2025-09-26	Two-Way , Not Divided	Dry	Daylight	Clear	Not a Collision Between Two Motor Vehicles in Transport	Yes	No Controls	1	0	No Injury	NA	41.79724	-71.41127	FALSE	FALSE	Elma Street and Prairie Ave, Providence, RI, USA	NA	Raw	NA	FALSE	41.79724	-71.41127	2025	September	Lower South Providence	10
400	2025-09-26	928596	14:19:00	Pedestrian	1	NA	FALSE	FALSE	1	ALLENS AVE	OXFORD ST	2025-09-30	Two-Way , Not Divided	Dry	Daylight	Clear	Other	No	No Controls	2	1	Pain Reported	NA	41.8035	-71.40162	FALSE	FALSE	Allens Ave and Oxford Street, Providence, RI, USA	NA	Raw	NA	FALSE	41.8035	-71.40162	2025	September	Lower South Providence	10
401	2025-09-27	928519	14:04:00	Bicycle	NA	1	FALSE	FALSE	1	HARLAM STREET	BARROWS STREET	2025-09-27	Two-Way , Not Divided	Dry	Daylight	Clear	Not a Collision Between Two Motor Vehicles in Transport	No	Stop Signs	3	1	Pain Reported	2	NA	NA	FALSE	FALSE	Harlam Street and Barrows Street, Providence, RI, USA	NA	Geocoded	raw coords null but geocoded coords found	TRUE	41.8121831	-71.4570629	2025	September	Silver Lake	7
402	2025-09-28	928546	12:36:00	Pedestrian	1	NA	FALSE	FALSE	2	Plainfield Street	PLAINFIELD ST	2025-09-28	Two-Way , Not Divided	Dry	Daylight	Clear	Sideswipe, Same Direction	No	No Controls	6	0	No Injury	NA	41.8134	-71.45396	FALSE	FALSE	Plainfield Street and Plainfield Street, Providence, RI, USA	NA	Raw	distance greater than 100m	TRUE	41.8134	-71.45396	2025	September	Silver Lake	7
403	2025-09-28	928561	17:38:00	Pedestrian	1	NA	FALSE	FALSE	1	W RIVER ST	BRANCH AVE	2025-09-28	Two-Way , Not Divided	Dry	Daylight	Clear	Not a Collision Between Two Motor Vehicles in Transport	No	Traffic Control Signal	3	1	Pain Reported	NA	41.84689	-71.4127	FALSE	FALSE	W River Street and Branch Ave, Providence, RI, USA	NA	Raw	NA	FALSE	41.84689	-71.4127	2025	September	Mount Hope	4
411	2025-10-02	928675	05:47:00	Pedestrian	1	NA	FALSE	FALSE	1	UNION AVE	EXIT	2025-10-02	One-Way Trafficway	Dry	Dawn	Clear	Not a Collision Between Two Motor Vehicles in Transport	No	Pavement Markings	4	1	Incapacitating	NA	41.8088	-71.44019	FALSE	FALSE	Union Ave and Exit, Providence, RI, USA	NA	Raw	distance greater than 100m	TRUE	41.8088	-71.44019	2025	October	West End	8
412	2025-10-02	928688	16:23:00	Pedestrian	1	NA	FALSE	FALSE	1	LOWELL AVE	NYE ST	2025-10-02	Two-Way , Not Divided	Dry	Daylight	Clear	Not a Collision Between Two Motor Vehicles in Transport	No	No Controls	4	1	Pain Reported	NA	41.81823	-71.4608	FALSE	FALSE	Lowell Ave and Nye Street, Providence, RI, USA	NA	Raw	distance greater than 100m	TRUE	41.81823	-71.4608	2025	October	Hartford	7
413	2025-10-02	928692	17:30:00	Bicycle	NA	1	FALSE	FALSE	1	N MAIN ST	CANAL ST	2025-10-02	One-Way Trafficway	Dry	Daylight	Clear	Angle (Front - to - Side) Right Angle (Includes Broadside)	Yes	Stop Signs	2	0	No Injury	NA	41.83233	-71.41087	FALSE	FALSE	N Main Street and Canal Street, Providence, RI, USA	NA	Raw	NA	FALSE	41.83233	-71.41087	2025	October	Downtown	3
414	2025-10-03	928719	13:09:00	Pedestrian	1	NA	FALSE	FALSE	1	415 HARRIS AVE	ATWELLS AVE	2025-10-03	Two-Way , Not Divided	Dry	Daylight	Clear	Not a Collision Between Two Motor Vehicles in Transport	Yes	No Controls	3	1	Pain Reported	NA	41.82462	-71.43494	TRUE	FALSE	415 Harris Ave, Providence, RI, USA	NA	Raw	NA	FALSE	41.82462	-71.43494	2025	October	Valley	13
417	2025-10-05	928763	03:13:00	Pedestrian	1	NA	FALSE	FALSE	1	BROAD STREET	PORTLAND STREET	2025-10-05	Two-Way, Divided, Unprotected (painted>4feet) Medium	Dry	Dark - Lighted	Cloudy	Not a Collision Between Two Motor Vehicles in Transport	No	No Controls	4	1	Incapacitating	NA	41.82172	-71.4208	FALSE	FALSE	Broad Street and Portland Street, Providence, RI, USA	NA	Raw	distance greater than 100m	TRUE	41.82172	-71.4208	2025	October	Federal Hill	13
418	2025-10-05	928779	19:41:00	Pedestrian	1	NA	FALSE	FALSE	1	COLLEGE ST	COLLEGE ST	2025-10-05	Two-Way , Not Divided	Dry	Dark - Lighted	Clear	Not a Collision Between Two Motor Vehicles in Transport	No	No Controls	2	1	Non-Incapacitating	NA	41.82552	-71.40821	FALSE	FALSE	College Street and College Street, Providence, RI, USA	NA	Raw	distance greater than 100m	TRUE	41.82552	-71.40821	2025	October	Downtown	1
419	2025-10-05	928781	22:26:00	Pedestrian	1	NA	FALSE	FALSE	1	RANDALL ST	NORTH MAIN ST	2025-10-05	Two-Way , Not Divided	Dry	Dark - Lighted	Clear	Not a Collision Between Two Motor Vehicles in Transport	Yes	Traffic Control Signal	1	1	Pain Reported	NA	41.83776	-71.41013	FALSE	FALSE	Randall Street and North Main Street, Providence, RI, USA	NA	Raw	NA	FALSE	41.83776	-71.41013	2025	October	Mount Hope	3
420	2025-10-05	928845	01:36:00	Pedestrian	1	NA	FALSE	FALSE	1	POTTERS AVE	ELMWOOD AVE	2025-10-07	Two-Way, Divided, Unprotected (painted>4feet) Medium	Dry	Dark - Lighted	Clear	Not a Collision Between Two Motor Vehicles in Transport	No	No Controls	5	1	Non-Incapacitating	NA	41.80151	-71.42635	FALSE	FALSE	Potters Ave and Elmwood Ave, Providence, RI, USA	NA	Raw	NA	FALSE	41.80151	-71.42635	2025	October	West End	9
421	2025-10-05	929252	15:30:00	Pedestrian	1	NA	FALSE	FALSE	1	WASHINGTON ST	DEAN ST	2025-10-21	Two-Way , Not Divided	Dry	Daylight	Clear	Unknown	No	Unknown	1	1	Pain Reported	NA	41.81907	-71.42074	FALSE	FALSE	Washington Street and Dean Street, Providence, RI, USA	NA	Raw	NA	FALSE	41.81907	-71.42074	2025	October	Federal Hill	13
422	2025-10-06	928798	12:06:00	Pedestrian	1	NA	FALSE	FALSE	1	ELMWOOD AVE	EARL ST	2025-10-06	Two-Way, Divided, Unprotected (painted>4feet) Medium	Dry	Daylight	Clear	Not a Collision Between Two Motor Vehicles in Transport	No	No Controls	3	1	Pain Reported	NA	41.79829	-71.42622	FALSE	FALSE	Elmwood Ave and Earl Street, Providence, RI, USA	NA	Raw	NA	FALSE	41.79829	-71.42622	2025	October	West End	9
423	2025-10-07	928843	15:00:00	Pedestrian	1	NA	FALSE	FALSE	1	CRANSTON ST	FRICKER ST	2025-10-07	Two-Way , Not Divided	Dry	Daylight	Clear	Other	Yes	No Controls	2	0	No Injury	NA	41.81684	-71.42276	FALSE	FALSE	Cranston Street and Fricker Street, Providence, RI, USA	NA	Raw	NA	FALSE	41.81684	-71.42276	2025	October	West End	11
424	2025-10-07	929384	00:00:00	Pedestrian	1	NA	FALSE	FALSE	1	DEXTER ST	CRANSTON ST	2025-10-24	Two-Way , Not Divided	Dry	Unknown	Clear	Other	Yes	Unknown	1	1	Pain Reported	NA	41.81256	-71.42957	FALSE	FALSE	Dexter Street and Cranston Street, Providence, RI, USA	NA	Raw	NA	FALSE	41.81256	-71.42957	2025	October	West End	11
425	2025-10-08	928870	13:07:00	Pedestrian	1	NA	TRUE	FALSE	1	CARTER ST	VINEYARD ST	2025-10-08	Two-Way, Divided, Unprotected (painted>4feet) Medium	Wet	Daylight	Rain	Not a Collision Between Two Motor Vehicles in Transport	No	Other	2	1	Pain Reported	NA	41.79991	-71.42889	FALSE	FALSE	Carter Street and Vineyard Street, Providence, RI, USA	NA	Raw	NA	FALSE	41.79991	-71.42889	2025	October	West End	8
426	2025-10-09	928907	15:19:00	Pedestrian	1	NA	FALSE	FALSE	1	114 GEORGE ST	THAYER ST	2025-10-09	Two-Way , Not Divided	Dry	Daylight	Clear	Not a Collision Between Two Motor Vehicles in Transport	Yes	No Controls	1	0	No Injury	2	NA	NA	TRUE	FALSE	114 George Street, Providence, RI, USA	NA	Neither	raw coords null but geocoded coords found	TRUE	41.82547	-71.40124	2025	October	College Hill	2
427	2025-10-09	928908	18:29:00	Pedestrian	1	NA	FALSE	FALSE	1	CAMDEN AVE	CHALKSTONE AVE	2025-10-09	One-Way Trafficway	Dry	Dark - Lighted	Clear	Not a Collision Between Two Motor Vehicles in Transport	No	No Controls	4	1	Pain Reported	1	41.8353	-71.42536	FALSE	FALSE	Camden Ave and Chalkstone Ave, Providence, RI, USA	NA	Raw	NA	FALSE	41.8353	-71.42536	2025	October	Smith Hill	12
428	2025-10-10	928916	09:00:00	Pedestrian	1	NA	FALSE	FALSE	1	DELAINE ST	VALLEY ST	2025-10-10	Two-Way , Not Divided	Dry	Daylight	Clear	Sideswipe, Same Direction	Yes	Pavement Markings	2	0	No Injury	NA	41.81951	-71.44053	FALSE	FALSE	Delaine Street and Valley Street, Providence, RI, USA	NA	Raw	NA	FALSE	41.81951	-71.44053	2025	October	Olneyville	15
429	2025-10-10	928921	11:28:00	Pedestrian	1	NA	FALSE	FALSE	1	DOYLE AVE	HOPE ST	2025-10-10	Two-Way , Not Divided	Dry	Daylight	Clear	Not a Collision Between Two Motor Vehicles in Transport	No	No Controls	3	1	Pain Reported	NA	41.83877	-71.40054	FALSE	FALSE	Doyle Ave and Hope Street, Providence, RI, USA	NA	Raw	NA	FALSE	41.83877	-71.40054	2025	October	Mount Hope	3
430	2025-10-10	928922	11:41:00	Other	NA	1	FALSE	FALSE	1	BROAD ST	CAHIR ST	2025-10-10	Two-Way, Divided, Unprotected (painted>4feet) Medium	Dry	Daylight	Clear	Not a Collision Between Two Motor Vehicles in Transport	No	Traffic Control Signal	4	1	Pain Reported	NA	41.81692	-71.41795	FALSE	FALSE	Broad Street and Cahir Street, Providence, RI, USA	NA	Raw	NA	FALSE	41.81692	-71.41795	2025	October	Upper South Providence	11
431	2025-10-10	928943	00:33:00	Other	NA	1	FALSE	FALSE	1	BRANCH AVE	BRANCH AVE EXIT 24	2025-10-11	Two-Way, Divided, Positive Median Barrier	Dry	Dark - Lighted	Cloudy	Not a Collision Between Two Motor Vehicles in Transport	No	Traffic Control Signal	2	2	Non-Incapacitating	NA	41.84629	-71.41157	FALSE	FALSE	Branch Ave and Branch Ave Exit 24, Providence, RI, USA	NA	Raw	distance greater than 100m	TRUE	41.84629	-71.41157	2025	October	Mount Hope	4
433	2025-10-12	929224	14:30:00	Pedestrian	1	NA	FALSE	FALSE	1	POINT ST	S WATER ST	2025-10-20	Unknown	Dry	Daylight	Clear	Unknown	No	Unknown	2	1	Pain Reported	NA	41.81864	-71.4017	FALSE	FALSE	Point Street and S Water Street, Providence, RI, USA	NA	Raw	NA	FALSE	41.81864	-71.4017	2025	October	Fox Point	1
434	2025-10-13	928995	12:09:00	Bicycle	NA	1	FALSE	FALSE	1	CHAD BROWN ST	CAMDEN AVE	2025-10-13	Two-Way , Not Divided	Wet	Daylight	Rain	Angle (Front - to - Side) Right Angle (Includes Broadside)	No	Stop Signs	3	1	Pain Reported	NA	41.83888	-71.42671	FALSE	FALSE	Chad Brown Street and Camden Ave, Providence, RI, USA	NA	Raw	NA	FALSE	41.83888	-71.42671	2025	October	Smith Hill	12
435	2025-10-13	929011	20:40:00	Pedestrian	1	NA	FALSE	FALSE	1	MERCY ST	POCASSET AVE	2025-10-14	Two-Way , Not Divided	Wet	Dark - Lighted	Rain	Not a Collision Between Two Motor Vehicles in Transport	No	Pavement Markings	2	1	Pain Reported	NA	41.80854	-71.45566	FALSE	FALSE	Mercy Street and Pocasset Ave, Providence, RI, USA	NA	Raw	NA	FALSE	41.80854	-71.45566	2025	October	Silver Lake	7
436	2025-10-14	929048	19:56:00	Bicycle	NA	1	FALSE	FALSE	1	MOOREFIELD ST	POCASSET AVE	2025-10-14	Two-Way , Not Divided	Dry	Daylight	Clear	Other	No	No Controls	3	0	No Injury	NA	41.80696	-71.45682	FALSE	FALSE	Moorefield Street and Pocasset Ave, Providence, RI, USA	NA	Raw	NA	FALSE	41.80696	-71.45682	2025	October	Silver Lake	7
437	2025-10-14	929187	10:58:00	Pedestrian	1	NA	FALSE	FALSE	1	EATON ST	SMITH ST	2025-10-19	Two-Way , Not Divided	Dry	Dawn	Clear	Not a Collision Between Two Motor Vehicles in Transport	Yes	No Controls	2	1	Pain Reported	NA	41.84365	-71.44728	FALSE	FALSE	Eaton Street and Smith Street, Providence, RI, USA	NA	Raw	NA	FALSE	41.84365	-71.44728	2025	October	Mount Pleasant	5
438	2025-10-15	929066	15:38:00	Bicycle	NA	NA	FALSE	FALSE	1	850 MANTON AVE	NA	2025-10-15	Unknown	Dry	Daylight	Clear	Angle (Front - to - Side) Right Angle (Includes Broadside)	No	No Controls	3	0	No Injury	NA	NA	NA	TRUE	TRUE	850 Manton Ave, Providence, RI, USA	NA	Neither	raw coords null but geocoded coords found	TRUE	41.83307	-71.46595	2025	October	Manton	6
440	2025-10-16	929103	16:50:00	Pedestrian	1	NA	FALSE	FALSE	1	BROAD ST	PEARL ST	2025-10-16	Two-Way , Not Divided	Dry	Daylight	Clear	Not a Collision Between Two Motor Vehicles in Transport	No	Pavement Markings	3	1	Pain Reported	NA	41.81475	-71.42095	FALSE	FALSE	Broad Street and Pearl Street, Providence, RI, USA	NA	Raw	NA	FALSE	41.81475	-71.42095	2025	October	West End	11
441	2025-10-17	929138	15:15:00	Pedestrian	1	NA	FALSE	FALSE	1	ONTARIO ST	NIAGARA ST	2025-10-17	Two-Way , Not Divided	Dry	Daylight	Clear	Unknown	No	Stop Signs	2	2	Pain Reported	NA	41.79989	-71.41934	FALSE	FALSE	Ontario Street and Niagara Street, Providence, RI, USA	NA	Raw	NA	FALSE	41.79989	-71.41934	2025	October	Elmwood	9
442	2025-10-17	929148	19:24:00	Pedestrian	1	NA	FALSE	FALSE	1	RANDALL ST	CHARLES ST	2025-10-17	Two-Way , Not Divided	Dry	Dark - Lighted	Clear	Not a Collision Between Two Motor Vehicles in Transport	No	No Controls	2	1	Non-Incapacitating	NA	41.83702	-71.41107	FALSE	FALSE	Randall Street and Charles Street, Providence, RI, USA	NA	Raw	distance greater than 100m	TRUE	41.83702	-71.41107	2025	October	Mount Hope	3
443	2025-10-18	929172	16:22:00	Bicycle	NA	1	FALSE	FALSE	1	PITMAN ST	E RIVER ST	2025-10-18	Two-Way , Not Divided	Dry	Daylight	Clear	Angle (Front - to - Side) Right Angle (Includes Broadside)	No	No Controls	2	1	Pain Reported	NA	41.82682	-71.38252	FALSE	FALSE	Pitman Street and E River Street, Providence, RI, USA	NA	Raw	NA	FALSE	41.82682	-71.38252	2025	October	Fox Point	1
444	2025-10-18	929184	21:05:00	Pedestrian	1	NA	FALSE	FALSE	1	FOUNTAIN ST	EMPIRE ST	2025-10-19	Two-Way , Not Divided	Dry	Dark - Lighted	Clear	Not a Collision Between Two Motor Vehicles in Transport	No	Traffic Control Signal	4	1	Pain Reported	NA	41.82234	-71.41712	FALSE	FALSE	Fountain Street and Empire Street, Providence, RI, USA	NA	Raw	NA	FALSE	41.82234	-71.41712	2025	October	Downtown	1
445	2025-10-19	929190	14:01:00	Other	NA	1	FALSE	FALSE	1	HAWKINS ST	BRANCH AVE	2025-10-19	One-Way Trafficway	Dry	Daylight	Clear	Not a Collision Between Two Motor Vehicles in Transport	No	Traffic Control Signal	2	1	Pain Reported	NA	41.8509	-71.42142	FALSE	FALSE	Hawkins Street and Branch Ave, Providence, RI, USA	NA	Raw	NA	FALSE	41.8509	-71.42142	2025	October	Charles	4
446	2025-10-19	929255	16:44:00	Pedestrian	1	NA	FALSE	FALSE	1	CORLISS ST	NA	2025-10-21	Unknown	Dry	Daylight	Clear	Unknown	No	Unknown	2	1	Pain Reported	NA	NA	NA	FALSE	TRUE	Corliss Street, Providence, RI, USA	NA	Geocoded	raw coords null but geocoded coords found	TRUE	41.8406375	-71.4128294	2025	October	Mount Hope	4
447	2025-10-19	929331	18:22:00	Pedestrian	1	NA	FALSE	FALSE	1	WESTMINSTER ST	BOUGH ST	2025-10-22	Two-Way , Not Divided	Dry	Dark - Lighted	Clear	Not a Collision Between Two Motor Vehicles in Transport	Yes	No Controls	1	0	No Injury	NA	41.81656	-71.44159	FALSE	FALSE	Westminster Street and Bough Street, Providence, RI, USA	NA	Raw	NA	FALSE	41.81656	-71.44159	2025	October	Olneyville	15
448	2025-10-21	929282	16:48:00	Pedestrian	1	NA	FALSE	FALSE	1	MANTON AVE	THERESA CT	2025-10-21	Two-Way , Not Divided	Dry	Daylight	Clear	Not a Collision Between Two Motor Vehicles in Transport	No	No Controls	4	1	Pain Reported	NA	41.82163	-71.44874	FALSE	FALSE	Manton Ave and Theresa Ct, Providence, RI, USA	NA	Raw	NA	FALSE	41.82163	-71.44874	2025	October	Olneyville	15
449	2025-10-21	929288	19:43:00	Pedestrian	1	NA	FALSE	FALSE	1	PETTEYS AVE	GLENBRIDGE AVE	2025-10-21	Two-Way , Not Divided	Dry	Dusk	Clear	Not a Collision Between Two Motor Vehicles in Transport	Yes	No Controls	1	1	Non-Incapacitating	NA	41.81896	-71.4616	FALSE	FALSE	Petteys Ave and Glenbridge Ave, Providence, RI, USA	NA	Raw	NA	FALSE	41.81896	-71.4616	2025	October	Hartford	7
451	2025-10-23	929365	20:45:00	Pedestrian	1	NA	FALSE	FALSE	1	BRANCH AVE	ABRAM ST	2025-10-23	Two-Way , Not Divided	Dry	Dark - Lighted	Clear	Not a Collision Between Two Motor Vehicles in Transport	No	Pavement Markings	3	1	Incapacitating	NA	41.85407	-71.43042	FALSE	FALSE	Branch Ave and Abram Street, Providence, RI, USA	NA	Raw	NA	FALSE	41.85407	-71.43042	2025	October	Wanskuck	14
454	2025-10-26	929426	12:58:00	Pedestrian	1	NA	FALSE	FALSE	1	740 PLAINFIELD ST	NA	2025-10-26	Two-Way , Not Divided	Dry	Daylight	Clear	Not a Collision Between Two Motor Vehicles in Transport	Yes	No Controls	1	1	Pain Reported	NA	NA	NA	TRUE	TRUE	740 Plainfield Street, Providence, RI, USA	NA	Geocoded	raw coords null but geocoded coords found	TRUE	41.80983639999999	-71.46010369999999	2025	October	Silver Lake	7
455	2025-10-27	929473	20:13:00	Bicycle	NA	1	FALSE	FALSE	1	POTTERS AVE	HALTON ST	2025-10-27	Two-Way , Not Divided	Dry	Dark - Lighted	Clear	Not a Collision Between Two Motor Vehicles in Transport	No	Pavement Markings	2	1	Pain Reported	NA	41.80369	-71.43403	FALSE	FALSE	Potters Ave and Halton Street, Providence, RI, USA	NA	Raw	NA	FALSE	41.80369	-71.43403	2025	October	West End	8
456	2025-10-29	929530	10:19:00	Pedestrian	1	NA	FALSE	FALSE	1	Medway	Wayland	2025-10-29	Two-Way , Not Divided	Dry	Daylight	Cloudy	Other	No	Stop Signs	2	1	Pain Reported	NA	NA	NA	FALSE	FALSE	Medway and Wayland, Providence, RI, USA	NA	Geocoded	raw coords null but geocoded coords found	TRUE	41.8293413	-71.3881767	2025	October	Wayland	1
457	2025-10-29	929565	19:19:00	Pedestrian	1	NA	FALSE	FALSE	1	BROAD ST	NORWICH AVE	2025-10-30	Two-Way , Not Divided	Wet	Dark - Lighted	Sleet, Hail (Freezing Rain or Drizzle)	Not a Collision Between Two Motor Vehicles in Transport	No	No Controls	2	1	Pain Reported	NA	41.80216	-71.41866	FALSE	FALSE	Broad Street and Norwich Ave, Providence, RI, USA	NA	Raw	NA	FALSE	41.80216	-71.41866	2025	October	Elmwood	9
458	2025-10-30	929583	12:34:00	Pedestrian	1	NA	FALSE	FALSE	1	CHARLES ST	ORMS ST	2025-10-30	Two-Way , Not Divided	Dry	Daylight	Cloudy	Not a Collision Between Two Motor Vehicles in Transport	Yes	Pavement Markings	2	1	Pain Reported	NA	41.83518	-71.41154	FALSE	FALSE	Charles Street and Orms Street, Providence, RI, USA	NA	Raw	NA	FALSE	41.83518	-71.41154	2025	October	Mount Hope	3
459	2025-10-30	929589	14:51:00	Pedestrian	1	NA	FALSE	FALSE	1	WESTMINSTER ST	LAFAYETTE ST	2025-10-30	Unknown	Wet	Daylight	Rain	Not a Collision Between Two Motor Vehicles in Transport	Yes	Unknown	2	1	Pain Reported	NA	41.81734	-71.42322	FALSE	FALSE	Westminster Street and Lafayette Street, Providence, RI, USA	NA	Raw	NA	FALSE	41.81734	-71.42322	2025	October	West End	13
461	2025-10-31	929622	09:30:00	Bicycle	NA	1	FALSE	FALSE	1	KILLINGLY ST EXIT	KILLINGLY ST	2025-10-31	One-Way Trafficway	Dry	Daylight	Clear	Not a Collision Between Two Motor Vehicles in Transport	No	Stop Signs	2	1	Pain Reported	NA	41.8212	-71.46975	FALSE	FALSE	Killingly Street Exit and Killingly Street, Providence, RI, USA	NA	Raw	NA	FALSE	41.8212	-71.46975	2025	October	Hartford	7
462	2025-10-31	929631	18:24:00	Pedestrian	1	NA	FALSE	FALSE	1	Blackstone Blvd	UNIVERSITY AVE	2025-10-31	Two-Way , Not Divided	Dry	Dark - Lighted	Clear	Other	No	No Controls	2	2	Pain Reported	NA	41.83478	-71.38442	FALSE	FALSE	Blackstone Blvd and University Ave, Providence, RI, USA	NA	Raw	NA	FALSE	41.83478	-71.38442	2025	October	Wayland	2
463	2025-11-02	929681	14:27:00	Bicycle	NA	1	FALSE	FALSE	1	AMERICA ST	ATWELLS AVE	2025-11-02	Two-Way , Not Divided	Dry	Daylight	Clear	Not a Collision Between Two Motor Vehicles in Transport	No	Stop Signs	2	1	Pain Reported	NA	41.82369	-71.42832	FALSE	FALSE	America Street and Atwells Ave, Providence, RI, USA	NA	Raw	NA	FALSE	41.82369	-71.42832	2025	November	Federal Hill	13
466	2025-11-04	929756	14:50:00	Other	NA	1	TRUE	FALSE	1	ACADEMY AVE	SMITH ST	2025-11-04	Two-Way , Not Divided	Dry	Daylight	Clear	Not a Collision Between Two Motor Vehicles in Transport	No	Traffic Control Signal	3	0	No Injury	NA	41.84258	-71.44515	FALSE	FALSE	Academy Ave and Smith Street, Providence, RI, USA	NA	Raw	NA	FALSE	41.84258	-71.44515	2025	November	Mount Pleasant	5
468	2025-11-06	929811	09:27:00	Pedestrian	1	NA	FALSE	FALSE	1	DOYLE AVE	N MAIN ST	2025-11-06	Two-Way, Divided, Unprotected (painted>4feet) Medium	Dry	Daylight	Clear	Not a Collision Between Two Motor Vehicles in Transport	No	Pavement Markings	2	1	Pain Reported	NA	41.83835	-71.40908	FALSE	FALSE	Doyle Ave and N Main Street, Providence, RI, USA	NA	Raw	NA	FALSE	41.83835	-71.40908	2025	November	Mount Hope	3