row_number	crash_date	crash_report_id	crash_time	collision_type	count_pedestrian	count_bicycle	scooter	wheel_chair	number_of_vehicles	street_or_highway	nearest_intersection	report_date	type_of_roadway	road_surface_condition	light_condition	weather_condition	manner_of_impact	hit_and_run	traffic_control	person_count	injury_count	most_serious_injury	number_of_lanes	lat_raw	lon_raw	has_st_number	is_intersection_null	address_sent_to_geocoder	api_coord_conf	best_coordinate_set	reason_for_qa	manually_qaed_record	final_lat	final_lon	year	month	pvd_nhood	pvd_wards
469	2025-11-06	929832	21:34:00	Pedestrian	1	NA	FALSE	FALSE	1	Whitehall st	PROGRESS AVE	2025-11-06	Two-Way , Not Divided	Dry	Dark - Lighted	Clear	Other	Yes	No Controls	1	1	Pain Reported	NA	41.80973	-71.44483	FALSE	FALSE	Whitehall Street and Progress Ave, Providence, RI, USA	NA	Raw	NA	FALSE	41.80973	-71.44483	2025	November	Silver Lake	15
470	2025-11-06	929847	15:48:00	Pedestrian	1	NA	TRUE	FALSE	1	PALLAS ST	BROADWAY	2025-11-07	Two-Way , Not Divided	Dry	Daylight	Clear	Angle (Front - to - Side) Right Angle (Includes Broadside)	No	No Controls	3	1	Pain Reported	NA	41.82101	-71.42415	FALSE	FALSE	Pallas Street and Broadway, Providence, RI, USA	NA	Raw	NA	FALSE	41.82101	-71.42415	2025	November	Federal Hill	13
472	2025-11-09	929873	10:24:00	Bicycle	NA	1	FALSE	FALSE	1	CURTIS ST	SHERIDAN ST	2025-11-09	Two-Way , Not Divided	Dry	Daylight	Clear	Not a Collision Between Two Motor Vehicles in Transport	Yes	No Controls	1	0	No Injury	NA	41.82313	-71.4518	FALSE	FALSE	Curtis Street and Sheridan Street, Providence, RI, USA	NA	Raw	NA	FALSE	41.82313	-71.4518	2025	November	Olneyville	15
473	2025-11-09	932838	11:54:00	Bicycle	NA	1	FALSE	FALSE	1	BELLEVUE AVE	DEXTER ST	2026-01-17	Two-Way , Not Divided	Dry	Daylight	Clear	Angle (Front - to - Side) Right Angle (Includes Broadside)	No	Stop Signs	2	1	Pain Reported	NA	41.80744	-71.42869	FALSE	FALSE	Bellevue Ave and Dexter Street, Providence, RI, USA	NA	Raw	NA	FALSE	41.80744	-71.42869	2025	November	West End	8
475	2025-11-10	929896	11:59:00	Pedestrian	1	NA	FALSE	FALSE	1	POINT ST	RICHMOND ST	2025-11-10	Two-Way , Not Divided	Wet	Daylight	Rain	Not a Collision Between Two Motor Vehicles in Transport	No	Traffic Control Signal	2	1	Non-Incapacitating	NA	41.81657	-71.40724	FALSE	FALSE	Point Street and Richmond Street, Providence, RI, USA	NA	Raw	NA	FALSE	41.81657	-71.40724	2025	November	Downtown	1
476	2025-11-10	929903	18:21:00	Pedestrian	1	NA	FALSE	FALSE	1	GEORGE ST	BROWN ST	2025-11-10	Two-Way , Not Divided	Wet	Daylight	Rain	Not a Collision Between Two Motor Vehicles in Transport	No	Pavement Markings	3	1	Pain Reported	NA	41.82535	-71.40276	FALSE	FALSE	George Street and Brown Street, Providence, RI, USA	NA	Raw	NA	FALSE	41.82535	-71.40276	2025	November	College Hill	2
477	2025-11-10	929904	15:09:00	Pedestrian	1	NA	FALSE	FALSE	1	DOUGLAS AVE	CHAD BROWN ST	2025-11-10	Two-Way , Not Divided	Dry	Daylight	Cloudy	Not a Collision Between Two Motor Vehicles in Transport	No	No Controls	4	0	No Injury	NA	41.83988	-71.42639	FALSE	FALSE	Douglas Ave and Chad Brown Street, Providence, RI, USA	NA	Raw	NA	FALSE	41.83988	-71.42639	2025	November	Smith Hill	12
478	2025-11-11	929918	22:35:00	Other	NA	1	FALSE	FALSE	1	Vermont Ave	VIRGINIA AVE	2025-11-11	Two-Way , Not Divided	Dry	Dark - Lighted	Clear	Angle (Front - to - Side) Opposite Direction	Yes	No Controls	1	1	Pain Reported	NA	41.78876	-71.39591	FALSE	FALSE	Vermont Ave and Virginia Ave, Providence, RI, USA	NA	Geocoded	distance greater than 100m	TRUE	41.7882227	-71.3989962	2025	November	Washington Park	10
480	2025-11-12	929938	20:46:00	Pedestrian	1	NA	FALSE	FALSE	1	BROAD ST	THURBERS AVE	2025-11-12	Two-Way , Not Divided	Dry	Dark - Lighted	Clear	Not a Collision Between Two Motor Vehicles in Transport	Yes	No Controls	1	0	No Injury	NA	41.7982	-71.41467	FALSE	FALSE	Broad Street and Thurbers Ave, Providence, RI, USA	NA	Raw	NA	FALSE	41.7982	-71.41467	2025	November	Elmwood	9
481	2025-11-12	929939	16:00:00	Pedestrian	1	NA	FALSE	FALSE	1	Broad st	Cahir St	2025-11-12	Two-Way , Not Divided	Dry	Daylight	Clear	Angle (Front - to - Side) Same Direction	No	Stop Signs	2	1	Pain Reported	NA	NA	NA	FALSE	FALSE	Broad Street and Cahir Street, Providence, RI, USA	NA	Geocoded	raw coords null but geocoded coords found	TRUE	41.8169555	-71.4178933	2025	November	Upper South Providence	11
482	2025-11-13	930044	23:30:00	Pedestrian	1	NA	FALSE	FALSE	1	WHIPPLE ST	ADMIRAL ST	2025-11-17	Two-Way , Not Divided	Dry	Dark - Unknown Lighting	Clear	Unknown	Yes	Unknown	2	1	Pain Reported	NA	41.84065	-71.41897	FALSE	FALSE	Whipple Street and Admiral Street, Providence, RI, USA	NA	Raw	NA	FALSE	41.84065	-71.41897	2025	November	Smith Hill	4
483	2025-11-14	929980	05:59:00	Pedestrian	1	NA	FALSE	FALSE	1	DUDLEY ST	PRAIRIE AVE	2025-11-14	Two-Way , Not Divided	Dry	Daylight	Clear	Unknown	Yes	Unknown	1	0	Unknown	NA	41.80996	-71.41568	FALSE	FALSE	Dudley Street and Prairie Ave, Providence, RI, USA	NA	Raw	NA	FALSE	41.80996	-71.41568	2025	November	Upper South Providence	11
485	2025-11-14	929991	18:36:00	Pedestrian	1	NA	FALSE	FALSE	1	CANAL ST	WASHINGTON ST	2025-11-14	Two-Way , Not Divided	Dry	Daylight	Clear	Other	Yes	No Controls	3	2	Pain Reported	NA	41.8267	-71.40953	FALSE	FALSE	Canal Street and Washington Street, Providence, RI, USA	NA	Raw	distance greater than 100m	TRUE	41.8267	-71.40953	2025	November	Downtown	1
488	2025-11-16	930068	09:45:00	Pedestrian	1	NA	FALSE	FALSE	1	N MAIN ST	DOYLE AVE	2025-11-17	Two-Way, Divided, Positive Median Barrier	Dry	Daylight	Clear	Other	No	Unknown	1	1	Pain Reported	NA	41.83834	-71.40923	FALSE	FALSE	N Main Street and Doyle Ave, Providence, RI, USA	NA	Raw	NA	FALSE	41.83834	-71.40923	2025	November	Mount Hope	3
490	2025-11-16	930696	15:37:00	Bicycle	NA	1	FALSE	FALSE	1	BROADWAY	VALLEY ST	2025-12-07	Two-Way, Divided, Unprotected (painted>4feet) Medium	Dry	Dusk	Cloudy	Not a Collision Between Two Motor Vehicles in Transport	No	No Controls	2	0	No Injury	NA	41.81684	-71.441	FALSE	FALSE	Broadway and Valley Street, Providence, RI, USA	NA	Raw	NA	FALSE	41.81684	-71.441	2025	November	Olneyville	15
491	2025-11-18	930113	19:40:00	Pedestrian	1	NA	FALSE	FALSE	1	GENTIAN AVE	LOTUS PL	2025-11-18	Two-Way , Not Divided	Dry	Dark - Not Lighted	Clear	Not a Collision Between Two Motor Vehicles in Transport	No	Other	2	1	Pain Reported	NA	41.84864	-71.45044	FALSE	FALSE	Gentian Ave and Lotus Pl, Providence, RI, USA	NA	Raw	NA	FALSE	41.84864	-71.45044	2025	November	Elmhurst	5
492	2025-11-18	930116	17:15:00	Pedestrian	1	NA	FALSE	FALSE	1	S MAIN ST	S MAIN ST	2025-11-18	One-Way Trafficway	Dry	Dark - Lighted	Clear	Not a Collision Between Two Motor Vehicles in Transport	Yes	No Controls	1	1	Pain Reported	NA	41.82368	-71.40634	FALSE	FALSE	S Main Street and S Main Street, Providence, RI, USA	NA	Raw	distance greater than 100m	TRUE	41.82368	-71.40634	2025	November	Downtown	2
496	2025-11-20	930187	09:02:00	Pedestrian	1	NA	FALSE	FALSE	1	35 PLAINFIELD ST	DIKE ST	2025-11-20	Unknown	Dry	Daylight	Clear	Not a Collision Between Two Motor Vehicles in Transport	Yes	No Controls	2	1	Pain Reported	NA	41.81627	-71.44457	TRUE	FALSE	35 Plainfield Street, Providence, RI, USA	NA	Raw	NA	FALSE	41.81627	-71.44457	2025	November	Olneyville	15
497	2025-11-20	930197	17:09:00	Pedestrian	1	NA	FALSE	FALSE	1	GEORGE ST	HOPE ST	2025-11-20	Two-Way , Not Divided	Dry	Dark - Lighted	Clear	Other	No	No Controls	2	1	Pain Reported	NA	41.82579	-71.39727	FALSE	FALSE	George Street and Hope Street, Providence, RI, USA	NA	Raw	NA	FALSE	41.82579	-71.39727	2025	November	College Hill	1
498	2025-11-21	930240	16:01:00	Bicycle	NA	1	FALSE	FALSE	1	CHAD BROWN ST	CAMDEN AVE	2025-11-21	Two-Way , Not Divided	Dry	Daylight	Clear	Not a Collision Between Two Motor Vehicles in Transport	Yes	Stop Signs	2	1	Pain Reported	NA	41.83888	-71.42671	FALSE	FALSE	Chad Brown Street and Camden Ave, Providence, RI, USA	NA	Raw	NA	FALSE	41.83888	-71.42671	2025	November	Smith Hill	12
499	2025-11-23	930284	09:23:00	Pedestrian	1	NA	FALSE	FALSE	1	EVERETT AVE	WAYLAND AVE	2025-11-23	Two-Way , Not Divided	Dry	Daylight	Clear	Not a Collision Between Two Motor Vehicles in Transport	Yes	No Controls	1	1	Pain Reported	NA	41.83623	-71.38971	FALSE	FALSE	Everett Ave and Wayland Ave, Providence, RI, USA	NA	Raw	NA	FALSE	41.83623	-71.38971	2025	November	Blackstone	2
500	2025-11-24	930318	16:58:00	Pedestrian	1	NA	FALSE	FALSE	1	prairie ave	BOGMAN ST	2025-11-24	Two-Way , Not Divided	Dry	Daylight	Clear	Other	No	No Controls	2	2	Pain Reported	NA	41.8062	-71.41509	FALSE	FALSE	Prairie Ave and Bogman Street, Providence, RI, USA	NA	Raw	NA	FALSE	41.8062	-71.41509	2025	November	Upper South Providence	11
502	2025-11-25	930337	09:01:00	Other	NA	NA	TRUE	FALSE	2	VIOLET ST	CHALKSTONE AVE	2025-11-25	Two-Way , Not Divided	Dry	Daylight	Clear	Angle (Front - to - Side) Right Angle (Includes Broadside)	Yes	Stop Signs	1	0	No Injury	NA	41.83492	-71.42668	FALSE	FALSE	Violet Street and Chalkstone Ave, Providence, RI, USA	NA	Raw	NA	FALSE	41.83492	-71.42668	2025	November	Smith Hill	12
505	2025-11-29	930434	17:54:00	Pedestrian	1	NA	FALSE	FALSE	1	KENNEDY PLZ	DORRANCE ST	2025-11-29	Two-Way , Not Divided	Dry	Dark - Lighted	Clear	Not a Collision Between Two Motor Vehicles in Transport	Yes	No Controls	1	1	Pain Reported	NA	41.82436	-71.41206	FALSE	FALSE	Kennedy Plz and Dorrance Street, Providence, RI, USA	NA	Raw	NA	FALSE	41.82436	-71.41206	2025	November	Downtown	1
506	2025-11-29	930437	15:55:00	Pedestrian	1	NA	FALSE	FALSE	2	BROAD ST	FRICKER ST	2025-11-29	Unknown	Dry	Daylight	Clear	Rear End(Front-to-Rear)	No	No Controls	4	1	Pain Reported	NA	41.81532	-71.42064	FALSE	FALSE	Broad Street and Fricker Street, Providence, RI, USA	NA	Raw	NA	FALSE	41.81532	-71.42064	2025	November	West End	11
507	2025-11-29	930444	21:51:00	Other	NA	1	FALSE	FALSE	1	MANTON AVE	ANDERSON ST	2025-11-29	Two-Way, Divided, Unprotected (painted>4feet) Medium	Dry	Dark - Lighted	Clear	Not a Collision Between Two Motor Vehicles in Transport	Yes	Stop Signs	1	1	Pain Reported	NA	41.82277	-71.45027	FALSE	FALSE	Manton Ave and Anderson Street, Providence, RI, USA	NA	Raw	NA	FALSE	41.82277	-71.45027	2025	November	Olneyville	15
510	2025-12-02	930546	07:40:00	Other	NA	1	FALSE	FALSE	1	DANFORTH ST	DANFORTH ST	2025-12-02	Two-Way , Not Divided	Wet	Daylight	Rain	Not a Collision Between Two Motor Vehicles in Transport	No	No Controls	2	1	Pain Reported	NA	41.83601	-71.42639	FALSE	FALSE	Danforth Street and Danforth Street, Providence, RI, USA	NA	Raw	NA	FALSE	41.83601	-71.42639	2025	December	Smith Hill	12
511	2025-12-03	930587	16:20:00	Pedestrian	1	NA	FALSE	FALSE	1	PUTNAM ST	HALE ST	2025-12-03	Two-Way , Not Divided	Dry	Daylight	Clear	Not a Collision Between Two Motor Vehicles in Transport	No	No Controls	3	1	Pain Reported	NA	41.82386	-71.44388	FALSE	FALSE	Putnam Street and Hale Street, Providence, RI, USA	NA	Raw	NA	FALSE	41.82386	-71.44388	2025	December	Olneyville	15
512	2025-12-03	930593	15:57:00	Pedestrian	1	NA	FALSE	FALSE	2	SERVICE ROAD 7	BROADWAY	2025-12-03	One-Way Trafficway	Dry	Daylight	Clear	Other	No	Pavement Markings	5	0	No Injury	NA	41.8213	-71.42072	FALSE	FALSE	Service Road 7 and Broadway, Providence, RI, USA	NA	Raw	NA	FALSE	41.8213	-71.42072	2025	December	Federal Hill	13
513	2025-12-04	930623	17:54:00	Pedestrian	1	NA	FALSE	FALSE	1	ELMWOOD AVE	POTTERS AVE	2025-12-04	Two-Way , Not Divided	Dry	Dark - Lighted	Clear	Other	No	Traffic Control Signal	3	1	Pain Reported	NA	NA	NA	FALSE	FALSE	Elmwood Ave and Potters Ave, Providence, RI, USA	NA	Geocoded	raw coords null but geocoded coords found	TRUE	41.8015181	-71.4263526	2025	December	West End	9
514	2025-12-05	930658	16:40:00	Pedestrian	2	NA	FALSE	FALSE	1	THURBERS AVE	PRAIRIE AVE	2025-12-05	Two-Way , Not Divided	Dry	Dark - Not Lighted	Clear	Not a Collision Between Two Motor Vehicles in Transport	Yes	Pavement Markings	2	2	Pain Reported	NA	41.79873	-71.41191	FALSE	FALSE	Thurbers Ave and Prairie Ave, Providence, RI, USA	NA	Raw	NA	FALSE	41.79873	-71.41191	2025	December	Lower South Providence	10
515	2025-12-05	930659	17:36:00	Pedestrian	1	NA	FALSE	FALSE	1	OAKLAND AVE	SMITH ST	2025-12-05	Two-Way , Not Divided	Dry	Dark - Lighted	Clear	Not a Collision Between Two Motor Vehicles in Transport	No	Pavement Markings	4	1	Pain Reported	NA	41.83623	-71.43046	FALSE	FALSE	Oakland Ave and Smith Street, Providence, RI, USA	NA	Raw	NA	FALSE	41.83623	-71.43046	2025	December	Elmhurst	12
516	2025-12-06	930681	02:57:00	Pedestrian	1	NA	FALSE	FALSE	1	BRIDGE STREET	POINT ST	2025-12-06	One-Way Trafficway	Dry	Dark - Lighted	Clear	Not a Collision Between Two Motor Vehicles in Transport	Yes	No Controls	2	1	Pain Reported	NA	41.81835	-71.40262	FALSE	FALSE	Bridge Street and Point Street, Providence, RI, USA	NA	Raw	NA	FALSE	41.81835	-71.40262	2025	December	Fox Point	1
518	2025-12-11	930797	02:30:00	Bicycle	NA	1	FALSE	FALSE	1	Thayer St/Waterman St	THAYER ST	2025-12-11	One-Way Trafficway	Wet	Dark - Lighted	Clear	Other	Yes	Traffic Control Signal	2	1	Pain Reported	NA	41.82728	-71.40054	FALSE	FALSE	Thayer St/Waterman Street and Thayer Street, Providence, RI, USA	NA	Raw	NA	FALSE	41.82728	-71.40054	2025	December	College Hill	2
519	2025-12-12	930842	11:03:00	Pedestrian	2	NA	FALSE	FALSE	1	KILLINGLY ST	HARTFORD AVE	2025-12-12	Two-Way , Not Divided	Dry	Daylight	Clear	Not a Collision Between Two Motor Vehicles in Transport	No	Pavement Markings	3	1	Pain Reported	NA	41.81998	-71.46893	FALSE	FALSE	Killingly Street and Hartford Ave, Providence, RI, USA	NA	Raw	NA	FALSE	41.81998	-71.46893	2025	December	Hartford	7
521	2025-12-15	931919	15:25:00	Pedestrian	1	NA	FALSE	FALSE	1	COLE AVE	ROCHAMBEAU AVE	2025-12-15	Two-Way , Not Divided	Dry	Daylight	Clear	Not a Collision Between Two Motor Vehicles in Transport	No	Pavement Markings	3	1	Pain Reported	NA	41.8458	-71.38919	FALSE	FALSE	Cole Ave and Rochambeau Ave, Providence, RI, USA	NA	Raw	NA	FALSE	41.8458	-71.38919	2025	December	Blackstone	2
522	2025-12-16	931955	18:49:00	Pedestrian	1	NA	FALSE	FALSE	1	POCASSET AVE	MAGDALENE ST	2025-12-16	Two-Way , Not Divided	Dry	Dark - Lighted	Clear	Not a Collision Between Two Motor Vehicles in Transport	No	No Controls	3	1	Non-Incapacitating	NA	41.8084	-71.45572	FALSE	FALSE	Pocasset Ave and Magdalene Street, Providence, RI, USA	NA	Raw	NA	FALSE	41.8084	-71.45572	2025	December	Silver Lake	7
523	2025-12-17	932000	17:26:00	Pedestrian	1	NA	FALSE	FALSE	1	WESTMINSTER ST	COLLEGE ST	2025-12-17	Two-Way , Not Divided	Dry	Dark - Lighted	Clear	Not a Collision Between Two Motor Vehicles in Transport	No	Pavement Markings	2	1	Pain Reported	NA	41.82529	-71.40895	FALSE	FALSE	Westminster Street and College Street, Providence, RI, USA	NA	Raw	NA	FALSE	41.82529	-71.40895	2025	December	Downtown	1
526	2025-12-18	932050	17:03:00	Pedestrian	1	NA	FALSE	FALSE	2	Manton Ave	HYAT ST	2025-12-18	Two-Way , Not Divided	Dry	Dark - Lighted	Clear	Rear End(Front-to-Rear)	No	No Controls	5	3	Pain Reported	NA	41.8214	-71.44844	FALSE	FALSE	Manton Ave and Hyat Street, Providence, RI, USA	NA	Raw	NA	FALSE	41.8214	-71.44844	2025	December	Olneyville	15
527	2025-12-18	932051	15:32:00	Pedestrian	1	NA	FALSE	FALSE	1	MEMORIAL BLVD	FRANCIS ST	2025-12-18	One-Way Trafficway	Dry	Daylight	Clear	Not a Collision Between Two Motor Vehicles in Transport	No	Traffic Control Signal	3	1	Pain Reported	NA	41.82578	-71.41521	FALSE	FALSE	Memorial Blvd and Francis Street, Providence, RI, USA	NA	Raw	NA	FALSE	41.82578	-71.41521	2025	December	Downtown	1
530	2025-12-23	932194	11:56:00	Pedestrian	1	NA	FALSE	FALSE	1	BROAD ST	MASSIE AVE	2025-12-23	Two-Way , Not Divided	Dry	Daylight	Clear	Sideswipe, Same Direction	Yes	Unknown	1	1	Pain Reported	NA	41.80099	-71.41801	FALSE	FALSE	Broad Street and Massie Ave, Providence, RI, USA	NA	Raw	NA	FALSE	41.80099	-71.41801	2025	December	Elmwood	9
531	2025-12-23	932272	18:45:00	Pedestrian	2	NA	FALSE	FALSE	2	LEXINGTON AVE	ELMWOOD AVE	2025-12-26	Unknown	Dry	Dark - Lighted	Clear	Rear End(Front-to-Rear)	Yes	Unknown	3	0	Unknown	NA	41.7972	-71.42564	FALSE	FALSE	Lexington Ave and Elmwood Ave, Providence, RI, USA	NA	Raw	NA	FALSE	41.7972	-71.42564	2025	December	West End	9
532	2025-12-23	932273	18:06:00	Other	NA	1	FALSE	FALSE	1	9 DABOLL ST	NA	2025-12-26	Unknown	Dry	Dark - Lighted	Clear	Other	No	No Controls	2	0	No Injury	NA	NA	NA	TRUE	TRUE	9 Daboll Street, Providence, RI, USA	NA	Neither	raw coords null but geocoded coords found	TRUE	41.8043	-71.42018	2025	December	Elmwood	9
533	2025-12-24	932231	09:32:00	Pedestrian	1	NA	FALSE	FALSE	1	1075 N MAIN ST	1ST ST	2025-12-24	Unknown	Wet	Daylight	Rain	Other	No	Other	3	2	Pain Reported	NA	41.84997	-71.40303	TRUE	FALSE	1075 N Main Street, Providence, RI, USA	NA	Raw	NA	FALSE	41.84997	-71.40303	2025	December	Hope	3
535	2025-12-26	932291	19:44:00	Pedestrian	1	NA	FALSE	FALSE	1	broad st	BROAD ST	2025-12-26	Two-Way , Not Divided	Dry	Dark - Not Lighted	Clear	Not a Collision Between Two Motor Vehicles in Transport	No	Pavement Markings	3	1	Pain Reported	NA	41.79756	-71.41388	FALSE	FALSE	Broad Street and Broad Street, Providence, RI, USA	NA	Raw	distance greater than 100m	TRUE	41.79756	-71.41388	2025	December	Elmwood	10
536	2025-12-28	932332	16:51:00	Bicycle	NA	1	FALSE	FALSE	1	BROADWAY	TOBEY ST	2025-12-28	Two-Way, Divided, Unprotected (painted>4feet) Medium	Slush	Dark - Not Lighted	Clear	Angle (Front - to - Side) Right Angle (Includes Broadside)	No	Traffic Control Signal	3	1	Pain Reported	NA	41.81848	-71.43503	FALSE	FALSE	Broadway and Tobey Street, Providence, RI, USA	NA	Raw	NA	FALSE	41.81848	-71.43503	2025	December	Federal Hill	13
542	2025-12-29	932368	19:56:00	Pedestrian	1	NA	FALSE	FALSE	1	WASHINGTON ST	MEMORIAL BLVD	2025-12-29	Two-Way, Divided, Positive Median Barrier	Wet	Dark - Lighted	Rain	Not a Collision Between Two Motor Vehicles in Transport	No	Traffic Control Signal	2	1	Non-Incapacitating	NA	41.82635	-71.41015	FALSE	FALSE	Washington Street and Memorial Blvd, Providence, RI, USA	NA	Raw	NA	FALSE	41.82635	-71.41015	2025	December	Downtown	1
543	2025-12-31	932421	16:36:00	Pedestrian	1	NA	FALSE	FALSE	1	EMPIRE ST	WASHINGTON ST	2025-12-31	Two-Way , Not Divided	Dry	Daylight	Clear	Not a Collision Between Two Motor Vehicles in Transport	Yes	No Controls	3	1	Pain Reported	NA	41.82185	-71.41648	FALSE	FALSE	Empire Street and Washington Street, Providence, RI, USA	NA	Raw	NA	FALSE	41.82185	-71.41648	2025	December	Downtown	1
3774	2010-01-16	23859	10:25:00	Pedestrian	1	NA	FALSE	FALSE	1	BROAD ST	BROAD ST	2010-01-17	Two-Way , Not Divided	Dry	Daylight	Clear	Not a Collision Between Two Motor Vehicles in Transport	Yes	No Controls	1	1	Pain Reported	2	41.81379	-71.42152	FALSE	FALSE	Broad Street and Broad Street, Providence, RI, USA	Med	Unknown	distance greater than 100m	TRUE	NA	NA	2010	January	NA	NA
3733	2010-03-31	27810	18:26:00	Bicycle	NA	1	FALSE	FALSE	1	CHARLES ST	CHARLES ST	2010-03-31	Two-Way, Divided, Positive Median Barrier	Dry	Daylight	Clear	Not a Collision Between Two Motor Vehicles in Transport	No	No Controls	3	1	Incapacitating	NA	41.83588	-71.41192	FALSE	FALSE	Charles Street and Charles Street, Providence, RI, USA	Med	Unknown	distance greater than 100m	TRUE	NA	NA	2010	March	NA	NA
3616	2010-08-11	37205	17:32:00	Pedestrian	1	NA	FALSE	FALSE	1	HARTFORD AVE	PRIVATE PROPERTY	2010-08-11	Two-Way , Not Divided	Dry	Daylight	Clear	Rear End(Front-to-Rear)	No	No Controls	5	1	Pain Reported	NA	41.82	-71.46876	FALSE	FALSE	Hartford Ave and Private Property, Providence, RI, USA	Med	Unknown	distance greater than 100m	TRUE	NA	NA	2010	August	NA	NA
3441	2011-04-21	69589	07:57:00	Bicycle	NA	1	FALSE	FALSE	1	DEAN ST	UNNAMED_42	2011-04-21	Two-Way, Not Divided With a Continuous Left Turn Lane	Dry	Daylight	Clear	Rear End(Front-to-Rear)	No	No Controls	2	1	Non-Incapacitating	2	41.83007	-71.42745	FALSE	FALSE	Dean Street and Unnamed_42, Providence, RI, USA	Med	Unknown	distance greater than 100m	TRUE	NA	NA	2011	April	NA	NA
3354	2011-08-16	85977	19:08:00	Bicycle	NA	1	FALSE	FALSE	1	SMITHFIELD AVE	SMITHFIELD AVE	2011-08-16	Two-Way , Not Divided	Dry	Daylight	Clear	Sideswipe, Same Direction	No	No Controls	2	0	No Injury	NA	41.8588	-71.41098	FALSE	FALSE	Smithfield Ave and Smithfield Ave, Providence, RI, USA	Med High	Unknown	distance greater than 100m	TRUE	NA	NA	2011	August	NA	NA
3288	2011-11-07	99781	11:33:00	Pedestrian	1	NA	FALSE	FALSE	1	ELMWOOD AVE	ELMWOOD AVE	2011-11-07	Two-Way , Not Divided	Dry	Daylight	Clear	Other	Yes	No Controls	2	1	Pain Reported	NA	41.80812	-71.42473	FALSE	FALSE	Elmwood Ave and Elmwood Ave, Providence, RI, USA	Med	Unknown	distance greater than 100m	TRUE	NA	NA	2011	November	NA	NA
3261	2011-12-13	106624	17:08:00	Pedestrian	1	NA	FALSE	FALSE	1	CHARLES ST	CHARLES ST	2011-12-13	Two-Way, Divided, Unprotected (painted>4feet) Medium	Dry	Dark - Lighted	Clear	Other	No	No Controls	2	1	Pain Reported	NA	41.85344	-71.42047	FALSE	FALSE	Charles Street and Charles Street, Providence, RI, USA	Med	Unknown	distance greater than 100m	TRUE	NA	NA	2011	December	NA	NA
3144	2012-06-05	133049	16:42:00	Pedestrian	1	NA	FALSE	FALSE	1	DOUGLAS AVE	DOUGLAS AVE	2012-06-05	Two-Way , Not Divided	Dry	Daylight	Clear	Unknown	No	No Controls	2	0	No Injury	NA	41.84663	-71.42969	FALSE	FALSE	Douglas Ave and Douglas Ave, Providence, RI, USA	Med High	Unknown	distance greater than 100m	TRUE	NA	NA	2012	June	NA	NA
3122	2012-06-26	135827	15:49:00	Bicycle	NA	1	FALSE	FALSE	1	Eddy St.	NA	2012-06-26	Two-Way , Not Divided	Dry	Daylight	Clear	Angle (Front - to - Side) Right Angle (Includes Broadside)	No	No Controls	2	0	No Injury	NA	41.83148	-71.41133	FALSE	TRUE	Eddy St., Providence, RI, USA	Inaccurate	Unknown	distance greater than 100m	TRUE	NA	NA	2012	June	NA	NA
3113	2012-07-07	137554	12:10:00	Pedestrian	1	NA	FALSE	FALSE	1	PLAINFIELD ST	DUXBURY ST	2012-07-13	Two-Way, Divided, Positive Median Barrier	Dry	Daylight	Clear	Not a Collision Between Two Motor Vehicles in Transport	No	Stop Signs	2	1	Pain Reported	NA	41.81067	-71.46221	FALSE	FALSE	Plainfield Street and Duxbury Street, Providence, RI, USA	Med High	Unknown	distance greater than 100m	TRUE	NA	NA	2012	July	NA	NA
3020	2012-10-16	153461	16:10:00	Pedestrian	1	NA	FALSE	FALSE	1	PLAINFIELD ST	PLAINFIELD ST	2012-10-16	Two-Way, Divided, Positive Median Barrier	Dry	Daylight	Clear	Head-On (Front - to - Front)	No	No Controls	2	1	Pain Reported	NA	41.81304	-71.45674	FALSE	FALSE	Plainfield Street and Plainfield Street, Providence, RI, USA	Med	Unknown	distance greater than 100m	TRUE	NA	NA	2012	October	NA	NA
2991	2012-11-11	157510	18:53:00	Pedestrian	1	NA	FALSE	FALSE	1	DOUGLAS AVE	DOUGLAS AVE	2012-11-11	Two-Way, Divided, Unprotected (painted>4feet) Medium	Dry	Dark - Lighted	Clear	Not a Collision Between Two Motor Vehicles in Transport	No	No Controls	4	1	Pain Reported	NA	41.836	-71.41949	FALSE	FALSE	Douglas Ave and Douglas Ave, Providence, RI, USA	Med High	Unknown	distance greater than 100m	TRUE	NA	NA	2012	November	NA	NA
2976	2012-12-04	161035	17:17:00	Pedestrian	1	NA	FALSE	FALSE	1	W EXCHANGE ST	W EXCHANGE ST EXIT 22A	2012-12-04	Two-Way , Not Divided	Wet	Dark - Lighted	Cloudy	Not a Collision Between Two Motor Vehicles in Transport	No	No Controls	3	1	Pain Reported	NA	41.82485	-71.41611	FALSE	FALSE	W Exchange Street and W Exchange St Exit 22a, Providence, RI, USA	Med	Unknown	distance greater than 100m	TRUE	NA	NA	2012	December	NA	NA
2972	2012-12-09	161646	06:15:00	Pedestrian	1	NA	FALSE	FALSE	1	ATWELLS AVE	ATWELLS AVE	2012-12-09	One-Way Trafficway	Wet	Dark - Lighted	Clear	Not a Collision Between Two Motor Vehicles in Transport	Yes	Traffic Control Signal	1	1	Pain Reported	NA	41.82307	-71.4195	FALSE	FALSE	Atwells Ave and Atwells Ave, Providence, RI, USA	Med	Unknown	distance greater than 100m	TRUE	NA	NA	2012	December	NA	NA
2950	2013-01-02	164257	19:00:00	Pedestrian	1	NA	FALSE	FALSE	1	DOUGLAS AVE	DOUGLAS AVE	2013-01-02	Two-Way , Not Divided	Dry	Dark - Lighted	Clear	Unknown	Yes	No Controls	1	1	Pain Reported	NA	41.84915	-71.43258	FALSE	FALSE	Douglas Ave and Douglas Ave, Providence, RI, USA	Med High	Unknown	distance greater than 100m	TRUE	NA	NA	2013	January	NA	NA